timestamp,speed_mps,load_tph,tension_kn,vibration_rms,bearing_temp_c,health_state
2026-09-01 00:00:00,3.5496714153011233,1178.8120158988647,43.64301053902555,2.456973035062321,56.044858743000454,0
2026-09-01 00:00:01,3.4861735698828817,1177.3292945808073,44.38900107389269,2.490203228877907,55.849970777607,0
2026-09-01 00:00:02,3.5647688538100692,1110.2178413684992,43.80523787790971,2.5192884635762747,52.190440462583524,0
2026-09-01 00:00:03,3.6523029856408025,1183.495490414928,45.22083609389224,2.784058438493854,56.738752665291216,0
2026-09-01 00:00:04,3.4765846625276664,1236.6414540910873,47.394357062923824,2.275834807453977,50.529751973270145,0
2026-09-01 00:00:05,3.4765863043050818,1136.2883940461602,43.45791568571759,2.246095902546202,53.037447022719014,0
2026-09-01 00:00:06,3.657921281550739,1252.4241325525297,47.00164099553683,2.8709859226428924,49.00273656130658,0
2026-09-01 00:00:07,3.576743472915291,1224.388741054217,43.43665585530623,2.3612065774356106,59.675879550888446,0
2026-09-01 00:00:08,3.453052561406505,1163.2883339014481,43.30474557500623,2.12108939392688,54.305351518164116,0
2026-09-01 00:00:09,3.5542560043585967,1192.9235181331076,46.637189236686424,2.354461017370039,61.50065210444893,0
2026-09-01 00:00:10,3.4536582307187538,1279.9160903820516,46.84387275601523,2.4009841794268,57.40884977955849,0
2026-09-01 00:00:11,3.4534270246429744,1236.6773906752933,46.70281987352531,2.9664888183177296,56.34429464005307,0
2026-09-01 00:00:12,3.5241962271566036,1200.4391827449074,42.368405183563716,2.777447863713021,53.241316917157,0
2026-09-01 00:00:13,3.30867197553422,1188.1158341519508,44.0680980438559,2.8442561849896726,51.86094989293774,0
2026-09-01 00:00:14,3.3275082167486967,1203.830453522583,46.64597718400664,2.7459920927040358,56.56891472169084,0
2026-09-01 00:00:15,3.4437712470759028,1174.4118221028848,45.08308368112779,2.7838731014845943,54.78545797218106,0
2026-09-01 00:00:16,3.3987168879665575,1094.7625247140493,42.85261430760507,2.2935753620259045,50.9821890535441,0
2026-09-01 00:00:17,3.531424733259527,1302.1088955267364,45.91663587825089,2.440419353393955,50.449424750475046,0
2026-09-01 00:00:18,3.409197592447879,1207.76624995997,43.57038548201706,2.2030254060929355,52.12388881256925,0
2026-09-01 00:00:19,3.3587696298664707,1219.907363256127,48.58904969678442,2.43685359083889,60.46290167579869,0
2026-09-01 00:00:20,3.6465648768921555,1197.1046125061546,48.08968292483652,2.705231497280422,61.639833754033916,0
2026-09-01 00:00:21,3.4774223699513462,1163.2441599637707,46.20819485271114,2.540374985443674,55.61496744192673,0
2026-09-01 00:00:22,3.5067528204687926,1190.7037759525615,47.72201340953955,2.8934442456880887,55.446828388723866,0
2026-09-01 00:00:23,3.357525181378654,1120.0302618902845,45.129582700246765,2.157575262331834,53.99103888451144,0
2026-09-01 00:00:24,3.445561727547482,1313.8543249026652,46.53087498875003,2.650071505209472,52.19654395507149,0
2026-09-01 00:00:25,3.5110922589709865,1138.2744000788803,47.95544059060415,2.1255091594392046,59.12553717282173,0
2026-09-01 00:00:26,3.3849006422577697,1148.4016858076411,45.490997363588626,2.528252940752093,60.62072918169141,0
2026-09-01 00:00:27,3.537569801834567,1177.9870397806799,44.489625656971434,2.7221000267669435,52.31974274248214,0
2026-09-01 00:00:28,3.4399361310081193,1264.403786242619,41.59075608364577,2.4356492299527344,54.751484864726194,0
2026-09-01 00:00:29,3.4708306250206724,1200.7254499631326,44.833732948557014,2.6653379812260867,53.6504010978695,0
2026-09-01 00:00:30,3.43982933877706,1138.193210198477,46.646846369124624,2.2120802995501196,53.739282775405066,0
2026-09-01 00:00:31,3.685227818450894,1262.716918037867,46.89126685513526,2.000893006541085,58.55772476628959,0
2026-09-01 00:00:32,3.4986502775262065,1236.550031339274,46.00873013143682,2.667108886746341,51.064115363901635,0
2026-09-01 00:00:33,3.39422890710441,1226.9217478608225,43.91740181007552,3.0232030702227197,56.39940907280892,0
2026-09-01 00:00:34,3.582254491210319,1235.786712058542,41.046356862104815,2.2011865179490324,57.184714321917596,0
2026-09-01 00:00:35,3.3779156350028976,1319.7180950291227,44.00956980399053,2.8666582540320387,54.57354647919454,0
2026-09-01 00:00:36,3.5208863595004756,1309.2547447518057,44.391310257892094,2.5130270226449234,57.67920348096032,0
2026-09-01 00:00:37,3.3040329876120222,1165.6642328498353,44.37414206561997,2.0992925434920773,55.44295552161235,0
2026-09-01 00:00:38,3.367181395110157,1281.1942496405577,46.23711271395585,2.1605484095943512,58.65138976346834,0
2026-09-01 00:00:39,3.5196861235869124,1219.158409487945,48.97135282202968,2.504735432008195,50.433384085222436,0
2026-09-01 00:00:40,3.573846657999541,1224.9547908068876,45.24705840368219,2.378661313622769,53.953674216979394,0
2026-09-01 00:00:41,3.517136828118997,1115.3864584178336,44.566536421687076,2.1061261069725283,54.784560571446896,0
2026-09-01 00:00:42,3.488435171761176,1191.4807117305902,44.481556373991815,1.9917882156323785,46.98337784658595,0
2026-09-01 00:00:43,3.469889630441071,1159.3588204831717,45.24876953381543,2.2459842016220484,51.742141799264395,0
2026-09-01 00:00:44,3.352147800963257,1241.4029407446656,43.343412479303204,2.5581427024993353,52.55920223692364,0
2026-09-01 00:00:45,3.428015579160529,1253.5540250201402,45.24039711749211,2.498079774219059,57.84461798447005,0
2026-09-01 00:00:46,3.4539361229040213,1096.2756824491844,45.9016246726636,2.3496286127499766,52.8794699610562,0
2026-09-01 00:00:47,3.6057122226218916,1198.8982567997864,45.419372127148975,2.560566158287445,52.54576303808207,0
2026-09-01 00:00:48,3.534361828956846,1256.0930752397126,45.91508386800956,2.8120080159588063,57.452457341968575,0
2026-09-01 00:00:49,3.3236959844637264,1190.6660518843278,45.86749521869707,2.618237953130244,50.14626806262984,0
2026-09-01 00:00:50,3.5324083969394797,1236.4531822501183,41.456206635507115,2.4636073985831257,48.78626779766928,0
2026-09-01 00:00:51,3.4614917719583684,1217.5582733813542,46.27374031679081,2.7784216019982066,53.91522309979196,0
2026-09-01 00:00:52,3.4323077999694043,1217.0830115976314,43.65797030867509,2.2120449093351113,50.656879695764935,0
2026-09-01 00:00:53,3.5611676288840868,1186.434251096585,42.80832167399208,2.4325241381333944,50.77096211602105,0
2026-09-01 00:00:54,3.603099952249595,1139.1709597932145,42.79109634429001,2.4396736193198896,56.72030137506395,0
2026-09-01 00:00:55,3.59312801191162,1143.9234926287486,45.867083220945055,2.1289140224671463,57.62792151373774,0
2026-09-01 00:00:56,3.4160782476777363,1235.467625722766,44.5548501455503,2.3740377513146926,57.366592647556374,0
2026-09-01 00:00:57,3.4690787624148784,1200.9729127759442,41.63606243202918,1.877512095731409,58.3263299809217,0
2026-09-01 00:00:58,3.5331263431403563,1193.0743877696389,45.95607563038457,3.073653414298886,58.7234029600444,0
2026-09-01 00:00:59,3.597554512712236,1178.8054978838825,42.120783738402345,2.218775863469106,48.61422937351921,0
2026-09-01 00:01:00,3.452082576215471,1184.7405577259624,45.279642717036424,2.9758342394263937,56.3512358797884,0
2026-09-01 00:01:01,3.481434102333618,1252.3455897244069,45.476997851346106,2.5114253517158476,53.411175401291324,0
2026-09-01 00:01:02,3.389366502599397,1183.2377959065986,46.77115416339009,2.6694592396467876,52.757727262028695,0
2026-09-01 00:01:03,3.380379337591933,1132.9467643349217,48.5633695729337,2.3533600604947207,56.681243896626114,0
2026-09-01 00:01:04,3.58125258223942,1237.1825887770087,42.270647348198914,2.5623789075885024,49.809113560312746,0
2026-09-01 00:01:05,3.635624002857082,1189.7561668067642,44.8950522878739,2.6951468919965307,49.74667418238304,0
2026-09-01 00:01:06,3.4927989878419665,1201.5697932766388,44.44732940991157,2.6993657243182545,56.900718232245154,0
2026-09-01 00:01:07,3.6003532897892025,1280.3789153199755,45.86749937192192,2.7324320170223073,56.46335805253269,0
2026-09-01 00:01:08,3.5361636025047636,1198.9719721324745,45.43133754186724,2.389500186988247,55.41019796761453,0
2026-09-01 00:01:09,3.4354880245394877,1214.4591836559362,44.29490751452676,2.3558920982525935,52.36025978583059,0
2026-09-01 00:01:10,3.536139560550841,1141.0538254350838,44.11819562277829,2.021747102419719,57.231488903746374,0
2026-09-01 00:01:11,3.653803656646597,1189.016527382452,42.7670982896319,2.656965703353081,57.04090867618143,0
2026-09-01 00:01:12,3.496417396089005,1230.47630226043,46.97572316481302,2.8247136133970328,55.25591354514236,0
2026-09-01 00:01:13,3.6564643655814004,1122.2313133079379,45.918408363199056,2.9847945039753787,51.46803687619069,0
2026-09-01 00:01:14,3.2380254895910254,1210.0422546557854,46.835536395590275,2.5915517903741523,53.72425496281148,0
2026-09-01 00:01:15,3.5821902504375225,1205.0395536322403,44.37920772704897,2.2700560681274293,57.51350103257333,0
2026-09-01 00:01:16,3.508704706823817,1202.064372779372,43.68632906261114,1.9908711570131634,58.98157366840536,0
2026-09-01 00:01:17,3.4700992649534133,1251.8579449329122,42.84336986674155,2.812500019925005,54.020390189871016,0
2026-09-01 00:01:18,3.5091760776535503,1216.721925742426,45.71783516748132,1.9611170299667393,54.25098109657521,0
2026-09-01 00:01:19,3.3012431085399108,1273.9035949178221,42.92041355094353,2.39781877667687,54.51493267592482,0
2026-09-01 00:01:20,3.4780328112162486,1150.3205242202982,48.6973261379331,2.4327079516169063,55.824679026732916,0
2026-09-01 00:01:21,3.5357112571511746,1206.7962283609174,42.38471483781312,2.479163458644694,53.25679809981993,0
2026-09-01 00:01:22,3.6477894044741515,1204.2233393194974,45.547320238425,2.510740780010752,46.31744482728525,0
2026-09-01 00:01:23,3.4481729781726354,1146.537275312246,48.13370941442757,2.5414442669102724,58.57830700494129,0
2026-09-01 00:01:24,3.419150639710681,1247.8147501045673,46.19817951852762,1.775391021376441,60.38406684148765,0
2026-09-01 00:01:25,3.4498242956415464,1316.2336652926408,45.35134742498356,2.504396772961038,53.162800421182865,0
2026-09-01 00:01:26,3.5915402117702073,1199.1496962758085,43.06303270607621,1.8311273277664368,51.80003989324368,0
2026-09-01 00:01:27,3.5328751109659686,1225.2510544136883,42.236461622864596,2.7196654219272984,54.58869843282933,0
2026-09-01 00:01:28,3.447023979623296,1204.2259237907663,46.540100217835175,2.3334624532589165,54.43748834881368,0
2026-09-01 00:01:29,3.5513267433113356,1164.3207665046411,48.012294481549894,1.852888982432995,57.98655573148888,0
2026-09-01 00:01:30,3.509707754934804,1108.9619861098993,44.12230001904366,2.2557385967843873,55.16391832493511,0
2026-09-01 00:01:31,3.596864499053289,1164.7113258452318,42.7218769847673,2.328977398244604,52.62213150888645,0
2026-09-01 00:01:32,3.429794690612265,1130.4020809524134,40.08366113890196,2.8572098852665015,51.044771648325856,0
2026-09-01 00:01:33,3.4672337853402233,1285.205103902956,43.038470312674924,2.5589913225250736,57.59690255445902,0
2026-09-01 00:01:34,3.460789184686784,1194.244515303838,44.77268631500192,2.6033334833051742,56.798533723492746,0
2026-09-01 00:01:35,3.353648505186788,1182.7040335476415,48.198246481673465,2.8543664902661803,58.181679634275454,0
2026-09-01 00:01:36,3.5296120277064578,1244.4576912393902,46.34626738446594,2.471156713622653,52.09543974783672,0
2026-09-01 00:01:37,3.526105527217989,1143.9124448572056,45.6101708094135,2.726256388309721,60.51531069858499,0
2026-09-01 00:01:38,3.500511345664246,1161.6567980997725,44.19976067739774,2.7051583341795977,49.76891647882829,0
2026-09-01 00:01:39,3.4765412866624854,1203.403613462431,43.83366856548809,2.1140591519291765,57.12880306420444,0
2026-09-01 00:01:40,3.3584629257949588,1251.438449571174,47.81129519501593,2.941895073288949,49.271251698409294,0
2026-09-01 00:01:41,3.457935467723464,1225.0842522584394,45.40147708151678,2.0739094659787916,52.6290058549046,0
2026-09-01 00:01:42,3.465728548347323,1212.4162571257941,40.794798616157955,2.7752099948433546,59.68306879134388,0
2026-09-01 00:01:43,3.419772273077838,1203.9058867618007,43.65292070420551,2.0448780889283102,57.49409276342797,0
2026-09-01 00:01:44,3.483871428833399,1220.0117927763388,43.28356793645675,2.680371036445502,53.361338753538455,0
2026-09-01 00:01:45,3.5404050856814537,1210.0826452564627,43.907471981645074,3.058574463445052,53.44348887153494,0
2026-09-01 00:01:46,3.688618590121053,1148.5013862611531,46.12582132057017,2.4361064030349366,55.30186633250633,0
2026-09-01 00:01:47,3.5174577812831838,1202.3039610816575,44.7851102364115,2.423093307144056,56.54242297228217,0
2026-09-01 00:01:48,3.5257550390722763,1146.3155670541123,44.846269185992675,2.6831319997950547,58.75473814804809,0
2026-09-01 00:01:49,3.4925554084233834,1204.054127145041,47.626946322650475,2.401181063211237,53.631297986174516,0
2026-09-01 00:01:50,3.308122878470096,1175.967602925588,43.607077820426625,3.0454836111228465,50.164644809538395,0
2026-09-01 00:01:51,3.4973486124550783,1326.969081139143,48.7283990517747,2.5576576748376088,55.47090588114628,0
2026-09-01 00:01:52,3.506023020994103,1198.0052808124144,43.65738481725783,2.4039491475337824,53.627707487474815,0
2026-09-01 00:01:53,3.7463242112485284,1129.7880216869205,45.17839639322514,2.337914341631295,51.09809888575466,0
2026-09-01 00:01:54,3.4807639035218876,1193.2909894661539,44.43759280919446,2.2201154589480936,55.893006745938386,0
2026-09-01 00:01:55,3.5301547342333612,1225.9679372818944,45.24683826700192,2.311673503972753,54.360658737721636,0
2026-09-01 00:01:56,3.4965288230294758,1283.668197307626,45.88918399014626,2.394797981902421,55.919536619409385,0
2026-09-01 00:01:57,3.383132196238047,1170.527380003064,45.86767048017775,2.353708277950426,52.31666739943846,0
2026-09-01 00:01:58,3.614282281451502,1120.878601298818,43.49376533875884,2.302547417758869,56.460131590976495,0
2026-09-01 00:01:59,3.5751933032686773,1240.841850571549,42.75417064510486,3.129652369105732,51.048705409735064,0
2026-09-01 00:02:00,3.5791031947043046,1130.9700647050174,50.00634358181142,2.190971477053153,52.51680583091025,0
2026-09-01 00:02:01,3.409061254520526,1178.1922279246257,44.03203132079889,2.5439897762938526,54.271257306738164,0
2026-09-01 00:02:02,3.6402794310936097,1187.1189757244504,46.39842487734397,2.6777563029282616,60.22545524487914,0
2026-09-01 00:02:03,3.359814893720772,1196.5183273349946,41.78471737895361,2.6890323986751197,57.35447610564548,0
2026-09-01 00:02:04,3.558685709380027,1234.4582228537167,44.44077456019065,2.4824178772652585,58.23157751280337,0
2026-09-01 00:02:05,3.7190455625809977,1165.8182858856806,44.74560123203511,2.427789228445807,59.251231100029436,0
2026-09-01 00:02:06,3.4009463674869314,1186.313537391662,45.945630139855666,2.635464247371852,65.80849640743261,0
2026-09-01 00:02:07,3.443370227039723,1199.2864823525306,39.55509171801612,2.57995649499346,55.1247672026753,0
2026-09-01 00:02:08,3.509965136508764,1207.4798978759395,45.33228122615666,2.422312349569746,59.26120276938957,0
2026-09-01 00:02:09,3.44965243458838,1204.8913587353961,42.70051708926422,2.031436428482671,58.03790576320582,0
2026-09-01 00:02:10,3.344933656893387,1221.800288761129,45.648691422389845,2.359622883300026,57.988097509922575,0
2026-09-01 00:02:11,3.506856297480603,1242.191975482087,42.92734160632367,2.1560349508877628,60.322718854120545,0
2026-09-01 00:02:12,3.3937696286273895,1219.6317057825484,43.28903460814884,2.299852134980102,53.74206090704657,0
2026-09-01 00:02:13,3.5473592430635184,1222.679276175461,44.45274477921346,2.509966971555088,53.50394492819086,0
2026-09-01 00:02:14,3.4080575765766197,1120.8888416626762,42.89534106079361,2.6076208431989847,55.959296540445585,0
2026-09-01 00:02:15,3.654993440501754,1202.511384958284,44.04893110652929,3.0341358253877218,54.45190068423434,0
2026-09-01 00:02:16,3.421674670766376,1223.9753774000803,42.61324846291337,2.3387780863288556,55.95550255899452,0
2026-09-01 00:02:17,3.4677938483794324,1236.4470597285226,41.333659096602545,2.732387690582545,59.68824635515904,0
2026-09-01 00:02:18,3.581351721736967,1165.3824612883102,47.03591410485872,2.591788007331351,53.56555983188117,0
2026-09-01 00:02:19,3.3769135683566045,1167.0480362555677,42.407902614352146,2.888799301191937,54.085963112218806,0
2026-09-01 00:02:20,3.522745993460413,1171.29496623582,44.64263822478403,2.672868615878688,55.522933010579735,0
2026-09-01 00:02:21,3.6307142754282427,1226.8206949945672,46.50578216298757,2.197455571814105,54.315044721924494,0
2026-09-01 00:02:22,3.3392516765438773,1251.6940527462104,43.77011179496792,1.9830861912126307,49.25798251595954,0
2026-09-01 00:02:23,3.5184633858532304,1179.62699463542,43.34966820050892,2.5933785099002513,53.25961707190318,0
2026-09-01 00:02:24,3.5259882794248423,1245.3981156813525,45.452476177334844,2.3414647006298828,57.06211972671251,0
2026-09-01 00:02:25,3.578182287177731,1206.1739904582298,47.235867645454306,2.2059058762148207,59.31264025279794,0
2026-09-01 00:02:26,3.376304928912192,1193.7857111418782,42.661369469827065,2.1197266886400765,51.53614429738682,0
2026-09-01 00:02:27,3.3679543386915722,1189.4307885091016,44.69970433596512,2.5482926492761466,51.522152802307474,0
2026-09-01 00:02:28,3.55219415656169,1237.330568230108,41.535010810065344,2.9523123097940096,55.09070140815201,0
2026-09-01 00:02:29,3.5296984673233185,1216.2788908393536,44.21359799263562,2.3773982962881877,48.77321480536649,0
2026-09-01 00:02:30,3.5250492850345876,1313.7912713823819,45.06840936907615,2.6770810933225966,53.66508939103862,0
2026-09-01 00:02:31,3.5346448209496977,1157.3887678501337,43.29075071648987,2.469320094934722,49.79187382134582,0
2026-09-01 00:02:32,3.431997527842151,1225.9050851014988,44.08601633234954,2.113185373268982,59.1071838995274,0
2026-09-01 00:02:33,3.5232253697161005,1173.5399495094243,42.1835464633851,2.720443403053125,52.69200653694879,0
2026-09-01 00:02:34,3.5293072473298683,1156.5356506505677,45.15415722276299,2.171592386791789,59.958502559017084,0
2026-09-01 00:02:35,3.428564858197363,1199.4566431482515,47.1113884977663,2.5064879891780696,58.340564060375016,0
2026-09-01 00:02:36,3.6865774511144758,1206.8676239703518,42.805712260459075,2.3975438754984086,53.06104810690775,0
2026-09-01 00:02:37,3.5473832920911788,1345.9086777530047,43.754656466895234,2.7679232303697074,51.78412108946177,0
2026-09-01 00:02:38,3.380869650279735,1190.79270921584,46.00509249290836,2.182554702258794,54.419362752497236,0
2026-09-01 00:02:39,3.565655360863383,1143.4910635257659,47.42418143864547,2.617260972340588,54.68606012722539,0
2026-09-01 00:02:40,3.402531832977268,1213.6505358747193,42.013620375582136,2.2480607777953896,56.0384408318572,0
2026-09-01 00:02:41,3.578708460374245,1096.2679981226815,44.6624305251681,2.3466684363013646,52.67037013140946,0
2026-09-01 00:02:42,3.61585955790074,1195.4021608697867,45.56626164463905,1.4094399317379693,57.23918462056661,0
2026-09-01 00:02:43,3.417931768164829,1200.801264114758,44.7958872187423,3.1276295714853726,55.7959841649997,0
2026-09-01 00:02:44,3.596337612924432,1239.7300191472605,40.04641586624582,2.6651670798478695,53.97881452985241,0
2026-09-01 00:02:45,3.54127809269365,1248.6811124713925,46.002180018617544,2.2697957542185505,52.863878033745934,0
2026-09-01 00:02:46,3.582206015999449,1174.821519054614,48.03867270218129,2.162603293500102,54.44534505070394,0
2026-09-01 00:02:47,3.6896792982653945,1192.4692992685034,45.233323502339005,2.351305374136198,52.54929624451729,0
2026-09-01 00:02:48,3.475461188399713,1161.6939584694665,42.937787893411475,2.7150638604458353,55.17531608465076,0
2026-09-01 00:02:49,3.424626383564251,1143.5968722596153,43.97374550727143,1.9323745223245223,55.25631605565973,0
2026-09-01 00:02:50,3.411048557037448,1215.4947389690317,48.53982613531119,2.4575246742116987,55.78512185042902,0
2026-09-01 00:02:51,3.4184189715034563,1136.3207225701701,46.81992508172112,3.031192561738802,60.29872722901556,0
2026-09-01 00:02:52,3.4922898290585898,1179.268654971407,46.28005323676866,2.159816099209659,54.60266584090128,0
2026-09-01 00:02:53,3.5341151974816643,1150.241302005038,45.71282516706875,2.5241155116290965,58.01379360137345,0
2026-09-01 00:02:54,3.527669079933002,1227.484159314513,43.67772577561806,3.1609929445773273,55.68876219092711,0
2026-09-01 00:02:55,3.5827183249036025,1290.0715049633245,44.598857638688465,2.6896454889072317,54.285267094304636,0
2026-09-01 00:02:56,3.501300189187791,1134.9206008598335,44.84415452864297,2.5377771461456367,54.642522190146295,0
2026-09-01 00:02:57,3.6453534077157315,1107.3490758551216,46.09914863212889,2.651990936472701,54.82352077249585,0
2026-09-01 00:02:58,3.4735343166762043,1193.7556557324967,48.017837788533804,2.379740399497089,55.83930312318465,0
2026-09-01 00:02:59,3.772016916658962,1200.784889797888,47.236676273586255,2.889889385591032,52.12203770434309,0
2026-09-01 00:03:00,3.5625667347765004,1210.932965337865,42.16123128840792,2.3802009931299364,50.6039788496651,0
2026-09-01 00:03:01,3.4142842443583716,1177.6839742382826,45.4479899378021,1.912245517379207,56.96289218042283,0
2026-09-01 00:03:02,3.392910750193889,1189.9680350587284,46.473526690335795,2.382609068817862,57.69437149774378,0
2026-09-01 00:03:03,3.5482472415243187,1218.3755205270302,46.23772066028927,2.209979641036989,57.23690749840841,0
2026-09-01 00:03:04,3.477653721467415,1252.021544632242,43.74153247322516,2.415641796340771,55.46491605566942,0
2026-09-01 00:03:05,3.5714000494092093,1102.247561484086,50.828218431536726,2.4222747822758106,57.301673882359864,0
2026-09-01 00:03:06,3.5473237624573546,1181.553028048427,42.44583087533776,2.859226959941472,57.14028707805143,0
2026-09-01 00:03:07,3.4927171087343125,1210.690439697053,42.8336231066679,2.7085878179993155,57.36288807686486,0
2026-09-01 00:03:08,3.4153206281931596,1154.1011947694633,45.46719016252315,2.578979646272619,52.42137753597366,0
2026-09-01 00:03:09,3.3485152775314138,1286.5584815883649,49.233606109927706,2.4991163766002216,51.70914460853611,0
2026-09-01 00:03:10,3.4553485047932977,1168.2295059885632,43.32761029859166,2.182342597342602,53.83429225974319,0
2026-09-01 00:03:11,3.5856398794323474,1197.935365649636,44.468343268706015,1.8456474287002966,54.94784767137203,0
2026-09-01 00:03:12,3.5214093744130204,1227.8011048421145,47.154587346031384,2.533948003417835,54.27423661860313,0
2026-09-01 00:03:13,3.3754261221288013,1170.4357605599052,44.96427569022453,2.7383923610720977,49.36992900598637,0
2026-09-01 00:03:14,3.517318092585118,1107.671347609779,44.33079229093941,2.467499835026623,60.16507783640543,0
2026-09-01 00:03:15,3.5385317379728836,1178.5672736541733,46.13126580377344,2.33954370316399,54.17786203334279,0
2026-09-01 00:03:16,3.411614256379887,1251.472027796352,45.54503598045919,2.6393506495642636,55.51811324973086,0
2026-09-01 00:03:17,3.5153725105945526,1183.155243660743,47.06087757127358,2.475000339812696,58.73364697228918,0
2026-09-01 00:03:18,3.5058208718446,1157.678284927051,47.58293777813073,3.005723257592188,47.965083191436385,0
2026-09-01 00:03:19,3.3857029702169377,1246.2836104751361,45.61400612001072,2.869818502620485,53.46491838426486,0
2026-09-01 00:03:20,3.5357787360348283,1183.4612551988473,45.58346545075662,2.7878524171069987,53.83864817926059,0
2026-09-01 00:03:21,3.5560784526368234,1174.491959317489,45.428221964572266,2.727320234262971,53.991069863648065,0
2026-09-01 00:03:22,3.6083051243175275,1207.4728044831654,45.97826111329857,2.1129497756645628,54.479540227858145,0
2026-09-01 00:03:23,3.6053802052034905,1238.5375104809393,45.110341275742925,2.69889811061578,59.341404395334536,0
2026-09-01 00:03:24,3.362233063204291,1319.0856765866274,44.99878303535542,2.6128977872939725,57.02037662718167,0
2026-09-01 00:03:25,3.406217496008488,1241.3618053828711,47.39325424165448,2.681927418517349,57.87410580588649,0
2026-09-01 00:03:26,3.551503526720866,1257.9919983194172,48.03223236071008,2.6477828460439157,55.14136081543277,0
2026-09-01 00:03:27,3.551378595091221,1174.7016900506073,41.98489411073316,2.6358287763544195,50.8018808615635,0
2026-09-01 00:03:28,3.551504768630605,1148.7065947015262,45.02004230348114,3.3102599408648783,48.76090889456198,0
2026-09-01 00:03:29,3.885273149065472,1203.116567480956,43.62261113310953,2.4771442990144243,50.41177683030511,0
2026-09-01 00:03:30,3.5570890510693167,1205.3584957629798,44.378057067027854,2.780901214248799,56.07929711249806,0
2026-09-01 00:03:31,3.61355656401806,1146.07436293177,45.80503241947064,2.358703056920799,55.09530913809291,0
2026-09-01 00:03:32,3.59540017634932,1191.2352735047994,46.33887674308494,2.7371924751663017,54.369509057331975,0
2026-09-01 00:03:33,3.56513912513058,1219.9658800859565,44.77574711277731,2.7817959670697365,53.89426927977959,0
2026-09-01 00:03:34,3.4684730755359654,1218.019669750904,41.17331933055439,2.6093278231406045,61.03516472632824,0
2026-09-01 00:03:35,3.575896922049327,1225.2143926692136,43.06990883884764,3.00077408271295,52.53128922707057,0
2026-09-01 00:03:36,3.4227174785462426,1214.5482365068722,46.79299934040033,2.234717189091875,57.78345836834818,0
2026-09-01 00:03:37,3.476318139325999,1174.6495670364973,39.519147155930135,2.3538337174995334,55.00573880806298,0
2026-09-01 00:03:38,3.4514636452170895,1174.304968667558,47.374854303364,2.5637140258070468,54.81718146464201,0
2026-09-01 00:03:39,3.508187413938632,1140.0524301003063,46.042459981289085,2.7642420560452665,58.52991264585023,0
2026-09-01 00:03:40,3.731465856667351,1289.2387519592548,47.63235216306004,2.55382885638848,59.387591148074335,0
2026-09-01 00:03:41,3.313273480740825,1200.6725182309647,44.60286162623808,2.88572771095317,54.28135162934549,0
2026-09-01 00:03:42,3.5686260190374512,1188.7573472102574,40.87718915195419,2.3014930387101042,57.397608157726424,0
2026-09-01 00:03:43,3.338728412881035,1153.5603959273772,45.860725283013,2.157826453153434,56.09167408645016,0
2026-09-01 00:03:44,3.4528068134210566,1346.782895116389,47.54930624807668,2.5924385009609514,55.022311416429744,0
2026-09-01 00:03:45,3.6088950596967364,1146.3335983888553,46.84944361102684,2.476845917165891,55.61276482797108,0
2026-09-01 00:03:46,3.5064280019095464,1178.5576037196963,43.67461703302393,2.662859116107466,52.93597355546549,0
2026-09-01 00:03:47,3.3922255222070694,1220.791841814303,45.173522150925294,2.4917793127400487,54.08170182000674,0
2026-09-01 00:03:48,3.4284696290740033,1230.0106482872138,43.93432746244015,2.397994062812963,53.258094160741884,0
2026-09-01 00:03:49,3.5679597748934677,1247.8966027607842,43.361467071621256,2.477518728482883,57.704130149286755,0
2026-09-01 00:03:50,3.4269633368282864,1290.3804253884632,46.9107771423597,2.5086546684379556,54.71439665337681,0
2026-09-01 00:03:51,3.5216458589581974,1225.3078827730355,42.60493537746967,2.4085056100455007,51.10685792615489,0
2026-09-01 00:03:52,3.5045571839903813,1147.1984600016667,43.212367138836775,2.4390603861029714,52.829688330510734,0
2026-09-01 00:03:53,3.4348399652394184,1187.1527437439108,42.79194873305523,2.3789219989039267,45.40220606436347,0
2026-09-01 00:03:54,3.7143944089325327,1215.3916186256943,42.019504953401906,2.756999535960822,53.516522194353556,0
2026-09-01 00:03:55,3.563391902231801,1303.4113020752911,45.29282858368521,2.5582063013517398,55.11293519529145,0
2026-09-01 00:03:56,3.2974857413342393,1130.1097260787851,47.32300609696395,3.17702574165063,54.59159245339908,0
2026-09-01 00:03:57,3.518645431476943,1260.1288252612615,44.63024648750947,2.5482113653835388,60.940463054594176,0
2026-09-01 00:03:58,3.433821353523161,1208.995718477321,41.98850439887167,2.3347427589014016,56.72471812274511,0
2026-09-01 00:03:59,3.5852433334796223,1241.891526761474,46.679889079484056,3.3012026124589195,56.591355559267456,0
2026-09-01 00:04:00,3.42074792615673,1194.9002641682034,48.371403508069946,2.6240879133143005,50.070192896289164,0
2026-09-01 00:04:01,3.48852635585331,1157.8783684936836,43.70751535170681,2.797037436067845,53.9060738376486,0
2026-09-01 00:04:02,3.5504987278980455,1237.5436389700667,44.04289146656456,2.6776308949607475,53.54001157802891,0
2026-09-01 00:04:03,3.5865755194170124,1232.721551355281,46.03132126016679,2.686903308789325,52.641756403575975,0
2026-09-01 00:04:04,3.3799703592944224,1248.602848286986,48.243747495570105,2.6606962154057423,52.60035800345996,0
2026-09-01 00:04:05,3.4665498764159053,1199.3347682310682,43.960331708549546,2.1693746305671806,49.575631138175126,0
2026-09-01 00:04:06,3.4525054688839045,1170.0088988340076,42.33510043800359,2.6102587142684235,51.172440385956016,0
2026-09-01 00:04:07,3.434667076742629,1122.0606502488079,46.26283721254481,2.1025416088449282,57.622280208294846,0
2026-09-01 00:04:08,3.6765454240281095,1240.9686634069703,46.598136146284595,2.4476911490762396,54.571255924020456,0
2026-09-01 00:04:09,3.5404981710960954,1221.1944741221994,45.012262900870454,2.282314763031014,53.480792745177,0
2026-09-01 00:04:10,3.3739116045664956,1151.710868356802,43.8837334806851,2.607241055754617,54.983765996041875,0
2026-09-01 00:04:11,3.5917861947054774,1173.0713163351688,46.98875746198409,2.6002378742014702,58.50217203610345,0
2026-09-01 00:04:12,3.7122156197012632,1176.662059402428,46.05607200909593,2.644343767229556,55.012631562627355,0
2026-09-01 00:04:13,3.6032465260551145,1125.850778400879,43.46312896619301,2.586188971824726,56.62112239279311,0
2026-09-01 00:04:14,3.3480630034045986,1159.1158801697434,45.098189462611344,2.3179523974640803,52.46018547283523,0
2026-09-01 00:04:15,3.451576592713375,1143.3084821596824,42.296584935950705,2.421698953194496,53.14411014775984,0
2026-09-01 00:04:16,3.6266911149186623,1179.3760494056032,46.37178091287584,2.7761188483763455,56.06193065519103,0
2026-09-01 00:04:17,3.429233053438122,1163.065125083522,44.475532861234285,2.82035700318832,60.67796112501134,0
2026-09-01 00:04:18,3.544381942814623,1118.6497539566626,44.12857833523053,2.1559650704120354,59.28932457854462,0
2026-09-01 00:04:19,3.5774634053429337,1301.129511528474,44.93425102969513,2.0407217102462063,56.74848420836842,0
2026-09-01 00:04:20,3.4073069528421915,1262.6270365514615,45.0806153986605,2.281933185038586,55.454301280482156,0
2026-09-01 00:04:21,3.49404746439382,1161.0490289240008,46.78986012313112,2.813562274609675,59.203208066881515,0
2026-09-01 00:04:22,3.1758732659930926,1213.6210698326804,46.18218106265044,2.8644652090549103,57.38403496913537,0
2026-09-01 00:04:23,3.397561235866571,1220.8732544910647,44.68718144241439,2.2225864358796485,48.119013932888016,0
2026-09-01 00:04:24,3.474743184860684,1259.554292738674,46.52733629943799,2.5921928061209014,51.83820745643433,0
2026-09-01 00:04:25,3.3752216818035152,1159.069748666996,45.801474507383226,3.0503293999420262,56.014420976073794,0
2026-09-01 00:04:26,3.6632411303931636,1254.6053391991213,44.14680072742792,2.6245934431721003,49.639097303347086,0
2026-09-01 00:04:27,3.3569858622039366,1172.6047347896533,44.75056368352703,2.926450985569928,52.307232985729414,0
2026-09-01 00:04:28,3.4559955513303016,1133.2068797915692,44.703554222313755,2.7996179710249294,52.90055516902608,0
2026-09-01 00:04:29,3.513074057728609,1236.2068279657249,46.0105226863484,2.2269403881316268,54.2315022812625,0
2026-09-01 00:04:30,3.6441273289066114,1264.5379212061214,44.26595477055672,2.4430055729508764,54.13770937532138,0
2026-09-01 00:04:31,3.356413784882056,1329.3954486765342,44.219181627156736,2.5104263434875542,54.13263871849952,0
2026-09-01 00:04:32,3.616316375215496,1140.0137367454893,48.937514618867915,2.531240016406402,57.47592255172094,0
2026-09-01 00:04:33,3.501023306101959,1234.9459842540396,46.87947096349421,2.7748986860315714,54.2043284036484,0
2026-09-01 00:04:34,3.4018491348952047,1179.5099378103234,43.47879867114972,2.6226054286826224,53.846109603786296,0
2026-09-01 00:04:35,3.546210347426327,1239.1679355262015,46.141881987884396,1.6191397168665653,50.952483687569455,0
2026-09-01 00:04:36,3.519905969557347,1126.4755224384376,45.23670013131036,2.1061479180721823,58.07303860595747,0
2026-09-01 00:04:37,3.4399783122841203,1136.8615112150717,45.78310235052019,1.8437857255071872,52.98550745815754,0
2026-09-01 00:04:38,3.506980208499002,1161.206258841676,45.274682649130206,2.5526095721966002,51.73890901599617,0
2026-09-01 00:04:39,3.461468640313824,1203.9482022834043,47.37928529097047,2.572146294840328,55.639271724606914,0
2026-09-01 00:04:40,3.5113517345251246,1167.9459366730823,45.691240689302894,2.5849674875832154,52.69917621285081,0
2026-09-01 00:04:41,3.5662130674521046,1232.952717195671,44.87582260357143,2.212321519685615,53.42214178061712,0
2026-09-01 00:04:42,3.658601681614535,1251.3447309128958,47.084381153966035,2.702243201535997,55.77538052295721,0
2026-09-01 00:04:43,3.376218450117315,1229.9788770622679,45.46657008217574,2.7148787489405586,54.02055212866133,0
2026-09-01 00:04:44,3.713303337465627,1280.9393819830434,45.242957158658115,2.1234552798384527,61.9348281259019,0
2026-09-01 00:04:45,3.3047912200477496,1220.791331472767,45.62804520497223,2.0601885395653383,54.77551437004241,0
2026-09-01 00:04:46,3.484821490496442,1139.1551644829917,44.81278195326727,2.4999604941319187,56.853514656637664,0
2026-09-01 00:04:47,3.558831720648458,1268.168825676917,45.01845398599094,3.037534682084008,49.174917857521166,0
2026-09-01 00:04:48,3.5280991867735034,1169.7421882197002,43.826610822476255,3.0099228226595924,52.41805260425581,0
2026-09-01 00:04:49,3.4377300480179405,1245.5209249842785,43.49766556075224,2.6690213081344156,51.73925891524986,0
2026-09-01 00:04:50,3.4791877749642723,1278.6867108277554,43.002859227035124,2.281000998525977,52.13686083009211,0
2026-09-01 00:04:51,3.450699906534117,1222.83440053652,42.21603342640585,2.7660527978465757,56.24661398151101,0
2026-09-01 00:04:52,3.4410635243055787,1125.1920593417676,43.240565277230885,2.3642727205572878,58.10669520333223,0
2026-09-01 00:04:53,3.5849602097021025,1154.0893916745104,44.65146593106615,2.269747888997857,56.033891513903534,0
2026-09-01 00:04:54,3.5357015485965047,1266.1372233442569,45.206235164891275,1.856809950513402,54.320066129301075,0
2026-09-01 00:04:55,3.4307090404739347,1191.5438657178593,44.45740687370472,2.5307146595042957,53.107434883862744,0
2026-09-01 00:04:56,3.5899599875433252,1203.9786767471082,40.288593019745285,2.3110397952587873,58.340799253559524,0
2026-09-01 00:04:57,3.5307299520876607,1237.9412208081806,48.149172715524685,2.5289291138585512,61.21376636246458,0
2026-09-01 00:04:58,3.581286211883896,1234.8161431040162,47.172960245780764,1.8101926911288815,55.40516711435107,0
2026-09-01 00:04:59,3.5629628841923613,1213.939990619273,45.89151970243426,2.5509480017751063,57.818089192214714,0
2026-09-01 00:05:00,3.417100498907793,1189.5665814389768,48.81498134510654,1.7706636508085116,56.03011104938643,0
2026-09-01 00:05:01,3.4439818959803032,1184.3665777133822,43.04527176503258,2.8263820759805656,57.26651471939677,0
2026-09-01 00:05:02,3.5747293605123263,1242.8949412645673,48.77525024125201,2.6565673702405252,51.50635966566965,0
2026-09-01 00:05:03,3.5610370265433464,1227.6784765533896,43.0695718464989,2.4164005685726235,53.53559115957363,0
2026-09-01 00:05:04,3.4979098406035853,1187.1349999691106,45.477475850582714,2.6688159580246236,56.18640832013675,0
2026-09-01 00:05:05,3.511732738330878,1254.105615649657,42.452325349731595,2.2065777212009343,58.63747283224594,0
2026-09-01 00:05:06,3.6277664895788426,1193.5482942435108,45.029388191088735,2.521712654684468,52.545597335086974,0
2026-09-01 00:05:07,3.440842861116417,1157.4168912832804,45.77233299599678,2.738432211538101,48.90010266687962,0
2026-09-01 00:05:08,3.554709738117004,1162.0514650548328,44.690619337730894,1.5717132252725832,53.505206720676256,0
2026-09-01 00:05:09,3.4797807347566105,1151.0629581845117,46.427754888180274,2.3658326920967427,58.03039214304475,0
2026-09-01 00:05:10,3.4782318796772778,1186.3794991698157,45.19802889897451,2.4932067609590876,50.24831322673645,0
2026-09-01 00:05:11,3.609877685198719,1261.6862139168097,43.95517054324498,2.44111191467627,51.46924032360525,0
2026-09-01 00:05:12,3.582541634898803,1159.7452409484745,43.86637336439532,2.9371305478682217,55.46775575815334,0
2026-09-01 00:05:13,3.5813509636000638,1209.4237880509052,46.62182754523139,2.1628296625231345,54.65208624171561,0
2026-09-01 00:05:14,3.630547880715433,1167.1655327186293,43.692515940386066,2.3136522269664312,56.78339944465968,0
2026-09-01 00:05:15,3.502100384163276,1186.984547936428,46.830805940969874,1.9252392921074655,51.31381971866326,0
2026-09-01 00:05:16,3.5681952971294963,1124.4979394007373,47.44542358566386,2.9530859953819437,54.025064217494,0
2026-09-01 00:05:17,3.4689733243406544,1188.9730885421732,41.66257227530774,2.42611295721736,58.585556207209294,0
2026-09-01 00:05:18,3.532416635248844,1190.314731009752,47.26585277460207,2.368477333588988,51.42131141908965,0
2026-09-01 00:05:19,3.4869856945632316,1227.0143972017847,49.1208453968894,2.484255195306786,59.43073688893081,0
2026-09-01 00:05:20,3.5096995964992717,1211.1640456627686,45.50400752240386,2.6908707485290972,51.79774904233393,0
2026-09-01 00:05:21,3.5595157025436914,1140.0803937523976,46.19816837058964,2.6042090210548374,57.54814473213283,0
2026-09-01 00:05:22,3.4181779316766527,1254.209912202177,47.074010648738316,3.2943652640671264,53.88112446936062,0
2026-09-01 00:05:23,3.709238727568546,1210.5151520110999,44.449035369641955,2.6361807665211323,51.56527522708307,0
2026-09-01 00:05:24,3.39939826185003,1209.9196758588744,45.36456044707574,2.3604263712492757,53.509302858542206,0
2026-09-01 00:05:25,3.378581138721227,1199.540882330743,42.37160094075378,2.331592978742816,56.634787564536985,0
2026-09-01 00:05:26,3.6158110873500067,1174.112127638889,45.2772700570609,2.3821723142749573,54.97943801529553,0
2026-09-01 00:05:27,3.5791662693962936,1210.8901169874364,45.996223991289085,2.049448922611049,58.35540823433003,0
2026-09-01 00:05:28,3.5624119817052153,1223.7794217964292,46.03232604585294,2.511959262247476,59.30722018280464,0
2026-09-01 00:05:29,3.562834550926428,1112.6552154327223,47.13084944719516,2.735040431862675,51.45090800404645,0
2026-09-01 00:05:30,3.4987753227153084,1173.0619581326953,43.45039564372894,2.315990919813029,51.23119256526896,0
2026-09-01 00:05:31,3.410274562851417,1187.2526514798205,43.93478648665301,2.2577859831147666,51.085618679137475,0
2026-09-01 00:05:32,3.507580455819373,1212.808530284714,48.79101469198271,2.95478354388827,52.30241171185594,0
2026-09-01 00:05:33,3.4322838288487887,1259.6655502963563,44.69934325247258,2.0720550530136506,58.312643562459236,0
2026-09-01 00:05:34,3.597511973341775,1161.4129592701609,45.40006757462466,1.8796544870568095,56.68108585200021,0
2026-09-01 00:05:35,3.485294261849786,1175.1019076591078,44.865979916549556,2.154129416905785,53.36491728123271,0
2026-09-01 00:05:36,3.417450280320749,1174.3732944676724,43.35663834738995,2.037870184862711,54.9666922281315,0
2026-09-01 00:05:37,3.4678614158347005,1159.9236204947729,48.24705842178361,2.6158678192313745,59.21291651549782,0
2026-09-01 00:05:38,3.5412931454275625,1182.6406752443868,43.94459717615879,2.391788649865128,60.72403255293736,0
2026-09-01 00:05:39,3.4436275447196025,1238.5401109993986,42.74542895258614,2.434093886492848,55.77815300032841,0
2026-09-01 00:05:40,3.417777960443357,1147.3082252317827,44.098519445394494,2.845880253092432,47.0221564478578,0
2026-09-01 00:05:41,3.5243687211491914,1221.3907197576452,40.99658799654893,2.292599541651167,55.89186128427992,0
2026-09-01 00:05:42,3.5244966571108725,1114.9048884990832,43.69742507003364,2.7325268235236924,57.80424438862404,0
2026-09-01 00:05:43,3.449305682462887,1171.9331001778896,43.063742804295345,2.953396839760961,55.673896947568224,0
2026-09-01 00:05:44,3.452896169438168,1183.5255349891006,46.23485726185465,2.3633012505959017,57.17954475620435,0
2026-09-01 00:05:45,3.5232049937357637,1283.7429836457031,43.65317152088026,2.721106856666894,56.07119612338115,0
2026-09-01 00:05:46,3.3551915658502676,1186.2598847623656,46.775607871157696,2.427454626241306,51.296063747554406,0
2026-09-01 00:05:47,3.3592536225623446,1089.937826327454,47.79696798613864,2.7772294386522365,52.341284699909615,0
2026-09-01 00:05:48,3.4281555778747563,1100.0555546569376,46.5623506725752,2.028553243727118,54.03654343860953,0
2026-09-01 00:05:49,3.4786552848288155,1201.7014793173341,44.56922342227985,2.006346326462396,58.196244334715054,0
2026-09-01 00:05:50,3.5310907565598004,1230.6885427894954,45.28222899341119,2.3826196855277377,52.702347795038136,0
2026-09-01 00:05:51,3.647535621694955,1218.7727928813626,41.95003011971188,2.2333225572820687,56.36770789950294,0
2026-09-01 00:05:52,3.585765962320202,1208.3785052900496,44.73244125495752,2.3449872671710343,55.91107778176359,0
2026-09-01 00:05:53,3.484006147003657,1258.1129798752834,43.27912306386634,2.434142025265858,59.75859179523739,0
2026-09-01 00:05:54,3.4980983792097313,1173.0204389631435,46.3886527622986,2.7160040595508756,54.87496066561176,0
2026-09-01 00:05:55,3.399747063536219,1244.7455278013413,50.14550477848895,2.3777018264302194,49.735724745171225,0
2026-09-01 00:05:56,3.498148686400761,1118.399255748679,45.99964327194762,2.252841606813074,56.940611394690336,0
2026-09-01 00:05:57,3.4711341361079864,1154.7526083530968,41.017719702090666,2.3945459869723305,61.41416563490201,0
2026-09-01 00:05:58,3.532271856033809,1109.6479302534092,44.27753961417125,2.2692564160580146,57.137150034599365,0
2026-09-01 00:05:59,3.417276905644768,1186.2577349665105,45.24498185074891,2.2197983493811857,52.63701522456878,0
2026-09-01 00:06:00,3.551934651424117,1197.686939136683,45.17471485052053,2.0160949559269095,51.754162362463106,0
2026-09-01 00:06:01,3.6532738913002576,1205.705074611326,43.53837374878249,2.5208434348663236,52.14109349947778,0
2026-09-01 00:06:02,3.4891239851543143,1203.0941676443567,45.49058348527387,2.329388288020884,61.009935641146136,0
2026-09-01 00:06:03,3.5401711722098943,1153.6223334594135,42.514998326161226,2.7898836217704015,54.01801767843569,0
2026-09-01 00:06:04,3.5690143991711114,1190.4879577793392,43.110182554629866,2.0657811723823176,53.01206981851592,0
2026-09-01 00:06:05,3.4598779528114165,1125.1276665697126,46.29159528320742,2.3373749334856364,54.5246900676183,0
2026-09-01 00:06:06,3.5224092481810416,1268.1614487566126,42.968673538240346,3.043872166197625,54.049278854182894,0
2026-09-01 00:06:07,3.5012592400781797,1184.8186963551,46.076423210984515,2.218117144870645,59.702951079362514,0
2026-09-01 00:06:08,3.509767609854883,1175.5556940478155,42.261072450687884,2.429040024371163,51.95656752695109,0
2026-09-01 00:06:09,3.4226990216144535,1279.4470164222041,48.52965176758347,2.1352468051523896,58.54192969498134,0
2026-09-01 00:06:10,3.5024510174258943,1137.8876733225386,43.45146015519189,2.0954717461657055,55.36627628935325,0
2026-09-01 00:06:11,3.549799829124545,1143.7206442984016,44.55266685639311,2.9641932949263037,58.621079540283056,0
2026-09-01 00:06:12,3.645114360779504,1145.1889837565718,45.66122652218081,2.551311847791144,59.74785713120215,0
2026-09-01 00:06:13,3.5959270826085206,1196.6064309150258,43.86930009499781,2.540103651471287,55.25439290173929,0
2026-09-01 00:06:14,3.7153182457511558,1221.5815814818798,45.28681192214261,1.9911051294651334,54.0548091712025,0
2026-09-01 00:06:15,3.423265243711195,1236.9837734058917,46.15071344904025,2.607622416432491,55.19853649559531,0
2026-09-01 00:06:16,3.587232063672068,1328.5997658747485,46.92122646500697,2.8472265837981476,54.71568798398461,0
2026-09-01 00:06:17,3.518334200573835,1087.5283772899618,46.582994871945914,2.844843118248559,50.029100632783816,0
2026-09-01 00:06:18,3.718980293321767,1230.4367794562208,44.65637907239465,2.7004999688818483,59.65744112135522,0
2026-09-01 00:06:19,3.4191701714644847,1172.1434713713884,44.706736451912796,2.1611543267213786,55.73735505214357,0
2026-09-01 00:06:20,3.4160278157819226,1170.6792425555614,49.69821711605007,2.5939370251578975,51.510702444846835,0
2026-09-01 00:06:21,3.4400607354555977,1169.0113935873062,46.89977813649858,2.7002754881429825,48.79743003940477,0
2026-09-01 00:06:22,3.2876104275690192,1154.5615164596013,43.15635268735957,1.9616669244733296,48.017202301208954,0
2026-09-01 00:06:23,3.447424497831924,1284.2262417301727,45.199976327531104,2.1636161225554646,57.31144131006251,0
2026-09-01 00:06:24,3.4240867338446304,1242.1148663506951,44.329713722443614,2.7664471965230324,53.14306729477872,0
2026-09-01 00:06:25,3.5150393786476206,1201.1597989278687,44.72933153215378,2.7628137330015785,53.6352979956846,0
2026-09-01 00:06:26,3.534175597577716,1267.55078762435,42.54100968458383,2.0354250899135824,56.46446279361647,0
2026-09-01 00:06:27,3.6876170839215887,1124.3735517350563,44.176153531228096,2.7385064377807518,53.45185553169466,0
2026-09-01 00:06:28,3.595042383818605,1133.4647434334538,48.623111546387825,2.5285910197460852,56.63957324816054,0
2026-09-01 00:06:29,3.4423096344337596,1091.1016133902656,46.158152601751006,2.7343026863821454,55.28579219313015,0
2026-09-01 00:06:30,3.410158532865164,1165.0292729938355,40.01767718369708,2.3096436029698175,54.74761125055229,0
2026-09-01 00:06:31,3.5491919171506505,1208.0849263352377,47.433446984995896,2.693555048944271,50.28174878292553,0
2026-09-01 00:06:32,3.3679766792979358,1205.1429288966167,47.17925904581832,2.7531486323456873,52.54080593068342,0
2026-09-01 00:06:33,3.6831458765854355,1207.4670955529941,44.281429391387164,2.3945995193632865,56.8076060967606,0
2026-09-01 00:06:34,3.6179440120721287,1129.447158446696,46.43452708756643,2.5053257638519857,52.95393455540785,0
2026-09-01 00:06:35,3.4530824347895295,1240.1577371307012,43.2812015783656,2.305443511148604,58.61610866735347,0
2026-09-01 00:06:36,3.3286865470909124,1211.98137591195,44.059488567467284,2.9954916846057635,62.03920397198019,0
2026-09-01 00:06:37,3.6353872374165412,1236.6527140732999,47.997092721339705,2.46391841820227,56.969155902523966,0
2026-09-01 00:06:38,3.4885460154747383,1105.3618911204974,44.45653992026058,2.2233927024468456,59.47849567409547,0
2026-09-01 00:06:39,3.623781631197346,1215.5745429398894,41.26053667609002,2.285252225837575,57.162181714888206,0
2026-09-01 00:06:40,3.3405572341205634,1140.6117380041237,44.87339355443733,2.538031180342634,53.39721393198344,0
2026-09-01 00:06:41,3.4400624977046226,1180.1338373724318,44.84282321417129,2.7259993515334635,55.60045499442227,0
2026-09-01 00:06:42,3.5005243699718185,1226.718244931819,47.39673713874692,2.0992519464548436,61.039962838292325,0
2026-09-01 00:06:43,3.5046980593764743,1204.5546803127957,45.02867284435152,3.0542980008827345,53.429338772117646,0
2026-09-01 00:06:44,3.454993452852076,1157.423001011034,44.156835377119414,2.592602588216685,51.88201810336578,0
2026-09-01 00:06:45,3.56228499323475,1200.313657809221,47.090112290462415,2.6399367918908236,51.59741673065419,0
2026-09-01 00:06:46,3.3932379570617406,1123.423234237818,45.24158046500222,2.4708431368529693,54.347411848499355,0
2026-09-01 00:06:47,3.4857620514978707,1257.5133697949148,43.499954636868566,2.5057776902053375,51.98958373407081,0
2026-09-01 00:06:48,3.5120295631711897,1189.7357990251874,47.30999512108323,2.455515058621779,60.02205828231171,0
2026-09-01 00:06:49,3.551443883405875,1255.9274972127664,45.3873235290336,2.8053387907107883,55.64906960377386,0
2026-09-01 00:06:50,3.571161487808889,1173.6734156451978,45.005851933358876,2.497621423763989,57.91517892928151,0
2026-09-01 00:06:51,3.387535790816213,1173.8212005796709,45.35581678282331,2.730115065547813,54.10400382826091,0
2026-09-01 00:06:52,3.346588582926438,1161.7906606681076,42.8586632571668,2.3698457429942286,51.579408406731645,0
2026-09-01 00:06:53,3.627767682189851,1243.8086965846537,43.94469244764333,2.558692158493695,51.07181816370017,0
2026-09-01 00:06:54,3.533231401197959,1164.5284421335762,45.007165203665565,2.2588238967281735,52.276024773465636,0
2026-09-01 00:06:55,3.425151346344345,1232.2297716207588,44.61067260995064,2.864958469764861,56.042576482080136,0
2026-09-01 00:06:56,3.6551151975522522,1180.8773801165355,47.54485676563319,2.2498758277842654,56.55964879530384,0
2026-09-01 00:06:57,3.511567463429286,1101.201835005419,45.43481170545401,2.402506166721602,56.80958821917606,0
2026-09-01 00:06:58,3.6179297184063826,1171.4842966106767,46.709807845272806,2.4055118762635765,50.53398194865443,0
2026-09-01 00:06:59,3.5067518481410107,1141.0445892818575,45.0187907091517,2.3938145836978695,54.99877244230519,0
2026-09-01 00:07:00,3.7060747924881987,1201.6951361841168,47.112576967492245,2.7167487308328813,51.92181450732282,0
2026-09-01 00:07:01,3.6755340842443203,1140.4796132162755,45.79505551314631,2.405002670579007,56.204397902753584,0
2026-09-01 00:07:02,3.475103585152093,1246.298755035731,45.026840970776924,2.9181773591623217,56.43723116649235,0
2026-09-01 00:07:03,3.5971570950954357,1195.4462069823487,44.97343382208196,2.2544574741609495,51.483480858920686,0
2026-09-01 00:07:04,3.564537594958515,1191.120200262063,43.091122747418076,2.550813240982812,57.90408882158904,0
2026-09-01 00:07:05,3.6368631557532347,1232.794606889379,46.01383144027262,2.2672642032062202,62.016468824584734,0
2026-09-01 00:07:06,3.4035076539419897,1248.1953467037931,44.919590530927245,2.62629183475944,57.504507212753985,0
2026-09-01 00:07:07,3.568605145999844,1198.9950624115174,43.99601607963759,2.495215081906969,54.511497881346685,0
2026-09-01 00:07:08,3.605842448684959,1161.4399850225354,47.21292354162414,2.4534813865904566,54.05036289037077,0
2026-09-01 00:07:09,3.3241260513576885,1111.3015191943934,42.4995679482104,2.856542489951057,54.37280805498247,0
2026-09-01 00:07:10,3.3816741487334223,1165.697512148241,44.15500820913513,2.3036974386834688,52.71779845966897,0
2026-09-01 00:07:11,3.29607678222399,1169.139387667602,47.05543749755907,2.6759545472854,55.757194619956145,0
2026-09-01 00:07:12,3.473059316555544,1205.352872649615,45.63104588184051,2.269312026197562,51.58461222653709,0
2026-09-01 00:07:13,3.571754225579596,1182.7426559430987,44.904282144694484,2.533805560048112,49.3309066402063,0
2026-09-01 00:07:14,3.650235705209603,1234.3966486025713,45.502007086300296,2.1413274015329664,55.658805045440644,0
2026-09-01 00:07:15,3.5074094780419776,1169.3508364364654,45.35882834209768,2.301244856107978,55.063699197327466,0
2026-09-01 00:07:16,3.662861554557129,1197.147941657353,41.96667490742816,2.4753570863281404,53.28648995068842,0
2026-09-01 00:07:17,3.361989854178511,1259.1993721598444,44.30147622930408,3.0443947501969233,51.1519101321689,0
2026-09-01 00:07:18,3.3296617560644846,1217.0912606977483,48.2330433090275,2.530241161137932,55.8692320807421,0
2026-09-01 00:07:19,3.494445230110338,1196.9981229155717,43.68135173044566,2.996400494760012,52.029474884288646,0
2026-09-01 00:07:20,3.5384065448939306,1169.9027779032413,44.36339797179133,2.5660969875072754,54.583166947403996,0
2026-09-01 00:07:21,3.496730525190591,1168.3384301642511,43.91675847338163,2.383874726657518,60.29491556237933,0
2026-09-01 00:07:22,3.2932557899960124,1157.4693373524026,44.82596955336373,2.961806956780208,56.95356930872615,0
2026-09-01 00:07:23,3.491087996048721,1172.949656710855,43.8337543373514,2.6311052866220255,50.89260201285491,0
2026-09-01 00:07:24,3.3695530499495145,1237.7832919372158,45.97348300431612,2.307183521835186,51.17544528696309,0
2026-09-01 00:07:25,3.566967254883004,1188.9055864353866,45.394626824580534,2.6411714378200895,55.45545727823128,0
2026-09-01 00:07:26,3.5366598246096848,1132.5113465309385,46.54709523021403,2.4122215750277167,50.874037953822935,0
2026-09-01 00:07:27,3.4060120213672644,1288.408464652989,42.89811766762208,1.9032897411486114,48.99482355629714,0
2026-09-01 00:07:28,3.4486133082663306,1215.998259557258,44.31931903423419,2.780791947779685,56.59711603389017,0
2026-09-01 00:07:29,3.3940786478111047,1129.6528299743416,44.54855473677573,2.8284802166925784,55.962807262962606,0
2026-09-01 00:07:30,3.4937320902726827,1177.9075536379587,45.91129382017719,3.0513826089976828,56.351794993837395,0
2026-09-01 00:07:31,3.5955142320501237,1205.5443191414208,43.41355760558593,2.6266431076585786,55.78910554545371,0
2026-09-01 00:07:32,3.401427395366446,1285.229604664869,46.83130760851669,2.4253829727752403,54.80406786498281,0
2026-09-01 00:07:33,3.5504046515517844,1144.5943770870565,47.37283118103522,2.7504968282135756,53.013434356970016,0
2026-09-01 00:07:34,3.4469742381627557,1248.8020359677973,43.02225530472883,2.754946109595672,56.54840489826383,0
2026-09-01 00:07:35,3.4207127167737656,1269.9743213486172,44.018254210212866,2.9914843549409267,59.58965046521545,0
2026-09-01 00:07:36,3.489296964004544,1168.5672847462715,43.936136983415814,2.4866117130800673,53.49631297766964,0
2026-09-01 00:07:37,3.3964757677580626,1186.1243190569883,50.264772409355,2.4503263082297218,51.93777936937511,0
2026-09-01 00:07:38,3.444635069465282,1148.1845376313115,44.14019978958423,2.285336674072442,51.59464174176628,0
2026-09-01 00:07:39,3.380212210741115,1189.8269429459847,48.35525088431227,2.6612386260175604,52.39980929999885,0
2026-09-01 00:07:40,3.696472513291639,1198.1705012828534,42.46673600978678,2.0355214995307493,55.60779557342822,0
2026-09-01 00:07:41,3.503526355197173,1232.9824999041184,43.020698067671276,2.7328262118587694,48.58111730933932,0
2026-09-01 00:07:42,3.4300274492007414,1254.5091735510223,43.6267909363036,2.676350536559737,56.31751127329698,0
2026-09-01 00:07:43,3.5213979910734223,1162.5951967689177,43.30862137710695,2.6755210607375117,56.931739030888465,0
2026-09-01 00:07:44,3.488767195030917,1101.6337467887004,44.464202531683,2.541467570950552,49.60576492017136,0
2026-09-01 00:07:45,3.4779030400466775,1198.9377610361878,43.582443594557006,2.9598934742593253,52.0624586911672,0
2026-09-01 00:07:46,3.5614166700043426,1214.676876498432,43.36131681453085,2.761598039628059,55.23904293953624,0
2026-09-01 00:07:47,3.5757507710047305,1212.470884384252,47.316943992946655,2.31787684258729,54.569590809086804,0
2026-09-01 00:07:48,3.446949885238947,1183.6663376245479,47.44758724502633,2.323246285090706,56.558912404805774,0
2026-09-01 00:07:49,3.442418175935532,1206.2376049831967,46.89859299675063,2.236097855975609,54.5765895354509,0
2026-09-01 00:07:50,3.4724948302848357,1275.7722404176125,46.04799791116866,2.665384999832676,58.794308580324895,0
2026-09-01 00:07:51,3.2698078835264415,1219.0867084481254,45.1854861315591,2.199958323628013,54.03649180286895,0
2026-09-01 00:07:52,3.348480893780145,1181.3315787498457,44.00593861866818,2.8250176430750056,52.05090103984074,0
2026-09-01 00:07:53,3.6366874267444524,1174.9901091452002,43.09368499048982,2.896891992503663,51.80967440121473,0
2026-09-01 00:07:54,3.6644967713501284,1191.5073821161134,45.725991406865376,2.236295119314865,57.206405527845064,0
2026-09-01 00:07:55,3.4750963960443624,1281.836998091532,42.652739214906404,2.4443354396221437,55.08886342587075,0
2026-09-01 00:07:56,3.5576556963055768,1190.8349645236901,43.012158141649216,2.5049862944087242,56.901147702175585,0
2026-09-01 00:07:57,3.5311250154543536,1199.0102827739645,47.30582651240962,2.7651949481409,56.839367497687554,0
2026-09-01 00:07:58,3.8078880808455238,1175.8843214531848,48.80129808344417,2.982803012682963,48.94045044170848,0
2026-09-01 00:07:59,3.6119574911434578,1254.9491678720983,45.78659027633296,1.9943522821394268,51.57975219692967,0
2026-09-01 00:08:00,3.487208240851923,1297.9918627372338,47.21291430458929,2.404545784741995,51.93812487848854,0
2026-09-01 00:08:01,3.4044459559399574,1222.5306524715695,44.508303365112035,2.420194991331896,52.55180743452471,0
2026-09-01 00:08:02,3.339355367974243,1204.1386451892713,42.32465162782463,2.079799043534036,53.73893402027042,0
2026-09-01 00:08:03,3.5203463635867225,1201.8391416587117,46.22434323723717,2.3544669942087815,57.99744878385156,0
2026-09-01 00:08:04,3.42436492547157,1080.7846605607128,46.138578646540125,2.628330683305183,58.595447057151695,0
2026-09-01 00:08:05,3.3577746290402324,1237.257543214241,45.14333710776049,2.416396329148133,54.12132750939101,0
2026-09-01 00:08:06,3.4353427115757476,1206.708320799792,44.515249083789776,2.036613649417776,54.24615741602577,0
2026-09-01 00:08:07,3.3918451996385603,1221.4171025330363,46.92442115716219,3.362224809402974,52.88369882782814,0
2026-09-01 00:08:08,3.6687141635072567,1164.4268902958147,43.02853393314505,2.579853359561254,55.26756309171563,0
2026-09-01 00:08:09,3.588163975694945,1180.7771560511453,43.45243884221868,2.5335082390320025,55.60756264820181,0
2026-09-01 00:08:10,3.499202735868338,1179.4487531748414,42.983786986479146,2.170622091079886,57.419426665006796,0
2026-09-01 00:08:11,3.647994413889003,1251.0811492036519,45.169945925271655,2.5782118485913825,57.395316177947656,0
2026-09-01 00:08:12,3.507736830764762,1181.0620081698453,42.82421397578148,2.4507358647875517,48.093645846792846,0
2026-09-01 00:08:13,3.4138715798671737,1304.1330161054898,43.63151563896951,1.9334429761853782,54.542365157088646,0
2026-09-01 00:08:14,3.6523124077269657,1221.543120950752,43.58848887554561,2.178923367995675,59.15230009267031,0
2026-09-01 00:08:15,3.5538910043684657,1136.2158670002134,44.47878333533208,2.7384778053021837,53.68565521808525,0
2026-09-01 00:08:16,3.3962753845673546,1193.5726853374022,42.02525110719205,3.0832052950001323,58.417725455089865,0
2026-09-01 00:08:17,3.480966132191639,1167.4162438921792,45.174409984074536,2.6101496215129134,54.08064459996643,0
2026-09-01 00:08:18,3.412438174661524,1090.2808765089987,47.49460730132935,2.83092498348801,55.52477040232589,0
2026-09-01 00:08:19,3.3617200269035665,1279.9735470056894,45.27098274463352,2.453273407425037,51.58932792280255,0
2026-09-01 00:08:20,3.592617754753164,1235.1571271110001,48.08264228960264,2.474036151795819,51.70225432730046,0
2026-09-01 00:08:21,3.690941664047013,1226.6603658949657,47.66799637175385,2.8272937082858394,57.176474716789045,0
2026-09-01 00:08:22,3.360143242618086,1208.2701830149852,46.55547009449571,2.9988331867538407,57.64545484060199,0
2026-09-01 00:08:23,3.556296923669057,1130.8991215653782,45.14937168527377,2.8903290080396866,55.07928671860148,0
2026-09-01 00:08:24,3.4349357430878174,1175.8191430222282,45.04500077649088,2.1800910773845543,51.31742727208483,0
2026-09-01 00:08:25,3.4512874616235303,1242.0890387392005,46.52759954472652,2.4799123329054265,55.13141366982165,0
2026-09-01 00:08:26,3.440760607576113,1147.4389985108749,44.216658780991935,2.5832574053428887,58.77170488202283,0
2026-09-01 00:08:27,3.4136009230320186,1073.4115341874592,41.23495849706507,2.422096610947741,60.22859941015528,0
2026-09-01 00:08:28,3.504852162794483,1188.6446996109537,45.98400810820592,2.6163572630246787,54.04987620302226,0
2026-09-01 00:08:29,3.4169049883588962,1192.912122298623,42.737862740130055,2.746173043500684,50.02039644922663,0
2026-09-01 00:08:30,3.5270456825779837,1206.7781708207356,43.075717543619234,2.800842925586542,57.52109079866434,0
2026-09-01 00:08:31,3.494976189055086,1236.4259321757268,45.00044789599158,3.005761045666457,54.172110710634996,0
2026-09-01 00:08:32,3.476105195313359,1231.8802906115604,44.80975024489306,2.4011676685825494,57.82912192468312,0
2026-09-01 00:08:33,3.4092436337958403,1212.9384902621962,42.175848787368736,2.0907900505482058,55.84321667505286,0
2026-09-01 00:08:34,3.442322866943167,1259.7765694043355,45.33098312826628,2.607470378204336,52.34966768271445,0
2026-09-01 00:08:35,3.5755391225825757,1124.0515109593343,46.9322793217221,3.0651433093554408,55.17473308197814,0
2026-09-01 00:08:36,3.550091718762438,1225.2290907238696,42.743316859468436,2.3569072420137824,58.925015101162984,0
2026-09-01 00:08:37,3.402244475520145,1231.326918166847,47.544966661697515,2.706054093119116,54.552538033098266,0
2026-09-01 00:08:38,3.5099332305429227,1138.021885695988,41.87965834974011,2.708723737741793,51.89558450966387,0
2026-09-01 00:08:39,3.575138712337179,1124.8564695658806,49.23464828874191,2.5574326142033827,50.23406749421003,0
2026-09-01 00:08:40,3.333059471887863,1162.70289367622,44.17747913903303,2.5020774163131145,52.68350593940605,0
2026-09-01 00:08:41,3.5543360192379936,1166.9229278742355,45.29123399365378,2.2229712382835825,53.769591214687054,0
2026-09-01 00:08:42,3.433737624105415,1237.6709731751216,41.21593285502866,1.8155013782738267,57.45999740775178,0
2026-09-01 00:08:43,3.557059866859316,1169.2730608154452,44.875727867061386,2.1664447880007915,51.637452196565135,0
2026-09-01 00:08:44,3.4236740843457483,1157.18257408594,45.456964355436384,2.3829087552664903,59.66125565718891,0
2026-09-01 00:08:45,3.3195117899335482,1169.4183131652721,44.82767579180101,2.829226806226812,50.988543367476424,0
2026-09-01 00:08:46,3.3372457562116837,1255.9316167077106,43.87383784589525,2.4690615812945875,61.99445827767051,0
2026-09-01 00:08:47,3.5048084946661384,1200.6521687188476,43.10687096294437,2.3442922843245553,60.17655567026341,0
2026-09-01 00:08:48,3.525972250172148,1191.0374487321544,47.26105323907462,2.232704367413971,55.42349874816398,0
2026-09-01 00:08:49,3.409568337489559,1194.4997250649474,45.0616142699959,2.697041748552844,50.056919395691224,0
2026-09-01 00:08:50,3.5638592458777376,1264.6030167163262,48.08150475303354,2.9075071499291814,54.833727814052736,0
2026-09-01 00:08:51,3.333847993773104,1162.541413669838,43.947035290410156,2.819030716560238,53.839477126040485,0
2026-09-01 00:08:52,3.493392020135268,1265.7754145470053,44.13041061325556,2.6818449099275408,51.17713833084723,0
2026-09-01 00:08:53,3.378898380023754,1210.5248149460751,46.631188489192326,2.057316176085118,55.87302888174233,0
2026-09-01 00:08:54,3.434816389219784,1191.9790309012326,41.75405007599287,2.3944977271468684,52.52907061043307,0
2026-09-01 00:08:55,3.5047398671316414,1325.045024896714,42.57307327969416,3.0841912686669026,52.855282458851256,0
2026-09-01 00:08:56,3.413958663471605,1147.2180255100702,47.19496994270633,2.8365851475745676,54.38896409628293,0
2026-09-01 00:08:57,3.4615444455770175,1182.3157120216497,42.65613214155361,2.0387490345295824,53.27527351388289,0
2026-09-01 00:08:58,3.600629280921444,1138.3784380417999,41.3618979693949,2.4833228430402188,61.23446985133009,0
2026-09-01 00:08:59,3.442310813047685,1247.6230985268085,48.73705437614618,2.6089295297983117,53.39285610100135,0
2026-09-01 00:09:00,3.5835692112065143,1284.459446682584,42.21236470425159,2.271352461092134,56.32264303418343,0
2026-09-01 00:09:01,3.3870293145342383,1283.496139070232,45.36823879665634,1.8072387935773455,55.43656747663108,0
2026-09-01 00:09:02,3.5529804177915283,1261.1974376573003,45.13817038544854,2.5296472135049295,56.05825067577662,0
2026-09-01 00:09:03,3.64415686206579,1190.1189766102018,39.378743366763835,2.2636725227138683,56.28726521083279,0
2026-09-01 00:09:04,3.252835549987271,1181.7379511255076,44.46536595366438,2.2648474782745946,57.644084459818366,0
2026-09-01 00:09:05,3.420310474452952,1116.4415113752968,45.89682649895822,2.3935958920207727,55.79933822685593,0
2026-09-01 00:09:06,3.557707212718054,1301.7936767590895,45.70861876303772,2.4598972256035565,55.67468738465896,0
2026-09-01 00:09:07,3.4796954613957007,1223.4489039074233,46.807041367607006,2.4972751617712943,55.175431205404415,0
2026-09-01 00:09:08,3.537114587337131,1175.4021547565258,44.22501737018913,2.2348030303233997,54.58474644298008,0
2026-09-01 00:09:09,3.439601481328418,1266.4028444493483,46.42500888418432,2.433937141109777,52.26460635501797,0
2026-09-01 00:09:10,3.50865897874729,1151.3617741619998,43.62134186383986,1.9727729888791736,54.817394867739395,0
2026-09-01 00:09:11,3.484432276460792,1220.3311017111337,42.17906516717445,2.5933117196104236,55.7238021257966,0
2026-09-01 00:09:12,3.616778206165981,1191.3685432854584,42.40454324863754,1.6431173759976527,56.206493669718384,0
2026-09-01 00:09:13,3.5254420843301215,1231.933856994015,42.07577908960917,2.413152975869914,55.54085431897071,0
2026-09-01 00:09:14,3.53376026620752,1196.8213230406939,47.01917193578239,2.775755846103086,54.3011349596544,0
2026-09-01 00:09:15,3.458812303387753,1127.4536054444388,41.970852981882885,2.182197793817552,54.828760290412305,0
2026-09-01 00:09:16,3.4512393775927506,1203.778818633502,45.54807768129861,2.71492906109722,53.339060546347625,0
2026-09-01 00:09:17,3.456744181218038,1252.443207093768,44.468151611855134,2.8467198136362675,55.93967197301969,0
2026-09-01 00:09:18,3.53944521423783,1198.5391797073007,44.794702853098734,1.5076300142507835,54.336615316257635,0
2026-09-01 00:09:19,3.4579015519179737,1238.7557560794544,47.7272145903994,2.4545911289272775,55.54168281459241,0
2026-09-01 00:09:20,3.528977485689641,1147.7235257162974,44.123145265569455,1.6372679717115175,58.002409130147655,0
2026-09-01 00:09:21,3.7075400798645437,1198.6869603365074,46.22320312309937,2.464537466328716,52.87192327107274,0
2026-09-01 00:09:22,3.587112470343169,1168.7744772455712,45.075126702762226,2.497848636705602,56.790086142731454,0
2026-09-01 00:09:23,3.467397646783216,1237.3490420052356,44.695962188734605,1.7552368042267483,55.09963053965612,0
2026-09-01 00:09:24,3.6201213922163946,1201.5745781130997,49.59993824877294,3.0774515086239598,61.063580798742265,0
2026-09-01 00:09:25,3.4591924626978447,1234.5036838168307,42.11731650856926,2.5858047422903874,54.351099014609474,0
2026-09-01 00:09:26,3.296187546482215,1254.3855213078932,47.57826367087489,2.2452929703753894,57.0854937494532,0
2026-09-01 00:09:27,3.3991913689082596,1234.5809287560694,46.31281313097995,2.9396138282495556,55.04606035526793,0
2026-09-01 00:09:28,3.3129208078974144,1213.655921714682,44.04095001073643,1.961316033807305,50.83508647505952,0
2026-09-01 00:09:29,3.464848651595869,1150.0893870744299,48.25863703488322,2.131248689944505,53.437932713442564,0
2026-09-01 00:09:30,3.5018418379189553,1199.8606944666549,41.30377977522293,1.8101633428990305,57.64141331628518,0
2026-09-01 00:09:31,3.6676437312275283,1173.3454798992084,43.95646668540186,3.0403135589618002,53.70191661817518,0
2026-09-01 00:09:32,3.5326927373764163,1182.7968021647887,42.58303559146185,2.599703911441601,48.33923105548116,0
2026-09-01 00:09:33,3.4780899471191136,1181.2732924624875,45.82416692974292,2.6978205369545485,54.905790949226486,0
2026-09-01 00:09:34,3.582940558118349,1151.0037212608877,42.773871797625645,2.5903003701755427,51.72299110614697,0
2026-09-01 00:09:35,3.2788864690992114,1102.1330705433006,45.86612789348264,2.6721303283433753,55.395453197790154,0
2026-09-01 00:09:36,3.5235614558108566,1166.5928475836117,44.62712716835689,2.523423314168797,59.653441244194056,0
2026-09-01 00:09:37,3.5770865193886965,1209.668972596208,44.041292114687835,2.5812764028122324,57.30837193240871,0
2026-09-01 00:09:38,3.3521413754220157,1132.5911477286254,45.77729449206662,2.5322810308668853,59.60996748621993,0
2026-09-01 00:09:39,3.614375404320693,1200.7841118235813,44.46275675212387,2.3174224583292165,53.31546393566653,0
2026-09-01 00:09:40,3.5338496407494415,1295.0134212155483,42.82273031388192,2.4860125704355993,54.570500999093404,0
2026-09-01 00:09:41,3.45847120860992,1251.1528277626119,50.602745979269955,2.582078371978503,51.86669140957666,0
2026-09-01 00:09:42,3.5632781866106287,1282.1770754560264,44.02566563394171,2.5331647358656393,52.94786966487972,0
2026-09-01 00:09:43,3.7270692857804395,1219.5563938466364,40.56478183969597,2.0566683676740047,52.21934550314146,0
2026-09-01 00:09:44,3.5181866255058494,1258.3754911493222,43.31580262055722,2.096503999417477,51.07983109236413,0
2026-09-01 00:09:45,3.5248220586300336,1163.8017634766106,42.465446623254536,2.8248524301749174,59.09756987599402,0
2026-09-01 00:09:46,3.4540639100459756,1167.7829866489008,46.65229123208103,2.4079017862349796,48.72411911492073,0
2026-09-01 00:09:47,3.4150155630535206,1063.0429896931264,45.64330531918317,2.675417604110782,59.110416714413674,0
2026-09-01 00:09:48,3.5830335816544245,1259.307273702115,45.79742560358069,2.172364027083281,58.738176774760696,0
2026-09-01 00:09:49,3.4143916174091133,1277.0161989909943,44.25995506832551,2.058056237006041,56.49937802643699,0
2026-09-01 00:09:50,3.507156623721939,1172.3411377326365,44.44129950588616,2.2469210162404862,51.656478195717796,0
2026-09-01 00:09:51,3.4522342553234884,1187.3024146801383,44.258137792784666,2.433230478768576,50.25347466567038,0
2026-09-01 00:09:52,3.5478979825746393,1162.306894315452,44.83761363172906,2.3004579102146763,53.354788956209305,0
2026-09-01 00:09:53,3.533366210528695,1219.1326775738746,46.67066687072967,2.888180056931714,56.87536136901977,0
2026-09-01 00:09:54,3.60375399442579,1256.246627265162,45.67215082501069,2.5538569904612385,55.009190912322026,0
2026-09-01 00:09:55,3.4489983601145253,1112.861401305948,46.000225659241735,3.0546815855685576,51.86950151471573,0
2026-09-01 00:09:56,3.473012506470663,1220.4719265321125,45.999117816498405,2.6213224462214253,58.44461435396947,0
2026-09-01 00:09:57,3.4021236284217693,1186.1664114140428,46.76888487476347,1.7762347546240567,60.05314998454462,0
2026-09-01 00:09:58,3.455570673992389,1205.6697195983345,45.57630008308051,2.8168124819375664,54.32020250795621,0
2026-09-01 00:09:59,3.537730049304485,1222.9497000837146,45.717696145357834,2.0471345132590137,55.328010710792036,0
2026-09-01 00:10:00,3.5756988616645353,1190.5898780613588,47.37761248238631,2.5691601001634017,50.473453949111516,0
2026-09-01 00:10:01,3.4077834675822376,1194.820657329711,43.669908163993775,2.2675947827008467,53.75683985167289,0
2026-09-01 00:10:02,3.586960592010566,1189.306241622268,43.28851484009699,3.142813310339256,56.53131993400298,0
2026-09-01 00:10:03,3.6355637858804952,1248.5158100894141,42.62815680162629,2.9318793782290404,56.064569620773334,0
2026-09-01 00:10:04,3.54134349032237,1220.9379980063748,45.36582912724051,2.2774538074894726,53.47699645237088,0
2026-09-01 00:10:05,3.6876795812558067,1211.029176886868,41.29253551756175,2.4617926995636665,54.17726947457066,0
2026-09-01 00:10:06,3.422621080089643,1136.4524139453858,45.924308192119355,2.5733794208947653,53.65836779036634,0
2026-09-01 00:10:07,3.375534529668858,1181.0710128393423,44.78161381099889,2.7590242214684833,54.164605858844844,0
2026-09-01 00:10:08,3.3221279751095723,1244.9334580169586,47.269279399642116,2.508745573697504,56.26970440755438,0
2026-09-01 00:10:09,3.6496044311489184,1201.884828656196,43.65616537907002,2.19253153018574,49.09738874389263,0
2026-09-01 00:10:10,3.5654365656354057,1232.9765734794569,44.59336342916499,2.284732408239984,54.77695145557623,0
2026-09-01 00:10:11,3.4944415329089544,1288.3255900163817,47.24440666658674,2.4986554610869627,56.049926606877065,0
2026-09-01 00:10:12,3.527996862631982,1251.9303034604409,47.76627129355631,2.8703370936294075,53.28854594307677,0
2026-09-01 00:10:13,3.3874510952701624,1204.6579168849871,43.63969526849636,2.6283513581608133,53.56200086810536,0
2026-09-01 00:10:14,3.744575197961683,1174.4505414902137,45.36356246517432,2.267975522015495,53.648816677553654,0
2026-09-01 00:10:15,3.5129221181975225,1072.322520197205,45.5888379553681,2.694511833312937,53.56285007938852,0
2026-09-01 00:10:16,3.510939479460489,1191.5807538763574,45.7473068112423,2.383904548336552,55.01765133355112,0
2026-09-01 00:10:17,3.5725766623898694,1183.6993752091576,44.474848681368755,2.7671224015560525,55.38700827404135,0
2026-09-01 00:10:18,3.5481009231736715,1219.5183097197687,47.56276679624727,3.2581031254985815,48.698457051298604,0
2026-09-01 00:10:19,3.522388402427913,1192.3047386512656,41.22059303275691,2.392352088716935,56.958641114416864,0
2026-09-01 00:10:20,3.420952554455469,1183.9807470281603,44.15773953039783,2.7404815479179114,54.13000334695912,0
2026-09-01 00:10:21,3.5471468357136,1111.0300534746389,45.89586146554589,2.276382000388681,60.7988895264056,0
2026-09-01 00:10:22,3.688202449647503,1153.0016085424966,45.91444962389869,2.466320869842611,51.42505438330387,0
2026-09-01 00:10:23,3.634542004615498,1223.8325520400278,47.705518061229526,2.5088686860616303,52.39805647373701,0
2026-09-01 00:10:24,3.6593186626639396,1285.7953815566348,47.396450786402575,2.441894901986686,54.391273064250214,0
2026-09-01 00:10:25,3.4488784323568815,1195.1237308127188,44.42891674938555,3.238904106632507,56.23967634905811,0
2026-09-01 00:10:26,3.4010395179741417,1216.390553678706,47.59974248706121,2.408022077596485,49.147698017885496,0
2026-09-01 00:10:27,3.487421307990035,1247.6239078476403,43.57191651244509,2.6760554616354604,52.51269984365168,0
2026-09-01 00:10:28,3.5055724912288695,1159.4553031899875,46.861774765583675,1.9209739392029703,56.77396048172153,0
2026-09-01 00:10:29,3.609419151847095,1218.3407021642722,48.621044956841985,2.629598969010883,52.15562816070237,0
2026-09-01 00:10:30,3.330753537028518,1162.975494683392,47.42988821370994,2.842616377705674,59.110079129128685,0
2026-09-01 00:10:31,3.6529550319460613,1243.2412219245505,45.21154076704825,2.3417207972262846,53.63834920345278,0
2026-09-01 00:10:32,3.484199210142101,1207.5701523975865,44.33644245645576,1.746933357687876,52.30188039597431,0
2026-09-01 00:10:33,3.457311893005258,1214.922590699072,41.94281740748143,2.4884044693518024,56.83073277336856,0
2026-09-01 00:10:34,3.3987895624739832,1160.8700701290707,45.62107927582841,2.5051551551156583,59.82285216047334,0
2026-09-01 00:10:35,3.334514332813423,1235.3516179805392,42.76956554405816,2.717222515223291,56.24918877623169,0
2026-09-01 00:10:36,3.5823170583961916,1304.2356460615508,43.413730672772125,3.10327091062403,58.781288197669774,0
2026-09-01 00:10:37,3.5073317967188404,1149.6044152285897,42.61850839852666,2.385983904819908,60.02990602191089,0
2026-09-01 00:10:38,3.3710039100258946,1183.012049617624,44.07921533468669,2.243113562901916,52.23442396021726,0
2026-09-01 00:10:39,3.3704921227936384,1211.5803737084045,44.944061171026036,2.1499246595885673,57.81517400217876,0
2026-09-01 00:10:40,3.466421530070987,1239.320310599791,45.54722916233141,2.5594235851094798,50.42958847208936,0
2026-09-01 00:10:41,3.666902152528939,1172.0226857355265,43.79898672917207,2.6438062776455507,56.27470759535915,0
2026-09-01 00:10:42,3.4740408648636394,1058.348485492863,47.138567412790366,2.336303381691225,54.78604632845554,0
2026-09-01 00:10:43,3.3496857046881896,1267.9594747082012,44.58358948402007,2.733604823717737,58.728850609126184,0
2026-09-01 00:10:44,3.4754256935914056,1238.0253059792071,43.424555133468964,2.6396152230457526,58.51675453895452,0
2026-09-01 00:10:45,3.472727643025233,1112.8526234756669,45.452584534486874,2.512969506893467,56.70935005160321,0
2026-09-01 00:10:46,3.230311335705843,1169.6215604110223,48.92710566708763,2.2292755837767624,55.89528369844845,0
2026-09-01 00:10:47,3.494570513348219,1278.4091214763664,45.67032113307024,2.355440705354583,56.52510603016585,0
2026-09-01 00:10:48,3.4769065469791323,1272.3898209228933,44.27428874525278,1.7710734106952364,55.185312614129636,0
2026-09-01 00:10:49,3.569620636481342,1246.9320011339473,41.945077287762594,2.57073611925941,54.81641277667629,0
2026-09-01 00:10:50,3.6848956094945344,1191.194378302007,44.56117535805586,2.5079023866242305,59.32773451675733,0
2026-09-01 00:10:51,3.612656502954776,1204.1493709406254,45.46985625017623,2.556543697326846,59.68866945903453,0
2026-09-01 00:10:52,3.473111130944517,1193.4537097436937,44.22483821748886,2.651295704669368,54.57502240689338,0
2026-09-01 00:10:53,3.389347409125833,1256.4119891634418,41.669230723518,2.615746445929667,55.71290920903223,0
2026-09-01 00:10:54,3.757335980324986,1156.2078796752444,43.29886922099313,2.4668850458061895,55.24496567431832,0
2026-09-01 00:10:55,3.505921843401449,1159.7100172557898,47.909076921775515,2.5146004129488255,50.16490467418841,0
2026-09-01 00:10:56,3.5013929291912946,1250.5137293418009,47.86800200746092,2.078705074991149,53.990693267163984,0
2026-09-01 00:10:57,3.4975874912889995,1197.781927224422,43.2267216615908,2.3248838062931725,59.79911260314431,0
2026-09-01 00:10:58,3.5198084760767854,1268.9233677726904,46.345513574398844,2.5151413161050384,52.75067237490457,0
2026-09-01 00:10:59,3.4855639588076057,1166.4243896509727,42.64285443045965,2.279243927226292,61.343630386903904,0
2026-09-01 00:11:00,3.4426337993119764,1197.2610819830588,47.8086325639899,2.7580452387617638,58.51637892876815,0
2026-09-01 00:11:01,3.4453141058759607,1153.8793507578023,45.49047169578847,2.302410375713491,56.204494451638624,0
2026-09-01 00:11:02,3.4967246729784,1200.3681340711782,46.899282997233065,2.564891623374495,56.68252985792926,0
2026-09-01 00:11:03,3.4456575228866235,1126.07265315006,41.56981330563492,2.534969697044601,52.24837991099492,0
2026-09-01 00:11:04,3.4287154217322837,1175.6183289522519,46.355274203849774,2.723883278083123,54.20431374332589,0
2026-09-01 00:11:05,3.5106430227691896,1128.1873067535942,44.98465187263099,2.7702373522084907,59.324197330965276,0
2026-09-01 00:11:06,3.4745022782579147,1234.696161659563,46.703858141581684,2.708209783290382,53.1564119824794,0
2026-09-01 00:11:07,3.650399298858269,1235.8294669879826,46.8297355961957,1.86819813958506,58.1833952708464,0
2026-09-01 00:11:08,3.234903019160699,1113.4868634757827,45.1315693789495,2.858244444403938,50.868879431688825,0
2026-09-01 00:11:09,3.609150685192246,1266.6942872750287,43.798340721808174,2.9581924672583795,51.40552476257497,0
2026-09-01 00:11:10,3.624608519249763,1324.8707563209928,46.55939236435899,2.355362714703559,60.70415399675895,0
2026-09-01 00:11:11,3.2926609767591852,1202.300319336817,44.87969100118975,2.570994073801855,54.964488561279026,0
2026-09-01 00:11:12,3.465731240591965,1167.9442869887678,43.254430092944716,2.2327504959607656,53.38450033901698,0
2026-09-01 00:11:13,3.462855913400421,1341.2165295501522,43.15969553708463,1.9154864479803546,59.08822248099689,0
2026-09-01 00:11:14,3.3592488305282178,1134.0515750848745,42.04567116737524,2.278385420337284,58.73746466489051,0
2026-09-01 00:11:15,3.4222183312409125,1201.0053233434548,43.97941768087387,2.337958288160917,57.762263695771715,0
2026-09-01 00:11:16,3.388942415453417,1208.9811136315961,47.205384092148755,2.393544780594455,53.29030624176368,0
2026-09-01 00:11:17,3.6752270443423622,1267.2573810226208,45.35565959941087,2.2123257729982035,54.13924727218697,0
2026-09-01 00:11:18,3.5935678393147463,1217.9869487563394,43.940464588153915,2.2799724499548284,55.93488647117419,0
2026-09-01 00:11:19,3.6271555094994157,1175.0683052105774,46.60971187636016,2.4966981035114775,57.083198026441714,0
2026-09-01 00:11:20,3.5721672064043237,1152.4407814806023,43.335046756553226,2.2689319050669576,53.47454927794439,0
2026-09-01 00:11:21,3.387094822878277,1182.9089089876932,45.19070054866556,2.663057299765008,55.51221133186209,0
2026-09-01 00:11:22,3.4475479733720227,1149.653631952743,44.64073925454897,2.704498195419232,55.80217390239222,0
2026-09-01 00:11:23,3.548937456122792,1202.3912659892342,46.5582612511767,3.214116323849347,58.86030926912576,0
2026-09-01 00:11:24,3.3777872191108056,1171.7901910069756,41.845543258161,2.8377039796370385,57.26339748680536,0
2026-09-01 00:11:25,3.571299843017239,1125.2981103355125,43.29960450837069,2.572930917498524,50.479595065494124,0
2026-09-01 00:11:26,3.4759674601841866,1262.7572894187451,41.723508681810934,2.3139207109996964,54.359109074543845,0
2026-09-01 00:11:27,3.46251791924504,1175.116373828548,44.48080655638146,2.5881242055022,52.21364989004975,0
2026-09-01 00:11:28,3.571095996820349,1136.5931597512345,47.42285500726486,2.597978787974907,56.70426226183502,0
2026-09-01 00:11:29,3.544426331148604,1191.5870432756228,43.98910558069294,2.3460060732983017,57.76946005151513,0
2026-09-01 00:11:30,3.463903383418092,1203.418578298383,43.9786321236087,2.7351194190258634,55.304667956830734,0
2026-09-01 00:11:31,3.615932980336425,1112.6766637210483,46.743448848368274,2.0805705955954372,54.19561890811645,0
2026-09-01 00:11:32,3.3918936672400104,1216.5823833562881,47.1370991169106,2.426680049338747,55.20750937910795,0
2026-09-01 00:11:33,3.5615935606944262,1147.6421215654868,44.82285786546242,2.666757537795222,55.62675782043326,0
2026-09-01 00:11:34,3.5593101257968383,1285.5514404595394,46.36942970809979,2.413724755722371,53.07970104484928,0
2026-09-01 00:11:35,3.4690453560686008,1226.1980256038366,42.84609091824411,2.4379736789712187,51.3438666976919,0
2026-09-01 00:11:36,3.532613302224212,1180.0050004945342,47.75594866785083,2.4586642416423157,48.84958287233394,0
2026-09-01 00:11:37,3.3748886423614697,1162.7416114841326,49.297412587874106,2.2493196277936764,58.801546395216654,0
2026-09-01 00:11:38,3.5924027019206903,1194.7516146218188,46.042431582377446,2.8521702794722623,56.4890987309049,0
2026-09-01 00:11:39,3.481509786355701,1230.6395370791645,40.831336757314396,2.1945886984231553,56.08753303403252,0
2026-09-01 00:11:40,3.447727697948096,1198.72529357074,43.88353947520443,2.5954477982229656,58.795596663858845,0
2026-09-01 00:11:41,3.6049009225836888,1189.1420596431572,46.22565064333864,2.624094369484712,51.23359597092275,0
2026-09-01 00:11:42,3.429565630945724,1202.9185145408949,44.15703400566728,2.21541342963731,49.793107372434946,0
2026-09-01 00:11:43,3.359153870363644,1169.8070534381523,47.54439710850019,2.521931276314223,56.15269574955727,0
2026-09-01 00:11:44,3.3443370826476095,1182.839703657848,46.17631452887173,2.2271103481765895,55.87981412633029,0
2026-09-01 00:11:45,3.560600995134564,1095.7103780547498,43.587048998468404,2.9173127425167835,49.80607957098174,0
2026-09-01 00:11:46,3.371957064750372,1248.6863115426183,45.064529621542505,2.158365118907136,56.07856318642142,0
2026-09-01 00:11:47,3.6754794181984365,1214.939889016088,43.21233355872182,2.3038308717304106,53.79933114280129,0
2026-09-01 00:11:48,3.291807059211628,1161.3272077983286,44.63483024317512,2.132732497493326,52.57873582078726,0
2026-09-01 00:11:49,3.669645636829004,1294.9367490677619,43.890813519134895,2.0926903819397342,53.99972887515276,0
2026-09-01 00:11:50,3.521101746720262,1204.3508240196193,47.34952360046608,2.977364587264688,47.67541428724459,0
2026-09-01 00:11:51,3.4903286888129608,1148.19282140124,49.23202411366199,2.662832402173769,53.225877329824186,0
2026-09-01 00:11:52,3.445508091319105,1242.8368710735228,42.137623333528495,2.542088027710163,52.887116291547386,0
2026-09-01 00:11:53,3.539913611435207,1219.9024108254632,41.1535674275805,2.3030269109959236,56.67130734080842,0
2026-09-01 00:11:54,3.4962365297575153,1219.728999274211,44.50965515629723,2.7722835433140305,54.525309590467344,0
2026-09-01 00:11:55,3.6103301882016523,1178.7122197674205,41.963168602342634,2.2527332681897643,56.91660662103664,0
2026-09-01 00:11:56,3.5114227648662037,1222.5247861889018,45.09242320734183,2.7380917882990308,47.351381965789955,0
2026-09-01 00:11:57,3.5150301761461877,1186.9120854889452,46.49787222761185,2.238246617018309,52.482705332286855,0
2026-09-01 00:11:58,3.4636387787786145,1227.797072582292,47.98828379453365,2.3066476894372983,56.66799115471433,0
2026-09-01 00:11:59,3.4943054376278933,1104.752777299468,45.402789117430565,2.7274847158353763,54.07340610828054,0
2026-09-01 00:12:00,3.530780176889206,1178.3063268510405,44.61368955030084,2.7591482032467303,57.5363815989231,0
2026-09-01 00:12:01,3.3289831607343374,1286.1077548904098,41.04323016685383,2.6792418801690285,49.586191271832334,0
2026-09-01 00:12:02,3.365181457789429,1161.646627229985,45.0523702983716,2.1850977652729617,57.19333251906842,0
2026-09-01 00:12:03,3.5743264094022713,1169.8080851253408,45.14257452109892,2.3659819402831515,53.08258234664488,0
2026-09-01 00:12:04,3.5170865438127943,1177.6019330775011,46.27791362842549,2.547069622359554,52.79140874685198,0
2026-09-01 00:12:05,3.4816016663647322,1139.2596932055678,43.583023796941816,2.2452157114269724,57.97314114078235,0
2026-09-01 00:12:06,3.5018433933065394,1089.5859611885874,44.12989479952828,2.911288828038788,58.48570338986952,0
2026-09-01 00:12:07,3.534758170536167,1188.4706800738193,42.043995489391634,1.7794159168148362,58.10409908826185,0
2026-09-01 00:12:08,3.446024031969064,1206.7929712040827,40.41741438623187,2.266378145389254,61.1159257751448,0
2026-09-01 00:12:09,3.4221695274597685,1197.3747465730673,42.78300581840644,2.3471300491390505,58.800410825330005,0
2026-09-01 00:12:10,3.519584525509768,1192.7560719026058,41.859348371493965,1.6468169005684699,52.6136902488031,0
2026-09-01 00:12:11,3.4021627222384967,1202.1520435425193,45.67342459084122,2.081131260929143,55.424914384406954,0
2026-09-01 00:12:12,3.5408252755714473,1251.1420735775382,43.96373188666629,2.6875868537626206,53.919406274545196,0
2026-09-01 00:12:13,3.329741639576216,1190.477690703539,43.92352573985042,2.5090850909658893,61.087269579847195,0
2026-09-01 00:12:14,3.6029155637325645,1171.2958711456365,43.031173907649574,2.9719408066128707,58.31460986409613,0
2026-09-01 00:12:15,3.5472597482413044,1185.9437257555958,38.53486913497513,2.9635679337654457,54.433359589859634,0
2026-09-01 00:12:16,3.5256029734313876,1228.9673379878388,48.0166214974951,2.629913913581184,57.633729393259,0
2026-09-01 00:12:17,3.5982690983945513,1270.6013439271624,42.999458954446425,2.5939714747002136,51.303404601060684,0
2026-09-01 00:12:18,3.6665474444462576,1168.5928130415411,44.175159860300184,2.51977933257367,55.75078521293642,0
2026-09-01 00:12:19,3.601437006501813,1204.946689351444,42.090215669421376,1.7034753946361532,52.18623252219075,0
2026-09-01 00:12:20,3.3159125768668356,1216.917872096798,46.943860686881266,2.0816321460021774,49.93422339811778,0
2026-09-01 00:12:21,3.3720423033264297,1150.3710996635589,45.28685787407465,2.5302026509296804,57.3536087125895,0
2026-09-01 00:12:22,3.437518142230432,1201.020858360646,43.34726942946826,2.6848077126243015,57.72577328556265,0
2026-09-01 00:12:23,3.5026091050210835,1126.7163071328953,44.21554077731195,2.5869009436414423,56.37163790863596,0
2026-09-01 00:12:24,3.5517659020469123,1111.54748481303,48.35635984424974,2.2322605096853025,54.4510988783005,0
2026-09-01 00:12:25,3.4274256186846532,1218.3373203946128,44.85406113623744,2.7812218847408485,51.20092403546077,0
2026-09-01 00:12:26,3.5186766764477078,1180.8062629334609,44.63653292476819,2.944733208626391,51.515959387848255,0
2026-09-01 00:12:27,3.4244617067646677,1210.114020381061,43.11723702772147,2.781396880087402,52.092160060783606,0
2026-09-01 00:12:28,3.4388482197008052,1199.1052511495825,41.210837699055396,2.796879798877141,54.29898012482523,0
2026-09-01 00:12:29,3.359333890315178,1151.17999756681,44.67992265284131,2.332232260613437,58.228536200814744,0
2026-09-01 00:12:30,3.4076766753889096,1197.7372849017831,45.650970224649235,2.8227802368102397,58.18121263323596,0
2026-09-01 00:12:31,3.3648315394383665,1138.3449347492572,47.19916892865534,2.543727591798297,50.05429720116137,0
2026-09-01 00:12:32,3.4024126747022665,1269.54861790007,40.50300693100069,2.6534666585566016,52.920299989849156,0
2026-09-01 00:12:33,3.605364179660784,1132.2014827570017,42.74980734595394,2.6096295528474127,52.83951694128449,0
2026-09-01 00:12:34,3.4050601111168057,1190.210736451571,43.8385178188871,2.463553868367877,47.40525061449626,0
2026-09-01 00:12:35,3.763238206483739,1147.8864205976377,44.9930383028536,2.2419992574633096,56.698362840849725,0
2026-09-01 00:12:36,3.5493317900880887,1228.5210586680398,44.709932616943156,2.475359000933786,54.26152052704443,0
2026-09-01 00:12:37,3.5184836123694874,1183.428431435925,44.75662262862546,2.7960284852448467,54.66057239010707,0
2026-09-01 00:12:38,3.4141642219818786,1174.0666640189395,45.81619211713989,2.3675572584061273,59.037613175126914,0
2026-09-01 00:12:39,3.5700309879408993,1242.6600772525778,43.19341377844178,2.768004178782444,55.26492703985307,0
2026-09-01 00:12:40,3.4424362173762226,1201.4715295838776,46.86828288446739,2.7211212011853014,53.707808605101945,0
2026-09-01 00:12:41,3.5122009814645363,1225.8322222967984,45.86690488339896,2.410318780894051,56.71623286301483,0
2026-09-01 00:12:42,3.7560084538268796,1150.9337031741268,44.36033547174384,2.916640031085873,58.17661553972668,0
2026-09-01 00:12:43,3.490394010027535,1129.7591528036246,48.201815983777834,2.393335998642788,55.88940269814768,0
2026-09-01 00:12:44,3.6149273326285676,1205.3603981020067,48.112832071143536,2.9528640587837893,57.06756879609445,0
2026-09-01 00:12:45,3.4296823574874113,1184.0576822252635,46.865790710387614,2.6302380944622916,54.56329705077135,0
2026-09-01 00:12:46,3.4965011509503037,1231.3217336226971,38.96288645886442,2.495240224463946,54.754426760921014,0
2026-09-01 00:12:47,3.677080063563551,1196.0045773668726,48.15789018543595,2.233659585898704,55.33906213089649,0
2026-09-01 00:12:48,3.4373032942212234,1210.2537669617316,46.58951704494387,2.4735219309594876,52.740637148702014,0
2026-09-01 00:12:49,3.681244855799693,1118.8308735029377,49.012817275425874,2.438872145951674,53.295815156891194,0
2026-09-01 00:12:50,3.5707751935455474,1294.4218469807129,47.474929183467076,2.1225110844247284,59.13363892545542,0
2026-09-01 00:12:51,3.4437533224105734,1191.7879007483984,48.15668535499457,2.4347153731846998,61.023868287586964,0
2026-09-01 00:12:52,3.563240773905552,1234.87934851696,46.75730970036076,2.2588590459708744,59.77659374211454,0
2026-09-01 00:12:53,3.597255444962673,1158.1954164890187,47.69738639729103,2.6757975306936346,51.030227929694355,0
2026-09-01 00:12:54,3.5621809962217195,1215.400495110867,48.98824748146888,2.8918841427184607,50.74042739624508,0
2026-09-01 00:12:55,3.3429775280109544,1134.8577618237628,45.433109476756414,2.1319252971114278,51.42787170416452,0
2026-09-01 00:12:56,3.427286282417513,1222.6033919129836,41.85553891184374,3.013692318510077,55.40316232563844,0
2026-09-01 00:12:57,3.4752481364448493,1182.2012957807083,44.38507819996972,2.461434689684461,46.57382622292701,0
2026-09-01 00:12:58,3.4925566570899953,1201.4595251967783,45.779891198766876,2.2074935845184456,53.233595300141495,0
2026-09-01 00:12:59,3.562067209755068,1234.898701506505,45.14977516874312,2.727326434062455,59.22129786748334,0
2026-09-01 00:13:00,3.5177701000933252,1138.372984438986,42.50687606768115,2.366063656523486,57.94731649218672,0
2026-09-01 00:13:01,3.36646556412899,1165.77541346936,41.73786474961004,2.4754789971905518,53.47271604827948,0
2026-09-01 00:13:02,3.5380197851005963,1222.8662140543383,43.51767466273034,2.378716526736376,53.69993367648809,0
2026-09-01 00:13:03,3.5610585745283823,1304.9110737273372,46.615479111968305,2.25497862044053,56.70172512042071,0
2026-09-01 00:13:04,3.555979044793104,1193.095883266926,48.16067954164594,2.717199109720571,57.8058062657326,0
2026-09-01 00:13:05,3.608078072555462,1229.5568058961967,46.8331352275554,2.4141095791317437,53.40058819678072,0
2026-09-01 00:13:06,3.5833922154548903,1194.651426507076,47.114854574228275,2.0690044623462263,54.296901934841685,0
2026-09-01 00:13:07,3.5459180079228436,1297.112279737815,44.83836885367288,2.66531803726478,53.30197081443993,0
2026-09-01 00:13:08,3.4929834288541355,1112.6389166517372,41.51583508458807,2.1383252946928732,51.00595167587436,0
2026-09-01 00:13:09,3.333903906648401,1204.7310522334678,44.08955883823459,2.1540219481974225,54.340768755934555,0
2026-09-01 00:13:10,3.5429618219132584,1118.722798321897,44.482471176255245,2.8577818614931947,54.11221737937371,0
2026-09-01 00:13:11,3.520768768716311,1074.6714214731642,44.00589502632864,2.1410980302369365,51.21806765203403,0
2026-09-01 00:13:12,3.5271578837195374,1214.8731026558908,45.10938973074925,1.805066542921753,56.93824281291319,0
2026-09-01 00:13:13,3.372325142417969,1206.9748898073728,45.882839519785904,2.6868584454884488,56.44996203587767,0
2026-09-01 00:13:14,3.391894345959174,1185.7581531128899,46.70603037648699,2.408840971155661,57.08715910253523,0
2026-09-01 00:13:15,3.6053152853332904,1194.6902954980123,44.44376027126733,2.434703463658565,52.6957889336069,0
2026-09-01 00:13:16,3.4960444846143344,1354.914971703563,41.192481188710815,2.40564988199494,49.04927296565606,0
2026-09-01 00:13:17,3.5681500697372623,1187.0912430984283,44.03424456141773,2.5695009817056182,56.401993388936944,0
2026-09-01 00:13:18,3.502831837613046,1225.5062180625036,45.087420793983966,2.2741842274290796,53.00766185611086,0
2026-09-01 00:13:19,3.5029756139495745,1167.531759019306,47.44561584426682,2.942834462369729,52.327995600262895,0
2026-09-01 00:13:20,3.5938283805976,1214.7616287520302,43.86438431563179,2.0571308559071806,51.228840776069674,0
2026-09-01 00:13:21,3.4483955271782625,1188.0883162472192,46.025087256798805,2.633462475003137,54.17403241573854,0
2026-09-01 00:13:22,3.5096120776940984,1179.4740758635135,45.58017579927086,2.6926363011629753,59.73198189115142,0
2026-09-01 00:13:23,3.4537724711294957,1290.9449266100162,45.087801066246776,2.2721044717499868,53.48365143593345,0
2026-09-01 00:13:24,3.4565503772567685,1258.859248159217,46.861066638649184,2.1928796664166543,51.7305908674992,0
2026-09-01 00:13:25,3.4690827876531363,1206.8373323699616,43.678317606494836,2.805152264251047,56.955800203090085,0
2026-09-01 00:13:26,3.5222133771633715,1084.7894032028016,43.849627100712965,2.2027417737949855,55.51843683931385,0
2026-09-01 00:13:27,3.452125137833652,1181.9495388373716,44.97619835381155,2.31800081777483,48.64209589693537,0
2026-09-01 00:13:28,3.625575612557352,1335.1513782202542,43.7197069898126,2.766192688737924,56.98703895925986,0
2026-09-01 00:13:29,3.4105392697780497,1188.4669166680146,46.016024582109196,2.510422370061707,61.3854033055048,0
2026-09-01 00:13:30,3.4813128355838643,1255.160878602683,43.57361539126774,1.9608568997112688,47.19839221771293,0
2026-09-01 00:13:31,3.4560268941725827,1272.09712009763,45.45260841549027,3.0241177433660544,51.29288192793363,0
2026-09-01 00:13:32,3.6446977884353733,1210.9481957927987,44.79965446242649,2.3409967723660103,46.45441873404518,0
2026-09-01 00:13:33,3.5196554776511575,1157.9089184065924,45.429851929553415,2.3791728130280747,54.774086737777495,0
2026-09-01 00:13:34,3.6031844539468634,1078.2343834108556,44.080517209873925,2.5767352756979096,57.97115870983406,0
2026-09-01 00:13:35,3.351443962696303,1234.2081604304478,44.321823410946344,2.687523039101222,55.31650224938884,0
2026-09-01 00:13:36,3.5267050265869258,1159.2621998588227,45.1920185359941,3.0883312873874402,59.17598709433801,0
2026-09-01 00:13:37,3.5889630795623435,1208.8075225943846,45.40414901232263,2.0019795551782913,57.491650870990405,0
2026-09-01 00:13:38,3.5082283989275425,1137.5089830205318,44.99159616921769,2.7477856626777837,60.10644197050653,0
2026-09-01 00:13:39,3.6065480375065353,1186.7381229764899,48.41072471302617,2.722902908215023,58.48063230432128,0
2026-09-01 00:13:40,3.4482711549899627,1201.6859527450526,43.01852616251743,2.458850526737765,53.791170794171485,0
2026-09-01 00:13:41,3.640934744018558,1213.4296790522149,44.87159241009457,2.7361821084448668,55.20017936870452,0
2026-09-01 00:13:42,3.729889812361925,1144.2588906323792,41.85274195576603,2.780282205290964,52.39396925355708,0
2026-09-01 00:13:43,3.463716143956034,1259.8455474380676,45.74416295733477,2.0854111645038986,54.30803149339585,0
2026-09-01 00:13:44,3.4554497478599226,1170.1552607634014,42.76950692724637,3.024929951764249,55.18549501605436,0
2026-09-01 00:13:45,3.64533844771177,1116.2765269773377,44.44337948824685,2.0323713240585572,54.74527802939394,0
2026-09-01 00:13:46,3.6579572145730714,1194.5488290018268,44.25587134933735,2.1594051156283682,59.02676057891083,0
2026-09-01 00:13:47,3.4477139972846733,1201.718765451323,45.561782253202345,2.4214636979127713,54.00949581247951,0
2026-09-01 00:13:48,3.457981318290414,1208.029471658588,43.89441816490964,3.077482153956117,52.20374075932793,0
2026-09-01 00:13:49,3.4718215391139493,1268.1066201842539,43.80938860461204,2.4075230110739843,52.39116689529044,0
2026-09-01 00:13:50,3.3655549488965724,1188.177558163207,47.871712928171796,2.490419832984757,56.96530081486759,0
2026-09-01 00:13:51,3.40813480535158,1194.0190187815615,45.56913358094905,2.929623581171369,50.790584775733,0
2026-09-01 00:13:52,3.399585923324793,1144.8407809383452,43.87789829595546,2.4099045572303583,54.39644148954725,0
2026-09-01 00:13:53,3.4232202434895873,1241.0276751443948,44.498332656377535,2.1464689861207975,58.98250073636626,0
2026-09-01 00:13:54,3.496531511261322,1209.215453203905,48.29070990454149,2.3748295494285054,55.877795337222494,0
2026-09-01 00:13:55,3.523421473253652,1178.9986136352918,44.529670243497804,2.9112375501417334,54.77618383264374,0
2026-09-01 00:13:56,3.6550500492814075,1104.7662653267269,43.621446753695224,2.521259499116541,54.89226878908471,0
2026-09-01 00:13:57,3.400164595926121,1272.2206097527544,43.63000769974722,3.079197477716878,51.91130622331848,0
2026-09-01 00:13:58,3.5984322398476585,1138.6160017771972,43.901747038020844,2.7213804778786463,52.42859586869638,0
2026-09-01 00:13:59,3.478601115577449,1170.4360995315146,43.81100455514655,2.306557319081955,54.41445498125627,0
2026-09-01 00:14:00,3.4950536290347567,1217.9172255538,42.440704303301516,2.5153228913395234,55.81381909032788,0
2026-09-01 00:14:01,3.5674819492166603,1140.1721035691658,42.75159980610604,2.244034564557436,57.84445003540633,0
2026-09-01 00:14:02,3.38772779784377,1125.324511087343,43.34135925127726,2.299470090805369,55.2776818515143,0
2026-09-01 00:14:03,3.538240974618405,1093.8026208649667,46.1831420369062,3.843725275307727,59.058322527262746,0
2026-09-01 00:14:04,3.5166452208213057,1236.0498476452817,44.23752542545425,2.8055873530101434,59.81559404562857,0
2026-09-01 00:14:05,3.549245126400815,1172.7406877636838,44.58567662181192,2.7583293967020017,57.38580163744661,0
2026-09-01 00:14:06,3.528916864390782,1346.3635046236666,47.54017605050979,2.3130459054075807,58.67494422416765,0
2026-09-01 00:14:07,3.7455300139910896,1150.2822467184562,47.590014299876835,2.9708752198843236,52.027859435835715,0
2026-09-01 00:14:08,3.4362260015748682,1153.927448828554,44.43575011372453,2.829824680537881,51.55240319593581,0
2026-09-01 00:14:09,3.446900304499818,1171.73035148573,43.738272978633184,3.064486386807331,56.553920128870494,0
2026-09-01 00:14:10,3.4376859473575236,1212.1567327569244,43.271139372652925,3.0499342445195348,50.976370564398856,0
2026-09-01 00:14:11,3.4444522880839745,1176.4898330607343,46.385551539416475,2.0562732135707433,54.1288844679522,0
2026-09-01 00:14:12,3.4362612872693483,1230.6166107001256,44.59058553295542,2.167048153219028,57.31357571598922,0
2026-09-01 00:14:13,3.618901653110755,1151.0705805005673,44.22701021935442,2.198863655360909,59.24011877405562,0
2026-09-01 00:14:14,3.6420504247989856,1130.9204140768209,43.3726708497249,2.216817807000269,54.237353049135805,0
2026-09-01 00:14:15,3.442925370625052,1110.0892630295446,43.46066718197722,2.597035709278117,53.05016711407693,0
2026-09-01 00:14:16,3.416764442689577,1088.8212916031403,45.64011638298649,2.329958964371255,55.96138486453475,0
2026-09-01 00:14:17,3.5471415556386403,1174.0965490262472,42.369123468225474,3.1217795622287556,51.779369669428334,0
2026-09-01 00:14:18,3.444777695571903,1184.950984380339,46.98973738757588,3.0714039646244915,54.480164055119715,0
2026-09-01 00:14:19,3.563293181775551,1168.4281486258408,43.93231071237016,2.4980615217762883,54.97599985517115,0
2026-09-01 00:14:20,3.5202923020851298,1262.170289859358,44.70072811149642,3.0865978648449373,54.91604802198761,0
2026-09-01 00:14:21,3.3484255885002767,1261.4015104804068,42.32604408371889,2.9464403881720607,55.26551042145365,0
2026-09-01 00:14:22,3.654750520133006,1183.259850627775,44.97526812351527,2.3647880322468224,52.49645543328357,0
2026-09-01 00:14:23,3.679587767309552,1110.3039443404018,44.34335811461888,1.8972353967923317,52.819021022144746,0
2026-09-01 00:14:24,3.4387211309515613,1171.6647445972474,44.899838802287064,2.4346094845117814,52.75865121690214,0
2026-09-01 00:14:25,3.4612298440064015,1170.0089303041468,47.94341779672378,2.306613360676458,50.139716982414825,0
2026-09-01 00:14:26,3.5285865390724904,1167.143251886097,45.35539609158048,2.561951687543749,56.02549096553832,0
2026-09-01 00:14:27,3.5334456789987025,1165.1140548050878,43.41068163170839,2.5267684860624247,57.683972355076016,0
2026-09-01 00:14:28,3.565854427267283,1167.3268552137597,43.577360178906865,2.5189052976697686,57.388930248560605,0
2026-09-01 00:14:29,3.701020453876635,1180.672919205112,46.19026237182754,2.6571054224137494,54.212509418617735,0
2026-09-01 00:14:30,3.482305277250595,1168.2229450592222,47.59738658198685,2.1362434158748966,52.566984281608335,0
2026-09-01 00:14:31,3.4201702755461545,1210.4161254312796,45.5638360415021,2.6234080832709123,57.232943927088066,0
2026-09-01 00:14:32,3.3620680771985474,1218.018435795243,46.37742548910954,2.368115154094898,56.91676906712365,0
2026-09-01 00:14:33,3.4269069960058083,1154.4677456408756,46.21947544667341,2.559994659959106,55.652261927308885,0
2026-09-01 00:14:34,3.4966873027126204,1263.5532663003517,47.83812882671504,2.787222953569657,60.23293375726982,0
2026-09-01 00:14:35,3.6794557863517787,1150.9968849079694,41.100819654547934,2.1326800680336913,54.920723435898815,0
2026-09-01 00:14:36,3.448238870096383,1119.109969309233,46.33443787860906,2.415611904199129,54.229330048225336,0
2026-09-01 00:14:37,3.52237879516389,1219.0389035682526,46.967472087807124,2.4644397297913407,53.8005480067762,0
2026-09-01 00:14:38,3.4983577103927246,1159.129593279283,42.32255258772885,2.3457193085288077,50.31736688055758,0
2026-09-01 00:14:39,3.6188393273448085,1216.0645735378694,43.22866363198717,2.769948848839887,56.98401989242688,0
2026-09-01 00:14:40,3.752693242587362,1079.8165699449735,43.298434502743696,2.2838834923598585,54.68354389852667,0
2026-09-01 00:14:41,3.446913122707968,1269.6227970741534,43.542419607245236,2.3333798801672985,56.52979372407039,0
2026-09-01 00:14:42,3.451056055748178,1233.61467040202,44.03656589812895,2.2870242601143804,60.52563400627372,0
2026-09-01 00:14:43,3.604416087706907,1124.97617254185,45.48520562610988,2.8276166234316404,53.827744690286146,0
2026-09-01 00:14:44,3.568189148962631,1126.0611438076858,46.73134930233474,2.352266766276335,47.985973849625346,0
2026-09-01 00:14:45,3.6846707325736032,1283.6132952048763,47.16263391553707,2.638013617265067,56.44321110853232,0
2026-09-01 00:14:46,3.5583928185325964,1163.131004825102,43.324353877664436,3.092711530369022,55.50057816967803,0
2026-09-01 00:14:47,3.464070790921294,1158.2907575633687,43.31059400259404,2.4775544738948243,52.802638372086044,0
2026-09-01 00:14:48,3.5590654830692308,1086.697395292536,47.63164368003245,2.833618204009947,56.19179900686449,0
2026-09-01 00:14:49,3.610870358058291,1182.4610897199223,46.29348787083729,3.0014062252279383,57.358288960313125,0
2026-09-01 00:14:50,3.5820482181197364,1188.6140192582125,45.16572968373799,2.808157468012124,52.16017026936536,0
2026-09-01 00:14:51,3.55072740311073,1235.7746548384744,45.946673351109936,2.494959605206678,54.09600441578985,0
2026-09-01 00:14:52,3.6066674689589155,1130.0460785907762,44.94039243629712,2.692632327699584,59.43026118954678,0
2026-09-01 00:14:53,3.6169295590445674,1123.9856603879696,46.04916936609523,2.1137864220593965,52.835133426311906,0
2026-09-01 00:14:54,3.6382158991037525,1222.548131738824,44.32786660698852,2.2659870525550145,55.20000926624135,0
2026-09-01 00:14:55,3.5648709887589645,1250.3365035613533,45.53760986887846,2.318597445510424,47.126766501868346,0
2026-09-01 00:14:56,3.4832881919683145,1121.4423824441058,41.97890789926101,3.1721836360522846,50.554463496756114,0
2026-09-01 00:14:57,3.514671368643332,1254.075704314987,43.62443141034914,2.25622464572342,55.4725524919984,0
2026-09-01 00:14:58,3.6206508966508357,1201.8770920743411,43.64597764641931,2.251756974621451,58.683963428756805,0
2026-09-01 00:14:59,3.4183064329012764,1254.5902669537322,44.25121993358617,2.186823705925305,50.913910953997,0
2026-09-01 00:15:00,3.53686733088729,1196.4889819241191,43.1469734904405,2.667943528579228,55.22369218618149,0
2026-09-01 00:15:01,3.460666118767264,1073.8861041256025,43.932912748353836,2.5427864178006647,53.87284627283885,0
2026-09-01 00:15:02,3.502874482293482,1192.401630884198,41.97117187520376,2.8260276931079695,57.85926416497748,0
2026-09-01 00:15:03,3.6278451862607297,1253.0071909335636,46.0974009527898,2.701377899823206,51.34659008403224,0
2026-09-01 00:15:04,3.51910990680199,1155.3126990458143,44.83497296217721,2.0858830459827797,56.29023294510245,0
2026-09-01 00:15:05,3.504643654815615,1180.6017515546273,41.589584784447965,2.2578166689968886,53.03892793901123,0
2026-09-01 00:15:06,3.364014385902008,1191.1933248224511,43.33034017890665,2.9095986244827463,55.669114074479424,0
2026-09-01 00:15:07,3.574625356602722,1055.024306006576,45.67320285512433,2.4390105266269586,55.20679315692542,0
2026-09-01 00:15:08,3.5645484181141076,1283.5673787718738,43.91395610722842,2.856277545405404,54.244662777572145,0
2026-09-01 00:15:09,3.716325472330546,1154.9312160051413,43.60611707972381,2.4550957156254047,56.433435538808155,0
2026-09-01 00:15:10,3.4692221765047,1225.2867716236399,44.850814645983846,2.2097030715134434,55.130958202908886,0
2026-09-01 00:15:11,3.521915032766394,1195.6649431925896,45.68719507035643,2.409021766699988,54.601581093769916,0
2026-09-01 00:15:12,3.5249383683710755,1262.880952817968,42.12729508592168,2.2095850613350914,53.930750397931774,0
2026-09-01 00:15:13,3.6577453279763477,1220.302806121404,46.10025696243576,2.3303341712792727,55.23279516923601,0
2026-09-01 00:15:14,3.4904704467613046,1188.2537864239512,43.399413436785245,2.5602777119695737,55.66613064443822,0
2026-09-01 00:15:15,3.5279021525770338,1155.324245374036,44.964144063500406,2.653481527110706,52.03257375975814,0
2026-09-01 00:15:16,3.560789650971654,1239.892535069107,44.92915971861698,2.0229426030237105,53.95158628624787,0
2026-09-01 00:15:17,3.5186609123156356,1106.3279348022693,43.945867763520454,2.4947895977472707,51.834442166106484,0
2026-09-01 00:15:18,3.4553566385449472,1232.2945210137946,42.95268050773857,2.324015279332074,54.88046373165764,0
2026-09-01 00:15:19,3.5194089992898308,1145.0477624222563,44.42862690381547,2.305475557312356,53.22300338543791,0
2026-09-01 00:15:20,3.607363174985977,1262.614183097832,48.25066061815039,2.539805385739923,57.312349443943766,0
2026-09-01 00:15:21,3.397348470058894,1208.0649771331348,42.27664993907274,2.3348644381932364,57.01818093327007,0
2026-09-01 00:15:22,3.5132969674146874,1232.2061883925055,48.38462603820975,2.9146413984540023,52.23175430930689,0
2026-09-01 00:15:23,3.429987918506083,1204.099440691236,44.48055765784694,2.856418562875318,54.99307796380457,0
2026-09-01 00:15:24,3.619504662892484,1112.3811452429502,45.07074283417728,2.854548488182612,56.91554973774509,0
2026-09-01 00:15:25,3.3476813095216227,1156.963541830233,42.82657837723055,2.3515269413529096,54.474075039507916,0
2026-09-01 00:15:26,3.444107815272841,1233.6194668805692,43.45746116664504,2.211250349524203,52.81534742558337,0
2026-09-01 00:15:27,3.537721187506452,1208.3327908679921,43.99418069992396,2.5246089788164348,51.72278941586561,0
2026-09-01 00:15:28,3.656552402923434,1259.0494952652837,42.90861005824418,2.45489549011412,57.56280268473509,0
2026-09-01 00:15:29,3.4934249738927012,1220.1637281518585,44.582164085258256,2.3173530512729905,57.70813944485491,0
2026-09-01 00:15:30,3.4444800473306803,1151.664905464867,44.185968216386456,2.1472796659999114,54.37615720337785,0
2026-09-01 00:15:31,3.688115706944059,1160.1967931139684,48.701562284871464,2.4875446092195785,57.29841275358003,0
2026-09-01 00:15:32,3.3551986099583755,1205.145869526162,42.66805162863908,2.378779164924258,46.10436841034398,0
2026-09-01 00:15:33,3.280119404337992,1084.2977966999947,45.205381033497176,2.706504111111406,58.98266395212771,0
2026-09-01 00:15:34,3.544001445005333,1283.6720942811492,45.49569256380365,2.6995318154564436,54.52916558416847,0
2026-09-01 00:15:35,3.449794577564739,1222.087336818878,42.85935890269633,2.830239941626815,55.42532968239847,0
2026-09-01 00:15:36,3.3978767182869287,1261.3517298524437,46.37365499090568,2.1222113344359887,54.03844682900209,0
2026-09-01 00:15:37,3.5708356447299354,1120.9698029595415,44.20334597423675,2.62031749230809,59.18712244560252,0
2026-09-01 00:15:38,3.52438007137712,1262.2282580177628,40.015220696833865,2.2817602881298984,51.8178051281334,0
2026-09-01 00:15:39,3.4435921369263274,1311.5749455513874,46.31969922420913,2.1338757367566745,59.42338097982051,0
2026-09-01 00:15:40,3.3719695601329107,1133.9560822311341,42.766118231795275,2.371419328915387,56.18881276283533,0
2026-09-01 00:15:41,3.5872457328280145,1238.5700897451884,42.9044501077218,2.8206114940403855,56.86799264775448,0
2026-09-01 00:15:42,3.565020117795866,1200.0554972343646,46.3758041657848,2.388304493928855,54.01238631001325,0
2026-09-01 00:15:43,3.4900824136220616,1122.7783075875877,44.3056770351631,2.969636397987734,51.07534240631089,0
2026-09-01 00:15:44,3.6846636996047666,1224.6441985925935,46.835544301103,2.6646635546561,57.7915322966083,0
2026-09-01 00:15:45,3.392991523367385,1241.6801602418675,47.42033219073064,2.381772856305827,55.93422505356799,0
2026-09-01 00:15:46,3.3474474829075263,1169.9436723665576,43.710143079355404,2.8480145286719227,59.08487037492645,0
2026-09-01 00:15:47,3.4308091930118754,1258.2958260127612,46.58652499191006,2.633619031634286,54.41867103935291,0
2026-09-01 00:15:48,3.4954413983644503,1116.6618296605402,43.489078397214236,2.2202321834659884,53.74230586330326,0
2026-09-01 00:15:49,3.5243339449322693,1125.2621926775178,49.466231834264356,3.0576407906741547,59.16426470992091,0
2026-09-01 00:15:50,3.475876394214367,1206.8298697794376,43.61408599093757,2.577843646925943,60.735682493492334,0
2026-09-01 00:15:51,3.5352055396514297,1201.2692638986136,47.05217488192001,2.5056388575956476,55.02804152909719,0
2026-09-01 00:15:52,3.374846057580956,1164.1713255787947,46.68758005176315,2.243340199028315,52.741727509428685,0
2026-09-01 00:15:53,3.644376460407326,1240.4797217985943,45.63217564421787,2.8538614802823217,57.43159228836865,0
2026-09-01 00:15:54,3.491784882160743,1226.5447157107974,43.65891367716663,2.655182628208392,54.23793830148798,0
2026-09-01 00:15:55,3.6117295831588128,1242.9069535467008,44.69720501611718,2.688771454088572,56.79778847620239,0
2026-09-01 00:15:56,3.5342725346377706,1193.8431782323867,40.6928237741109,2.3477405969422693,54.22217207686374,0
2026-09-01 00:15:57,3.5456753219153785,1230.129013398917,45.4488400767645,2.7502301715730204,59.692042054635436,0
2026-09-01 00:15:58,3.5569767280232205,1177.7174848485004,45.69923066205677,2.7735440780712404,52.9015314848479,0
2026-09-01 00:15:59,3.5447708560017315,1302.6909345043298,45.266998838122745,2.2993665283656632,56.44158898756588,0
2026-09-01 00:16:00,3.5642722759867542,1159.3727114939006,39.05338765741489,2.0749029580957026,53.53389408930363,0
2026-09-01 00:16:01,3.632915253013243,1305.2648714729157,42.46872710982038,2.6744119178016774,54.15548031573769,0
2026-09-01 00:16:02,3.519652116970147,1201.7443973544705,43.503818034302675,2.0279959151182783,53.76383303571827,0
2026-09-01 00:16:03,3.570900375758851,1131.224455521563,45.583317866378096,2.545604733351334,57.215824198280245,0
2026-09-01 00:16:04,3.4910264305712775,1268.40396752443,45.57867781128597,2.365826468563808,57.75508934480161,0
2026-09-01 00:16:05,3.6440117215449472,1206.295069419748,44.65955241605764,2.8655995632366764,56.673216486797116,0
2026-09-01 00:16:06,3.432360769794073,1242.5562049190119,46.270491073207914,2.3821468327698376,54.67604959976419,0
2026-09-01 00:16:07,3.6800940432910814,1261.1927959271297,42.9475152493942,2.832181891601141,55.42054009300478,0
2026-09-01 00:16:08,3.495984204935566,1216.8977777072512,46.220470011387995,2.3457371666910922,57.69316470537827,0
2026-09-01 00:16:09,3.3569224897881953,1170.3879577593593,45.94948420967978,2.7999973015178834,57.787934761622815,0
2026-09-01 00:16:10,3.512810441491079,1248.7856688834624,45.75510946567582,3.1181024631510494,46.9291731059394,0
2026-09-01 00:16:11,3.4318948342525117,1200.0377753727298,44.63591913782869,2.1795858584901278,54.18333348468191,0
2026-09-01 00:16:12,3.584064354898872,1234.292890930421,48.661487649662526,2.5876107165192725,54.32722362568154,0
2026-09-01 00:16:13,3.434737602069761,1092.3134713104268,45.98639137697976,3.3246347247730195,57.00775769237848,0
2026-09-01 00:16:14,3.455381656678522,1222.3490858504927,43.063328273492886,2.5199766480708763,54.799687546867766,0
2026-09-01 00:16:15,3.311045926905447,1168.0707087427486,45.49661095147197,2.5185364810688946,57.15755014284786,0
2026-09-01 00:16:16,3.4547693680750924,1282.6654818589266,46.504966754148434,2.736549684205306,51.764017686908346,0
2026-09-01 00:16:17,3.2576120673371043,1231.1543673944548,43.82378280215138,2.5123242592284263,55.78016354638234,0
2026-09-01 00:16:18,3.3416097176514277,1211.9928872924647,47.1785444938622,1.9878322016288341,57.70061696035148,0
2026-09-01 00:16:19,3.5760414656144297,1224.3154996675112,45.76406741143202,2.8396862124516815,50.576851392045555,0
2026-09-01 00:16:20,3.578580015865083,1150.077957356164,40.315043324669304,1.8991154758404423,62.54093040462671,0
2026-09-01 00:16:21,3.5425457561784963,1281.1628345264028,45.59934395467585,2.3749625046584972,58.57265779859956,0
2026-09-01 00:16:22,3.4033023856870788,1299.5685209208452,44.18794169117457,2.8622277247469943,55.00405990739693,0
2026-09-01 00:16:23,3.495228864385802,1219.6456755274107,46.074359629083474,2.3930372714071644,52.5147756782837,0
2026-09-01 00:16:24,3.499639746090943,1279.520178428682,46.88842968050363,2.2918910522606786,54.47474454917888,0
2026-09-01 00:16:25,3.3841635310807456,1171.5425900663734,45.390324094283635,2.763779171549968,55.25140707883402,0
2026-09-01 00:16:26,3.650339830176715,1160.144321688751,48.33050446788939,2.244665563949684,56.321987670436144,0
2026-09-01 00:16:27,3.587736229057567,1202.046237436446,44.64258623087301,2.133332284122414,59.50198254838009,0
2026-09-01 00:16:28,3.4779035826170337,1221.7470519183948,46.24963564610775,2.582354196247985,53.57170459167146,0
2026-09-01 00:16:29,3.5026885838994533,1180.300665937844,46.609885147274696,2.4451230104762227,56.68812951271769,0
2026-09-01 00:16:30,3.5208382807947554,1226.8884095184242,44.805308062214536,2.1268980657433474,51.12271251219966,0
2026-09-01 00:16:31,3.295826513157571,1215.3194741036707,46.55754861595557,2.691085761998461,53.7591978570242,0
2026-09-01 00:16:32,3.47528226174794,1150.0846612354474,43.81065402567566,2.6393462816731703,56.130150543608075,0
2026-09-01 00:16:33,3.43180157520022,1225.939650872586,44.154863161957564,2.3920734950183102,57.073787473026414,0
2026-09-01 00:16:34,3.3998379990105083,1243.176412126076,42.375022619327375,2.412600398162516,52.74030257000614,0
2026-09-01 00:16:35,3.4718899707114046,1208.5734658795195,45.482818232740094,2.641117822602747,53.67762491196426,0
2026-09-01 00:16:36,3.6797686526849525,1257.6324051630845,45.650503351708686,2.85710842592562,59.38166990675064,0
2026-09-01 00:16:37,3.564084286126701,1139.1298103251524,47.35852631715846,2.4151620369672027,58.48572585888414,0
2026-09-01 00:16:38,3.4428821010217203,1223.3975211065926,46.58228000871177,2.6964065479024435,55.625371651157096,0
2026-09-01 00:16:39,3.557258278135616,1141.4859646801613,44.43040888670513,2.66956006512538,48.29006454033785,0
2026-09-01 00:16:40,3.6399355436586003,1144.2959320883456,42.64364062533144,2.763792187812693,62.533397643070025,0
2026-09-01 00:16:41,3.592463368291277,1168.4534583131106,45.86570080503995,2.5117927596230394,54.940205315028265,0
2026-09-01 00:16:42,3.5059630369920174,1152.8969908212878,47.22150634482929,2.2263023457800926,54.06229882593602,0
2026-09-01 00:16:43,3.4353063222294424,1172.6002090629431,46.510369947607884,2.361250254040009,53.43292022243766,0
2026-09-01 00:16:44,3.569822331361359,1189.2924844644406,47.168955049714576,2.6028560397344944,56.12910111159733,0
2026-09-01 00:16:45,3.539348538542175,1241.8577243165691,44.576220937603516,3.045539313514478,56.15974776751279,0
2026-09-01 00:16:46,3.589519322002773,1183.942048064715,44.06676206364871,2.3547941130411165,57.851883619379535,0
2026-09-01 00:16:47,3.563517180168197,1120.7187146615204,43.5261972955364,2.7414362330582196,52.22181350695296,0
2026-09-01 00:16:48,3.6049552715319333,1257.0033923247581,44.88820706677281,2.401583064796972,54.06251536557622,0
2026-09-01 00:16:49,3.4464764788439433,1158.145493319248,44.842818408062364,2.5331406267658405,61.09163716967261,0
2026-09-01 00:16:50,3.6317394065634327,1197.0639786447687,45.41335525707823,2.9546190247790776,55.67377189974997,0
2026-09-01 00:16:51,3.51975996046924,1222.3268253470355,44.74140508592898,2.72928777442613,54.48242688001976,0
2026-09-01 00:16:52,3.7075260872625266,1209.980520920139,44.732744540546456,2.127610218177713,52.17514670324889,0
2026-09-01 00:16:53,3.4310812181910433,1254.7089773760738,43.446611894055714,2.328257492856523,56.517802917462255,0
2026-09-01 00:16:54,3.673596380316525,1223.950157169638,46.88323802710298,2.8768664033324076,58.09305465112733,0
2026-09-01 00:16:55,3.5197910783462647,1156.9345210151446,45.15303612448742,2.5425634127885486,57.62376293742942,0
2026-09-01 00:16:56,3.434858199638555,1308.9281086995832,44.651112131429436,2.155347964115241,54.22359740917325,0
2026-09-01 00:16:57,3.451611416594568,1209.7166731669117,43.50514149350159,2.2543142665078837,56.08375685009061,0
2026-09-01 00:16:58,3.467965269180568,1192.6329886689248,42.33617377921783,2.7110480568133517,60.01497830994583,0
2026-09-01 00:16:59,3.5424165946401915,1248.1962711527785,47.615928385098684,2.798323084365289,58.212646876514405,0
2026-09-01 00:17:00,3.55228354880355,1212.4725472965035,46.109277416263616,2.505356590444652,52.64751177342004,0
2026-09-01 00:17:01,3.442629999606142,1219.9614096469663,41.75216431486007,3.2425941402808305,47.361984806135595,0
2026-09-01 00:17:02,3.4975645407739018,1324.6091999300343,46.52628460141931,2.7472457090366915,55.890317521252705,0
2026-09-01 00:17:03,3.714227035861186,1186.2439285872476,46.84496234046622,2.42695567911013,57.3957043802453,0
2026-09-01 00:17:04,3.672754317010071,1184.1119552991302,45.24875224460186,2.2552881855701967,51.73232652438021,0
2026-09-01 00:17:05,3.5436323669674032,1205.8289256006233,48.19622179150352,2.2075347086082875,54.97363143363167,0
2026-09-01 00:17:06,3.50380034781682,1253.5757967790519,45.433439284245765,2.600626396144111,54.20890280238076,0
2026-09-01 00:17:07,3.512003132671826,1124.67329849048,42.16635294410162,2.353366886525978,55.312858966696595,0
2026-09-01 00:17:08,3.5613517972730415,1101.7222054261747,45.730338002096644,3.0021231261950274,53.36591113864086,0
2026-09-01 00:17:09,3.3977207434801593,1170.6442364689926,45.48979460342546,2.939893540875358,58.87153299288398,0
2026-09-01 00:17:10,3.4742623462576656,1118.3038520470357,43.79340630244369,2.6899199642491682,55.44390664189829,0
2026-09-01 00:17:11,3.333141592612241,1178.7584326237181,46.14711767375485,2.1463011481129315,52.362949341505754,0
2026-09-01 00:17:12,3.539922312260528,1225.1249848064645,41.664669467618275,2.2983343382342785,57.75238646078116,0
2026-09-01 00:17:13,3.564719593970274,1155.462556822387,46.98113365488558,2.87670325772233,51.207437212024885,0
2026-09-01 00:17:14,3.451681353770063,1128.658671160933,43.2437565927891,2.3310801400614696,58.8534831326054,0
2026-09-01 00:17:15,3.657398676329003,1203.4668580857674,43.03010774976593,2.8366425201758574,57.97317827266769,0
2026-09-01 00:17:16,3.3774234336997657,1243.1271742307586,44.772350455385045,2.6423811769104284,59.16932588596236,0
2026-09-01 00:17:17,3.353562511979018,1115.2513280741694,45.86594585608727,2.515515365443956,54.525260882675155,0
2026-09-01 00:17:18,3.522445181855997,1241.0116199152992,45.32784812718686,2.2891501561193675,53.51165806064987,0
2026-09-01 00:17:19,3.6047098302612155,1240.8653101869163,43.514681668455246,2.4717268469425746,55.25206528279928,0
2026-09-01 00:17:20,3.668392769145787,1247.7042551078314,43.987821417616225,2.5568943864624694,54.746689640933404,0
2026-09-01 00:17:21,3.454111573713106,1260.9240107435844,42.73391530524508,2.8097616694903365,53.04179114330946,0
2026-09-01 00:17:22,3.6078680833431296,1310.1006962329807,44.55064019674026,2.2342793198098736,53.33913005762307,0
2026-09-01 00:17:23,3.496149153049929,1182.1953975690471,47.150042429021816,2.4211549472421656,53.90088145820061,0
2026-09-01 00:17:24,3.482737270005918,1205.478579003893,44.99147412471225,2.5134469395796852,51.48998894068041,0
2026-09-01 00:17:25,3.5883659937486674,1179.1780783375987,46.71882850951891,2.6988035073058496,57.033889868798006,0
2026-09-01 00:17:26,3.565232287841342,1200.0988422377904,47.91080267545238,2.227460698743167,54.84310858728698,0
2026-09-01 00:17:27,3.342360784301575,1276.6436677818156,43.823962961926064,2.1050290621338354,54.07486459229906,0
2026-09-01 00:17:28,3.6476540349725894,1132.7492758034666,44.62685349388927,2.702189545513015,51.66893751717497,0
2026-09-01 00:17:29,3.638009135414745,1156.9475163917211,49.34238572212499,2.044615265515989,51.51888106699761,0
2026-09-01 00:17:30,3.437443729849047,1268.859046825228,47.88868682395989,2.8854939144286504,60.807742152167236,0
2026-09-01 00:17:31,3.539580353343741,1251.0018253451044,41.65519094837529,2.4532221707551276,53.11822761141529,0
2026-09-01 00:17:32,3.549403018628274,1181.843417659146,45.77429663212181,2.0357406753176663,56.83158518262798,0
2026-09-01 00:17:33,3.526067376582391,1242.720100056036,45.00111998467939,2.355873934178952,55.48790340970053,0
2026-09-01 00:17:34,3.444969484615458,1217.0607921246017,46.65290622171752,2.6137370899207713,46.6744346166757,0
2026-09-01 00:17:35,3.432837663206195,1275.0137304500495,43.51004246502989,2.340189673733507,60.377352469415776,0
2026-09-01 00:17:36,3.4974445929008553,1203.7254796913387,43.320783255918656,2.506008924647304,57.05225193632835,0
2026-09-01 00:17:37,3.6172729019259364,1251.2816056936292,43.64785856941278,2.722023509711586,52.69698953708557,0
2026-09-01 00:17:38,3.554360015459443,1332.100595524631,43.856142907603136,2.439342899383714,54.91490048671121,0
2026-09-01 00:17:39,3.4629385667913892,1229.9049577523733,46.630648333618026,2.21888269706016,51.552449897789,0
2026-09-01 00:17:40,3.5771698710648345,1202.4664082897423,42.63759765370224,2.4103048007884476,60.4786614353834,0
2026-09-01 00:17:41,3.2151457379369925,1236.122349261049,43.75477220008136,2.924452040937778,52.27702687527561,0
2026-09-01 00:17:42,3.6148765700372105,1181.7359570898057,41.42197521899712,3.005519303599955,53.43074800991602,0
2026-09-01 00:17:43,3.32602862212219,1319.3983852762367,47.014235646824744,1.8940221478173176,52.81131676555722,0
2026-09-01 00:17:44,3.4637559058596867,1209.003551884799,47.54206019886228,2.827308372757443,55.24113820062751,0
2026-09-01 00:17:45,3.3880330105373857,1186.3533339887244,44.345853138272425,2.575044314810607,59.110949500417945,0
2026-09-01 00:17:46,3.3705318524279093,1158.2155497489982,44.40410127037355,2.777194803736045,60.368123347285476,0
2026-09-01 00:17:47,3.616082678737852,1254.861009580322,45.9064438045658,2.3348535219197113,53.80301156733311,0
2026-09-01 00:17:48,3.453229879868811,1243.359370641387,47.94896401475651,1.969520947149554,56.134776946953764,0
2026-09-01 00:17:49,3.5346503881730715,1175.1322814292953,45.81722149512783,2.6753466365942384,55.24571623781222,0
2026-09-01 00:17:50,3.4953079421120816,1228.8225672561211,43.60491611504977,2.217706821615185,52.05517220666783,0
2026-09-01 00:17:51,3.547704082722312,1124.572201589357,41.762354856027116,2.0835122705545444,62.26766672378783,0
2026-09-01 00:17:52,3.5076821891060255,1209.2485287536579,42.769747474673025,2.10447958525796,59.08827868688877,0
2026-09-01 00:17:53,3.371700777581143,1222.6378176038347,45.14643890062493,2.6802741347246,55.5673475491331,0
2026-09-01 00:17:54,3.599626681944714,1285.3664904779612,43.689344953598415,2.541835739808759,59.745628280496966,0
2026-09-01 00:17:55,3.4506243416838687,1161.4590598635655,45.38993541198152,2.734739806562402,58.636320138153415,0
2026-09-01 00:17:56,3.3443418101340248,1136.082368559884,43.894151967527534,2.7007225763489093,55.245584023245264,0
2026-09-01 00:17:57,3.457188483903409,1155.228601953748,42.88370713741118,2.3737199306248704,55.97789081598398,0
2026-09-01 00:17:58,3.650075979063431,1133.171574984254,42.645936737093855,2.478857927836763,59.53637842712996,0
2026-09-01 00:17:59,3.5850221742113493,1266.832867887949,48.12470901874646,2.346568741365238,52.16153925661096,0
2026-09-01 00:18:00,3.465134786559214,1277.4319647512018,46.77797549836728,2.4369016681403526,60.021072091964015,0
2026-09-01 00:18:01,3.465074229568157,1216.0108288974413,48.46103590365592,2.2098235786056803,54.32466231794465,0
2026-09-01 00:18:02,3.4678364948782616,1261.0647472842575,46.0799018015102,2.6171452881623005,59.5740302285427,0
2026-09-01 00:18:03,3.7076747983560843,1206.6979190290117,44.14001718277032,2.822536224694527,54.98432020761154,0
2026-09-01 00:18:04,3.538193545223155,1195.2444176149618,47.646681844979874,2.255016091053704,56.01281866741891,0
2026-09-01 00:18:05,3.543004164719107,1183.348119047312,44.93386399727646,2.8843808936204027,54.89707493028262,0
2026-09-01 00:18:06,3.6030283454031844,1184.4804504311217,45.441683540580705,2.5340564489433826,53.404469131566316,0
2026-09-01 00:18:07,3.5238789159026513,1122.6099221845484,44.91435124184896,2.572323692921744,54.189835305567065,0
2026-09-01 00:18:08,3.4740957854179295,1213.2127381803668,39.10619156143197,1.9901711441177445,59.1373342095057,0
2026-09-01 00:18:09,3.480365015091502,1197.9833044892978,48.209470024589706,1.95782130713028,48.057508051982595,0
2026-09-01 00:18:10,3.4928398740585935,1237.2680362038939,45.98200789191551,2.5432349088339046,51.28310216558549,0
2026-09-01 00:18:11,3.496277776349016,1204.6761748219305,45.65964612173702,2.7369196373896023,52.823584871925696,0
2026-09-01 00:18:12,3.572762954363698,1191.8648149215453,44.87644787545888,2.2985858669065142,51.76496562269194,0
2026-09-01 00:18:13,3.50519458858073,1156.4403484996185,45.32685564077226,3.001028170174927,59.52993883124647,0
2026-09-01 00:18:14,3.573264007721558,1203.607661841088,43.805442128307504,2.7204807922762946,58.77303093355961,0
2026-09-01 00:18:15,3.4919283419891416,1236.911861540808,46.23315870461454,2.2274976244876044,56.776095428183844,0
2026-09-01 00:18:16,3.507863519031609,1142.833050445807,42.385803311201734,2.5092546001160523,53.0865877975674,0
2026-09-01 00:18:17,3.300179931546789,1204.373687684037,45.37213686494109,3.2430787401170234,59.00515560038241,0
2026-09-01 00:18:18,3.591632767470248,1211.6521475764741,46.12314694114221,2.1272307991600883,50.235610222013364,0
2026-09-01 00:18:19,3.5346488475897995,1164.0967608190867,44.60266173235419,2.658480981674532,61.42594792044381,0
2026-09-01 00:18:20,3.5998010109859653,1170.6071847546,45.74173558494205,2.4031766341829974,52.94611060846735,0
2026-09-01 00:18:21,3.210374462180631,1211.5305424383107,43.0173312155315,2.712068887275554,54.21389433447568,0
2026-09-01 00:18:22,3.708837470478073,1143.3289490853688,43.06834645820807,2.8801820938955145,53.711968448515854,0
2026-09-01 00:18:23,3.4860410371844828,1217.4961857624696,45.47343424205279,2.3841288733865897,51.78067775770397,0
2026-09-01 00:18:24,3.6108182816737515,1155.23228131704,46.3570993092421,2.835673681512152,60.77533937181076,0
2026-09-01 00:18:25,3.3960094072874467,1253.1426846516608,41.25026868899658,3.166361018281588,57.366683892353464,0
2026-09-01 00:18:26,3.561277390506257,1316.891387269415,46.044041270221534,2.5198824212032704,58.64641162623936,0
2026-09-01 00:18:27,3.3946584436826344,1156.962159914909,43.913596999247325,2.7354666062482558,51.32899218381769,0
2026-09-01 00:18:28,3.4376231039304197,1226.7103931187337,44.61438782538517,2.3228677689390174,55.542813481012,0
2026-09-01 00:18:29,3.6914031353866785,1163.662904755899,42.32096415286993,2.5057777927093636,56.56308606799421,0
2026-09-01 00:18:30,3.4809317599236653,1252.0477086898895,43.29676551962658,2.4469974721875274,55.81226957064953,0
2026-09-01 00:18:31,3.5217432873179724,1136.7370795457393,46.93225065106062,2.7390807776975787,51.518879646796,0
2026-09-01 00:18:32,3.5870067730688753,1224.0293379213856,45.065726747960426,2.8614027807270777,58.22650006339191,0
2026-09-01 00:18:33,3.5495681887972603,1156.3505516555324,44.234443196580884,2.467103545264762,55.36465024835546,0
2026-09-01 00:18:34,3.5150418905143574,1189.6507705450815,44.76702329473793,2.960086853719877,52.135107893070995,0
2026-09-01 00:18:35,3.5364961002466226,1148.4487362426346,45.978423649328604,2.9590142324684887,49.43424838134201,0
2026-09-01 00:18:36,3.7403415585238275,1241.1175235447877,45.88098899232668,2.7540561229539704,56.81999954046964,0
2026-09-01 00:18:37,3.4942381202966413,1158.1509822780206,44.8499459992064,2.3451920404834814,62.3513672023945,0
2026-09-01 00:18:38,3.5201099046714965,1227.5982129665913,47.18591822179334,2.316451354978029,51.954237179961154,0
2026-09-01 00:18:39,3.6050654396007613,1182.7950985868833,46.940925273813335,2.256285593592988,55.511341151238895,0
2026-09-01 00:18:40,3.6105525932957985,1194.276381410057,45.82674405826079,2.7847498210714483,58.33149183727473,0
2026-09-01 00:18:41,3.618703030556038,1207.3877953700064,45.10922356582014,2.136469537753191,51.1910432016961,0
2026-09-01 00:18:42,3.5638730222029187,1161.9087664170574,46.31464219023908,2.703051296233302,53.56012969274493,0
2026-09-01 00:18:43,3.3856995087269515,1210.5183556770444,45.62853484360237,2.1756671956527662,52.419523662215795,0
2026-09-01 00:18:44,3.6633431532301097,1276.5167282177206,47.12160014361189,2.747063835952592,57.95403008447364,0
2026-09-01 00:18:45,3.3853654606981314,1161.0952607083643,46.79912275347662,2.505165874819168,58.97656770806218,0
2026-09-01 00:18:46,3.530263546523903,1258.5905071636923,42.96349219716454,2.900091568557948,55.4771087941952,0
2026-09-01 00:18:47,3.4245724149980643,1274.9048816743891,42.82807365851659,2.842436373496381,52.4747977930177,0
2026-09-01 00:18:48,3.4935861653407008,1159.1922505485977,43.597500911191844,2.9305196236006337,53.671627186216455,0
2026-09-01 00:18:49,3.532876241030348,1127.2472697454723,46.95227738013384,2.938245615486734,53.10850445725974,0
2026-09-01 00:18:50,3.5321357215450275,1215.0980450085883,41.84738200645751,2.5430892501964593,52.06819341513098,0
2026-09-01 00:18:51,3.5421920754235283,1172.6296238616565,45.78951477821599,2.1523620800726184,54.693885397544605,0
2026-09-01 00:18:52,3.661371126905865,1293.43016095815,45.725086182185926,2.184243083500786,56.724479453385584,0
2026-09-01 00:18:53,3.545353430151398,1201.7403770249916,47.32529611737239,1.8739454412052188,56.47077233328556,0
2026-09-01 00:18:54,3.475584336470935,1159.890029598241,45.360677381327775,2.174900249971572,54.97530290629147,0
2026-09-01 00:18:55,3.5964087168288357,1142.6420244494145,42.3135812188322,2.520647097311395,55.17116151047609,0
2026-09-01 00:18:56,3.618947048892464,1254.4952479545416,43.08129007870375,2.3321037457524514,54.75534761473067,0
2026-09-01 00:18:57,3.377239218486301,1171.4408012957906,42.63600895620435,2.4459593186770445,51.10836538250118,0
2026-09-01 00:18:58,3.5597400069849856,1202.1914399730215,43.924112067333716,2.64781462583842,55.48040469094862,0
2026-09-01 00:18:59,3.57011727423109,1247.7901372556241,44.63419686515215,2.4087804225802727,53.24912324363605,0
2026-09-01 00:19:00,3.470243649664001,1175.7870824034585,42.66911694755789,2.1634513598762246,50.95797034252169,0
2026-09-01 00:19:01,3.637570681331162,1197.703558562992,47.94132398130458,2.48402989973097,56.11211670134675,0
2026-09-01 00:19:02,3.4849944412967475,1199.171579508874,42.349437256095115,2.2304528539681465,53.164809890744365,0
2026-09-01 00:19:03,3.512557645347154,1234.1662255758047,47.69220684772496,2.418764050906281,55.68326176377651,0
2026-09-01 00:19:04,3.482692817571613,1229.5372167755163,47.37032606287868,2.902833089326901,57.542913445208285,0
2026-09-01 00:19:05,3.5015579047581467,1188.9943134372586,46.79660509937807,2.4188484087711477,52.14928383656431,0
2026-09-01 00:19:06,3.39037249131048,1203.1824530748258,43.6124667850065,3.0312872660043233,55.27636384621891,0
2026-09-01 00:19:07,3.3559949117405705,1181.4110494238255,45.6849017583538,2.929490796081391,49.56873135480892,0
2026-09-01 00:19:08,3.6594505063224974,1126.1193796540279,42.44525773289877,2.326208407426287,59.59759927182783,0
2026-09-01 00:19:09,3.415303865168167,1212.8800428699064,46.8218140700675,2.1666628700752675,50.922800509333655,0
2026-09-01 00:19:10,3.4008607650543694,1294.6095880416533,44.852030436927464,2.484233751423942,53.45554101280788,0
2026-09-01 00:19:11,3.2846609886396285,1155.8140429654468,44.18135957082663,2.845998329019067,59.01513971129187,0
2026-09-01 00:19:12,3.43610382523105,1161.348514519865,42.55251030668746,2.3529427281313935,54.29643122175704,0
2026-09-01 00:19:13,3.36769102065925,1156.463611417813,40.04498776274197,2.772427089478642,51.407806941099096,0
2026-09-01 00:19:14,3.664201516013637,1236.2295889361562,42.92291828592849,2.8625319967408265,57.139219696859605,0
2026-09-01 00:19:15,3.6009817089342633,1222.424272709822,47.225596391225814,2.267792304891218,57.071597386453554,0
2026-09-01 00:19:16,3.4311849654822275,1192.0731153791771,44.19433314305039,2.297184673513424,53.1004409819043,0
2026-09-01 00:19:17,3.725243580534431,1154.0990469180517,44.661342285769905,2.713798609638102,53.4252204376588,0
2026-09-01 00:19:18,3.5981765486991595,1204.6188395819963,46.3111087165769,2.545554264892471,53.69377308814574,0
2026-09-01 00:19:19,3.4675168616491376,1121.7688936332097,48.61133775623253,2.2941815420368963,54.3789281179419,0
2026-09-01 00:19:20,3.2500594285126425,1207.1713283428746,47.650009309891274,2.394345865564124,49.32108676923458,0
2026-09-01 00:19:21,3.7290942572590744,1243.5762193043968,43.055329992367625,2.478844134181774,54.4557284166457,0
2026-09-01 00:19:22,3.36104275332364,1137.4400431683162,41.114858857125185,2.030543672513362,60.35174259454945,0
2026-09-01 00:19:23,3.335460125304311,1123.3740861585168,49.71922851820021,2.7296929319448084,52.312090098289886,0
2026-09-01 00:19:24,3.602257043200964,1278.971894584743,49.5379832233189,2.3563923433182428,53.24951921959071,0
2026-09-01 00:19:25,3.7439752406339273,1169.4120180247708,45.37690719285857,1.6648851328605705,51.44914701041081,0
2026-09-01 00:19:26,3.638427281851052,1256.797392297191,42.45902350883636,2.492838709507164,56.83648577918606,0
2026-09-01 00:19:27,3.556390912005236,1192.3001167401085,46.926453067787875,2.2775286223319475,58.60959207442713,0
2026-09-01 00:19:28,3.5594754341665285,1191.9022591529335,44.78403262797478,3.006646657690803,58.54095351753288,0
2026-09-01 00:19:29,3.585341555878031,1221.9206349748322,44.77403775378678,2.3243664937240096,51.25596823331902,0
2026-09-01 00:19:30,3.5758928589786767,1155.800057162678,46.788917686210254,2.1707069909264165,56.49937519149088,0
2026-09-01 00:19:31,3.5281191423969376,1206.6248571747822,45.668749493746596,2.6523798009886046,59.301250102642705,0
2026-09-01 00:19:32,3.5104201103951875,1180.9255292587955,42.62837017797011,2.3018657895977253,56.52898932313037,0
2026-09-01 00:19:33,3.493740687210048,1133.9753278297485,44.35051612983605,2.2661631396243305,56.43522905003133,0
2026-09-01 00:19:34,3.424603541113332,1216.87410373632,46.3223058573227,2.6528504148473218,53.58507226409452,0
2026-09-01 00:19:35,3.471932492313323,1186.8346096561042,46.02050444481004,2.18785980763313,55.66032947138099,0
2026-09-01 00:19:36,3.3307043185804615,1192.1487585777645,45.52403314871695,2.0628179025401643,58.70895453911922,0
2026-09-01 00:19:37,3.490166037320525,1139.4919528292921,46.86684590895173,3.0177994006283013,55.98462690528629,0
2026-09-01 00:19:38,3.401140889284908,1279.5700183881402,44.27656602436547,2.6738496212801937,51.25517573191082,0
2026-09-01 00:19:39,3.389641068278423,1243.8357093193058,45.35733955043814,2.4207372145016905,53.63187497714208,0
2026-09-01 00:19:40,3.517989415115348,1248.207794208599,38.2488417996448,2.4989568370894193,58.62783861666698,0
2026-09-01 00:19:41,3.63920022863446,1184.727764877916,44.10069961231437,2.6517593074348467,55.97422996105328,0
2026-09-01 00:19:42,3.5918316606002314,1113.5408555248289,46.52780581715129,2.792001234884026,55.35718623472923,0
2026-09-01 00:19:43,3.3429499396376823,1297.6458691244754,44.21921106576571,2.2732074126054966,53.3379534002599,0
2026-09-01 00:19:44,3.401037186342966,1196.9451245997066,44.067545216565776,2.6098439577897046,58.5657975416033,0
2026-09-01 00:19:45,3.5940771187988214,1162.5600101989974,42.91709409645036,2.3479887471369283,59.98723779346677,0
2026-09-01 00:19:46,3.401751260646169,1220.8400787241558,47.00673178545829,2.4433056266462128,58.7895673690541,0
2026-09-01 00:19:47,3.4775366850002976,1258.356039400165,46.09692654708114,2.5482078602394713,59.32777486433612,0
2026-09-01 00:19:48,3.5550052099024554,1198.8474721957266,46.65082919564617,2.4979964280841984,53.9238812777015,0
2026-09-01 00:19:49,3.4031655545136363,1263.9287583969688,41.54757207608422,2.7206700694907715,53.49949270787829,0
2026-09-01 00:19:50,3.510537550614596,1254.1499969258434,44.67909991346873,2.6461259677346782,54.530964479502444,0
2026-09-01 00:19:51,3.3665974505081797,1146.1809406298971,44.43977798449999,2.047549237188347,55.11571972592876,0
2026-09-01 00:19:52,3.4398632356048786,1166.3104947170261,44.43885658680289,2.0926530378803676,59.29305934037576,0
2026-09-01 00:19:53,3.5319781934142536,1247.8768581639883,43.76794491256409,2.389084994572212,58.49766021840525,0
2026-09-01 00:19:54,3.340700626646833,1064.369371809478,44.30779145643997,3.0485875787325476,56.61540816176348,0
2026-09-01 00:19:55,3.5440474737960397,1192.5272153417507,46.6992895654133,2.2445224502495194,50.706439702459335,0
2026-09-01 00:19:56,3.498036220107332,1128.4584399187663,41.17429729330434,2.4375331871161743,49.935934466209375,0
2026-09-01 00:19:57,3.5552489954417146,1176.1723099283238,48.55458953606091,2.3390961919130433,55.72138823440511,0
2026-09-01 00:19:58,3.522391413406466,1185.0589955485398,45.967682250052924,2.333786684773576,57.64078961680215,0
2026-09-01 00:19:59,3.6364140429973846,1182.0877811046246,44.91533620867958,2.5534719231715166,54.76129885304159,0
2026-09-01 00:20:00,3.512522450264791,1172.3869373943696,46.81366829274585,2.9202331828586954,60.74471351493521,0
2026-09-01 00:20:01,3.4570594458874746,1145.1428175185592,42.09633050966313,2.6367905199641766,51.752676868658696,0
2026-09-01 00:20:02,3.5122297503032285,1314.5955633409344,43.67059818969797,2.2589407115718725,51.374944151513205,0
2026-09-01 00:20:03,3.5543298029036388,1293.3731002080676,44.75784913521889,3.325968853240962,53.00715707657704,0
2026-09-01 00:20:04,3.5048860070325705,1141.8967089871858,47.731120740864355,2.523571966288338,52.8931083604263,0
2026-09-01 00:20:05,3.504059169120388,1279.1058375651783,44.907006837746884,2.326833713085366,56.578857606045936,0
2026-09-01 00:20:06,3.4298008312193247,1180.0267254763573,45.90010934237029,2.923628912403277,53.734864444469494,0
2026-09-01 00:20:07,3.4337099082449054,1206.4593736665856,43.82084200812774,2.3592788146168546,50.35647861616401,0
2026-09-01 00:20:08,3.3597394728200305,1196.8363020051543,45.97368413793498,2.998874096496233,57.67473537008535,0
2026-09-01 00:20:09,3.674957674318694,1167.0125679373018,48.35447918594891,2.23880716271,49.72014422178361,0
2026-09-01 00:20:10,3.3756136764608713,1249.1926171803073,46.99105338334823,2.929009116676411,51.786345330967876,0
2026-09-01 00:20:11,3.4307094802204094,1206.294326528833,44.83708802444424,2.5603142992845083,50.131880287768396,0
2026-09-01 00:20:12,3.42815927344308,1176.1724288390378,46.35098169453094,2.88731566981073,55.62136383121262,0
2026-09-01 00:20:13,3.589492437694444,1134.7705278099763,46.155033909214424,3.070529712610463,55.55814313645364,0
2026-09-01 00:20:14,3.4705050321707973,1155.320249314044,46.01317534339455,2.160217812843624,60.74936296304906,0
2026-09-01 00:20:15,3.6247742072673734,1117.9309942198952,47.223906721720816,2.8827315462274967,57.74147996843665,0
2026-09-01 00:20:16,3.4326509375756133,1200.6111774207584,47.208955407674935,2.0773288286723783,59.3249385500266,0
2026-09-01 00:20:17,3.5278994162223802,1140.1667203857803,44.74568280625023,2.1858446934255316,55.86582895389548,0
2026-09-01 00:20:18,3.4164652946740244,1186.721974374073,46.28375812295554,2.2589771620622687,52.06920453672831,0
2026-09-01 00:20:19,3.714514912777339,1268.5050926805186,44.23381015768041,2.6510909908533584,55.38432280598049,0
2026-09-01 00:20:20,3.381240158097049,1259.9649786460793,43.15385520736884,2.509904763080458,56.77726302216192,0
2026-09-01 00:20:21,3.5309820710227027,1198.386155294869,44.461012488592026,2.449859174751149,57.11142214675473,0
2026-09-01 00:20:22,3.56337768809321,1195.6457636928426,44.847443696520834,2.5438705837067084,53.582763567674974,0
2026-09-01 00:20:23,3.54137990974515,1293.9937274710503,41.676838021644016,2.677386876788042,56.4663594213472,0
2026-09-01 00:20:24,3.481471234112229,1226.0378060179355,46.72066511883344,2.7004744371824057,52.20091608747621,0
2026-09-01 00:20:25,3.4870179300266573,1183.6096770061738,39.465349154795206,2.8282500506845394,51.87016721766785,0
2026-09-01 00:20:26,3.504381147197911,1128.6990941439774,50.429633878972645,3.046010443830232,51.652645865843546,0
2026-09-01 00:20:27,3.485299799837151,1219.6936609082372,48.00375826759264,2.493591288267557,55.07387796567039,0
2026-09-01 00:20:28,3.596387911679491,1241.466188629143,44.47798255165537,2.343673311360725,51.46649093477109,0
2026-09-01 00:20:29,3.721052300159135,1168.4174237743177,45.018852721127544,2.6840608387555567,53.72576683038697,0
2026-09-01 00:20:30,3.4442508214992165,1214.5601377569017,45.605943747174564,2.156723555120614,57.70874965424187,0
2026-09-01 00:20:31,3.3630197020420924,1181.8213352542487,43.82167922402212,2.2963887603665167,51.91261096576508,0
2026-09-01 00:20:32,3.4911717951648744,1190.7983800400498,45.38523829517387,2.799814283917837,53.48706389948705,0
2026-09-01 00:20:33,3.757970933765432,1075.6088971218835,44.71200004459668,2.4627614875546886,55.214893830328506,0
2026-09-01 00:20:34,3.419632543203027,1188.9109298141932,44.81145456553807,2.1375422624925884,55.7406607045968,0
2026-09-01 00:20:35,3.6639116805444067,1248.4684651204027,45.36292212696128,2.053059080390448,53.50212822758332,0
2026-09-01 00:20:36,3.667770081407644,1168.429872221672,42.37294440329201,2.5146150038181423,57.36058020620547,0
2026-09-01 00:20:37,3.4446411758292004,1202.6263184107659,45.0791394482673,2.842568961090403,56.77135690235417,0
2026-09-01 00:20:38,3.5568983079185275,1162.202464665404,45.32689549323496,2.838563733259356,58.41956981308511,0
2026-09-01 00:20:39,3.662839662312854,1218.0220838146386,45.25769924271183,2.533264150867851,54.75519422695882,0
2026-09-01 00:20:40,3.4620872259012514,1189.1738401231912,44.56833848912769,3.1026728257288383,53.46154357163097,0
2026-09-01 00:20:41,3.479641963989764,1153.0379229658997,47.275715551938745,2.468553890217861,52.952103933963635,0
2026-09-01 00:20:42,3.4418319086051357,1266.6275733832563,44.292694890236895,2.458429712980777,55.92108255378809,0
2026-09-01 00:20:43,3.3985243269307133,1246.4466006766108,45.45465181364638,1.7297692270783,53.868532651566184,0
2026-09-01 00:20:44,3.4350722454933993,1169.7546618035913,47.59459506785109,2.365791115251635,53.29249066695763,0
2026-09-01 00:20:45,3.3776059733237744,1224.889415470889,44.84124771995938,2.755604510472548,53.65513820726403,0
2026-09-01 00:20:46,3.5034083468259225,1226.870600141019,45.4289265349351,2.9691884010579113,52.94892854462724,0
2026-09-01 00:20:47,3.4230026768941357,1232.1150617505589,44.807230727370204,2.250929609899815,55.597063338288194,0
2026-09-01 00:20:48,3.5233785911790747,1115.287205200246,47.474739587127196,2.6386756987879147,50.762250452367816,0
2026-09-01 00:20:49,3.344410435379637,1250.3303270516315,44.48455087682741,2.8140637096969865,55.90904887742489,0
2026-09-01 00:20:50,3.533088023221446,1171.5150518537134,47.56670915457641,2.5033624459587696,57.029646281208855,0
2026-09-01 00:20:51,3.5833528961608927,1182.1086033279366,44.792824210705874,1.815015862741831,53.25736258546811,0
2026-09-01 00:20:52,3.3006264357428545,1331.89408761301,43.28108055310397,2.5741869998722757,60.76611081881964,0
2026-09-01 00:20:53,3.5374056569847574,1215.0936690360506,46.35874634114824,2.7284291872182678,55.05286393293056,0
2026-09-01 00:20:54,3.6227668992473294,1180.6838762276411,44.39066433248869,2.2157731314944624,50.315971050700334,0
2026-09-01 00:20:55,3.3790358981308795,1089.7352813622047,46.241001798198326,2.423753640737684,54.15627128098999,0
2026-09-01 00:20:56,3.6672572386837703,1269.4882066973178,39.541191230152535,2.1533511873613707,55.18796843480739,0
2026-09-01 00:20:57,3.5419019009366046,1132.7395164595698,45.01041052378989,1.7289557354258942,56.34690266671064,0
2026-09-01 00:20:58,3.429498814424159,1149.8280548250248,44.08078940248504,2.808101323536297,54.22770842766746,0
2026-09-01 00:20:59,3.4944230922342294,1183.4323850456076,42.873482626937445,2.4988754398594444,51.96528917288683,0
2026-09-01 00:21:00,3.555832691252172,1270.8205895850147,43.8935179963204,2.979302499011495,51.71505814566315,0
2026-09-01 00:21:01,3.507600539141241,1238.661999333288,43.8525937114147,2.7571966575718534,53.03920214445499,0
2026-09-01 00:21:02,3.5538755992446367,1192.108124507987,44.904028410298835,2.3937370715003654,53.32667391244371,0
2026-09-01 00:21:03,3.4079326406920636,1215.414603181941,42.265347077430086,2.4750458019686774,51.59507750530223,0
2026-09-01 00:21:04,3.5169360824036078,1169.9807153564448,45.63254756051943,2.6698532172310516,52.8015605166889,0
2026-09-01 00:21:05,3.358628550309502,1206.9826844782676,47.732429570411576,2.790065025026723,56.97837557331806,0
2026-09-01 00:21:06,3.48887739386513,1203.6668372389067,45.56185699389565,2.5968011892226035,59.94523782308346,0
2026-09-01 00:21:07,3.409609235853521,1248.4384947840676,46.617977218458016,2.831677943586845,57.266385141612886,0
2026-09-01 00:21:08,3.4264470057410232,1248.3589061219475,47.189124909227594,2.4109993789976585,58.917583258560434,0
2026-09-01 00:21:09,3.6236093175210438,1224.6988691102822,47.47297902436836,2.200856935964294,57.922355404701094,0
2026-09-01 00:21:10,3.609131012059427,1181.8826221226948,48.740277385642614,2.480557223931661,57.499390985195035,0
2026-09-01 00:21:11,3.5609138120907176,1237.0911147195063,44.00159600344814,2.561555467220855,53.986611210828016,0
2026-09-01 00:21:12,3.390768723532742,1195.4015766898476,43.563032029677764,2.139539381578214,55.42273263516084,0
2026-09-01 00:21:13,3.46835915503052,1145.9042815643434,46.56693129664947,2.0989833747560134,53.73814197263194,0
2026-09-01 00:21:14,3.6213097699979184,1179.835610404453,46.4165324393148,2.634215888942028,54.34267851299912,0
2026-09-01 00:21:15,3.5141716913639907,1204.2263491892163,46.55135059923138,2.378092944588873,55.20450130115976,0
2026-09-01 00:21:16,3.7319329539981694,1245.5107891832372,48.778564908500506,2.4502477283013993,57.14069845473708,0
2026-09-01 00:21:17,3.539331783939437,1190.8235913921424,45.022739817596985,2.392092200289753,56.26997014454537,0
2026-09-01 00:21:18,3.519204911649003,1139.5400644380197,45.85231311929237,2.9561802705289635,54.51451221095693,0
2026-09-01 00:21:19,3.4690883535797497,1202.837084164841,43.03922349703305,2.8785283481185,55.166616222674996,0
2026-09-01 00:21:20,3.513354090478228,1205.6728020028277,49.27064224795191,2.1287938929882495,56.30039102258058,0
2026-09-01 00:21:21,3.4847530163619456,1209.2918814451377,44.32691015758178,2.3401620360758657,57.00218331417351,0
2026-09-01 00:21:22,3.5708108676688592,1245.9935757977214,44.38356814367834,2.7550012803908777,50.443014510228394,0
2026-09-01 00:21:23,3.5956702316794584,1250.946162004495,44.30650021798351,2.6805808711309727,51.767833108303186,0
2026-09-01 00:21:24,3.421401053949205,1170.2894563809166,43.71020828271133,2.4875626113010645,58.32193160181803,0
2026-09-01 00:21:25,3.366876704644222,1169.192827097553,43.5411259023047,2.158719938510729,54.81739129020683,0
2026-09-01 00:21:26,3.31637946268967,1147.9900644522263,43.95259143422095,2.2952379861539365,53.727770219899064,0
2026-09-01 00:21:27,3.5507991326912545,1234.940783514024,42.268408143898114,2.344969729736113,54.209501581221886,0
2026-09-01 00:21:28,3.3896633393826128,1272.4410054168857,43.42936415947352,2.58309829933573,54.20888408327034,0
2026-09-01 00:21:29,3.284710940704752,1184.2459036045539,48.89792622289524,3.011118146409171,56.67381334457312,0
2026-09-01 00:21:30,3.5388578604530965,1187.9284717637504,46.47131028728274,2.2939359295635615,51.6759508180577,0
2026-09-01 00:21:31,3.749299951743279,1273.3391278449487,46.85180835345544,2.192189425733428,55.07433323949029,0
2026-09-01 00:21:32,3.4993929088460107,1225.2778926607505,47.35441757483383,2.467424056951617,55.73835318835121,0
2026-09-01 00:21:33,3.5838490774451643,1221.8117852400528,48.66826912872478,2.809521694154218,56.18880374969651,0
2026-09-01 00:21:34,3.5081829358547565,1140.4541747013136,41.45715489711231,2.065935109971789,55.66859198863088,0
2026-09-01 00:21:35,3.490111034680886,1233.936403463971,42.54023376942692,2.936090245262484,56.547718690942084,0
2026-09-01 00:21:36,3.591907648298777,1153.543182974512,43.39255267821063,2.4483905913652992,53.281911546825064,0
2026-09-01 00:21:37,3.4709725455811347,1143.298990703252,44.0605404070208,2.2797039993059878,52.17459180302513,0
2026-09-01 00:21:38,3.5267392314071904,1182.6614211616643,44.3988612188295,2.0199432139713522,62.37101332975154,0
2026-09-01 00:21:39,3.5321697806196015,1170.7103638275655,44.10604489438792,2.7119562320261883,54.096205946277294,0
2026-09-01 00:21:40,3.433190954635695,1188.920015280748,45.43861782626411,2.4486486414275395,54.4466365880363,0
2026-09-01 00:21:41,3.5992042349536524,1127.950918273754,45.07059078149043,2.551211644826352,57.03352029315366,0
2026-09-01 00:21:42,3.482504024330459,1247.9408153233837,43.5543304096435,2.229756477696591,59.78826787658272,0
2026-09-01 00:21:43,3.4244254840507153,1256.3843147258215,40.64890244602486,2.404271189724693,53.366415649195915,0
2026-09-01 00:21:44,3.5536509843570405,1102.6328762929593,43.014262589242605,2.354025626093579,52.00355419543142,0
2026-09-01 00:21:45,3.410153201820896,1248.9228902833274,43.90152269337485,2.469822068386538,51.27353994762517,0
2026-09-01 00:21:46,3.502818115736913,1159.4735685089188,44.50584112638456,2.299134302087257,59.77931866450878,0
2026-09-01 00:21:47,3.49908810033558,1242.8487768491393,42.74066508137893,2.0397457117938336,51.8856790406169,0
2026-09-01 00:21:48,3.6085895565831576,1196.5776753666792,44.01838706700716,3.318549923588982,54.9173321904533,0
2026-09-01 00:21:49,3.547469823287995,1201.4387782040499,42.73802522302883,2.0909787257987458,52.068145503871094,0
2026-09-01 00:21:50,3.4974973041254858,1190.745117528939,44.74836129690333,2.5544377020827618,50.654932246125085,0
2026-09-01 00:21:51,3.5817766299200287,1260.6064602116744,42.85381734327477,1.9683916514727873,54.12287394071894,0
2026-09-01 00:21:52,3.6390207549017313,1138.0205993737486,43.30219068725907,1.9008857690146077,52.18664000097652,0
2026-09-01 00:21:53,3.555781030635186,1230.3920169367505,42.38263173802172,2.52934794755568,52.92511472373006,0
2026-09-01 00:21:54,3.501035261984338,1255.0665082444775,44.692998608860435,2.552310276330491,61.01831529225221,0
2026-09-01 00:21:55,3.368816376764984,1235.8170040270206,43.267104460095204,2.878449697240715,56.274688312517206,0
2026-09-01 00:21:56,3.3934886336924626,1316.2349457161708,46.81356853335086,2.619864052304712,57.794408558661964,0
2026-09-01 00:21:57,3.469477529564533,1173.552661863765,45.811700533385796,2.4550567843762625,57.47397868854776,0
2026-09-01 00:21:58,3.4390487797840716,1247.8652411296766,44.86029626363271,2.2151199267804986,54.69741723076292,0
2026-09-01 00:21:59,3.481302869701455,1194.695468232929,43.40502900531242,2.9497036204700646,53.68084492186713,0
2026-09-01 00:22:00,3.5056649924897108,1261.6703038176336,45.761040610632605,2.778655373815067,55.74680383558335,0
2026-09-01 00:22:01,3.552969275435673,1199.6155502139316,46.381401778697274,2.126101156675473,55.50535230979748,0
2026-09-01 00:22:02,3.492950122194091,1180.6062109068764,45.28537682440326,2.5113891184631907,53.293583748504076,0
2026-09-01 00:22:03,3.5486501643826203,1265.3036101935813,48.20740371093386,2.543215669457949,55.38954349140058,0
2026-09-01 00:22:04,3.506447441481012,1175.4219030490535,45.91927463614963,2.3963039030182993,52.88101087991112,0
2026-09-01 00:22:05,3.302453343364613,1129.3637120549722,46.82721443513607,2.7315551457420386,54.485626208077484,0
2026-09-01 00:22:06,3.4060664606181246,1174.1576558413085,45.26713083107196,2.7495199415044533,53.99414957644799,0
2026-09-01 00:22:07,3.4855912444278383,1230.9516473294266,46.351328906513956,2.442854290658468,51.19338222218266,0
2026-09-01 00:22:08,3.3790305257158892,1269.6019375793546,43.40643753466165,2.4157392262607025,47.946525360663486,0
2026-09-01 00:22:09,3.5599928729996204,1205.5564687648257,44.08320327357441,2.9496875388002595,52.1828102501809,0
2026-09-01 00:22:10,3.65307508323437,1265.9098533617012,45.69872710696476,2.7798516677086713,60.4123139937589,0
2026-09-01 00:22:11,3.621876185169732,1132.0912539261203,45.68419896311476,2.5217081169725155,54.070954653889814,0
2026-09-01 00:22:12,3.478655712906979,1177.836826759105,46.01522364588649,2.011237288275984,57.32790448268921,0
2026-09-01 00:22:13,3.649072613684995,1185.571244142295,47.20078578455746,2.603200031891511,48.626664570719925,0
2026-09-01 00:22:14,3.514866745720211,1194.272028626374,42.15005765636918,2.7094250394753003,51.97514179610702,0
2026-09-01 00:22:15,3.466291402888196,1204.2047194125098,43.051094904779404,1.6736435114804882,50.93653114791295,0
2026-09-01 00:22:16,3.438659733645906,1234.5455478696097,45.459145282148505,2.5755608344954077,54.39309996973866,0
2026-09-01 00:22:17,3.4697530313511873,1177.7596580914756,43.55127273639308,2.3749924039612793,62.26586644160573,0
2026-09-01 00:22:18,3.461182318145877,1206.9514343476562,51.75553648257873,2.4337437159611346,56.380716829683756,0
2026-09-01 00:22:19,3.517041622237549,1197.7438554837975,46.03143923834027,2.227785714171004,60.08683759983426,0
2026-09-01 00:22:20,3.5160573981049863,1153.7055048054426,44.843338302139685,2.4555432128789074,54.23668981694301,0
2026-09-01 00:22:21,3.5003046020153414,1194.3166655459281,43.96906145383228,2.9175974728543994,59.094608121565216,0
2026-09-01 00:22:22,3.543693816974635,1192.817023505144,44.03967543361391,2.366080450355345,61.21977012004867,0
2026-09-01 00:22:23,3.619064627478634,1191.7459717498477,45.06028132263035,2.789672067637955,54.671892800768624,0
2026-09-01 00:22:24,3.5949554135441324,1201.5879728290724,45.22396386524252,2.2581006343361167,53.3822058663179,0
2026-09-01 00:22:25,3.3515102031550095,1203.7836770306692,44.086601710612975,2.7276268577968117,51.046567189029545,0
2026-09-01 00:22:26,3.2446078865098045,1178.3852410446334,44.453695506960194,2.5004967566865854,54.07281922426909,0
2026-09-01 00:22:27,3.593431991123927,1263.6357366985633,47.68856915046919,2.605607448636784,55.24569002560237,0
2026-09-01 00:22:28,3.363312130158458,1141.5259685398491,47.76900992530207,2.5021459768292464,61.092860852047444,0
2026-09-01 00:22:29,3.477523459810732,1163.9514945765052,45.50406795986975,2.6924875697323625,51.11507807771174,0
2026-09-01 00:22:30,3.382988697394064,1338.9981812111778,42.31748054552652,1.7297244646198726,55.178985681090936,0
2026-09-01 00:22:31,3.319801956241998,1148.1004322505385,46.07700631327809,2.074052405962729,49.55707563583115,0
2026-09-01 00:22:32,3.554146272820479,1132.3122662645121,48.10856488322205,2.6251241494025934,53.7197115134843,0
2026-09-01 00:22:33,3.575915516030265,1236.7238372500608,47.739562203924756,1.8869384938311293,55.93418607223606,0
2026-09-01 00:22:34,3.4423489599273283,1096.1440073113063,46.468851705619336,2.340825893305837,56.537749458065676,0
2026-09-01 00:22:35,3.240895770785509,1188.236304501378,47.84484591057164,2.483697747689005,56.767069238925764,0
2026-09-01 00:22:36,3.445375555174752,1307.2912462538245,45.106768544958044,2.251557958716131,56.192212098660534,0
2026-09-01 00:22:37,3.5391804005402547,1122.75320389233,46.25620593966741,2.292531579191868,56.741265820288724,0
2026-09-01 00:22:38,3.352108843122587,1100.9017757130644,43.63844886734964,2.581474660046078,55.13721738700799,0
2026-09-01 00:22:39,3.5183359919779154,1125.040939902115,45.58453091231142,2.8027884867339425,51.85640108203309,0
2026-09-01 00:22:40,3.4984690150827005,1244.9179784173493,47.65906848794105,2.2124651856235578,49.44502910895983,0
2026-09-01 00:22:41,3.557929149960109,1256.2388359992906,43.82115317702622,2.327482541143789,53.359936534788346,0
2026-09-01 00:22:42,3.511958036841415,1174.3705601510746,43.277113141071425,2.2806217080018865,54.59615370081031,0
2026-09-01 00:22:43,3.4026931059118444,1234.1606202000535,45.194977878047396,1.7735860744368166,58.76179539152644,0
2026-09-01 00:22:44,3.619657150166449,1269.5127663755995,44.546675592552,2.5425135370952527,54.69819497453144,0
2026-09-01 00:22:45,3.484147042697303,1289.3673207214913,46.29829544214084,2.7804153237485476,54.41029289734992,0
2026-09-01 00:22:46,3.4972695460490066,1187.6832359410075,44.09348094810591,2.8049929621947647,56.15658138052534,0
2026-09-01 00:22:47,3.4066732040926806,1084.9264141165006,48.43687923120543,2.2387700870677785,54.18996403764639,0
2026-09-01 00:22:48,3.455671774880849,1158.9560538795156,42.42064780407789,2.124490585443957,57.431625996840815,0
2026-09-01 00:22:49,3.41151972859731,1178.6597902532371,47.50746957243947,2.5064816642775054,60.938000855151635,0
2026-09-01 00:22:50,3.4827053940076578,1187.0530601710805,43.47030154338379,2.74878210596994,61.5723565426321,0
2026-09-01 00:22:51,3.6711708480142344,1190.607029949564,41.408034530831955,2.5464551344931152,55.29112188173347,0
2026-09-01 00:22:52,3.3628098857068642,1255.9447298965335,45.475750312697734,2.5867913907621283,56.01067709408635,0
2026-09-01 00:22:53,3.338643860212326,1263.721421334379,44.49078402797223,2.84254927832087,59.73656836112045,0
2026-09-01 00:22:54,3.6471170327493607,1191.416317303761,42.78078126419394,2.278259032230789,54.55011393131119,0
2026-09-01 00:22:55,3.4790676322848135,1254.924243802591,41.63724621656947,2.434008973998091,57.037576425772535,0
2026-09-01 00:22:56,3.4330927261340083,1217.8830683315546,44.98327842545709,2.9903816535283605,51.59451961094253,0
2026-09-01 00:22:57,3.6039904687396076,1203.2252986431286,46.951673783247635,2.440956663070712,54.067482555175005,0
2026-09-01 00:22:58,3.4394384460263137,1245.3272078554983,46.16990698617289,2.1197989102100285,58.46834384993592,0
2026-09-01 00:22:59,3.6826009713546934,1203.6126024118958,45.113413297678534,2.2991931711249114,52.84541309863713,0
2026-09-01 00:23:00,3.567792587133927,1302.890558854888,45.95769514643547,2.2185460446336274,54.61584646381097,0
2026-09-01 00:23:01,3.4512088591854297,1128.079441660272,44.945571735244286,2.6071487757103813,50.27737106319364,0
2026-09-01 00:23:02,3.7157308213265505,1174.241455045399,42.14055151393926,2.2312158989233666,61.01730488352891,0
2026-09-01 00:23:03,3.4394285076996662,1193.6740551523026,42.15821202955311,2.5813102758583732,58.78908420945071,0
2026-09-01 00:23:04,3.5742095372009306,1221.9726345228996,44.59366294203064,2.279180434437805,55.564298698458245,0
2026-09-01 00:23:05,3.5299292580406494,1263.3980243551543,44.67869342726785,1.8629864384805317,56.52253861624698,0
2026-09-01 00:23:06,3.63017412893988,1198.780071638192,46.70196535701353,2.5919859360945767,56.187694320830104,0
2026-09-01 00:23:07,3.6561511196726855,1128.8885175246896,46.51460844754949,2.5445391044640666,59.15293525909236,0
2026-09-01 00:23:08,3.5032004149065767,1242.1256948227501,46.2102660315179,2.6553273447126524,53.44359987288588,0
2026-09-01 00:23:09,3.4246582129653818,1237.7479383070981,44.43943457384564,2.298103834250423,57.1968028597847,0
2026-09-01 00:23:10,3.545997214293912,1102.9070670310298,42.23869565977972,2.2661366573921873,58.23224949655652,0
2026-09-01 00:23:11,3.4322284630247895,1199.80979331646,45.82414227413205,2.6204400575444637,58.64597791142937,0
2026-09-01 00:23:12,3.701338724752662,1120.492908465985,46.050338626524336,2.955705871759294,48.22188734850491,0
2026-09-01 00:23:13,3.5136535331082737,1166.7674451248968,40.22293707504463,2.5033504028518982,53.20217656520457,0
2026-09-01 00:23:14,3.4634678448687892,1154.85955365186,43.331323626834674,2.6273755288141434,51.94248813609429,0
2026-09-01 00:23:15,3.518468030586491,1240.4632349120993,43.617891245212206,2.403523694672288,55.44876485671206,0
2026-09-01 00:23:16,3.3652873710470304,1205.8415087086091,45.236700402246875,2.0369108434378944,48.95190934145718,0
2026-09-01 00:23:17,3.4028385961489347,1135.7204499621987,43.393279134468614,2.790228825746217,48.86313132716319,0
2026-09-01 00:23:18,3.6200413907944426,1244.003298147867,44.923730862350716,2.7725242717258487,61.51028497562878,0
2026-09-01 00:23:19,3.4343105721028606,1128.3097088035793,44.578930119294014,2.7132322075525583,56.853068164790024,0
2026-09-01 00:23:20,3.395308901731806,1216.5056895235473,44.681701056924545,2.4454163684972743,55.36302772959643,0
2026-09-01 00:23:21,3.5536652752527287,1159.2994665354222,43.56721141259851,2.679116829921562,56.091017943516945,0
2026-09-01 00:23:22,3.6185704154662997,1181.716145873474,43.72202989186665,2.7681285392163493,55.43902277124754,0
2026-09-01 00:23:23,3.5718953310665067,1225.2135374019192,42.83946588043862,2.986047605487012,57.992051969654575,0
2026-09-01 00:23:24,3.5996047685805816,1226.0724699529765,45.760134881147664,2.7965578313942325,53.102667423808064,0
2026-09-01 00:23:25,3.424320491143054,1266.848453677798,46.14220525718274,2.519146367510092,55.55984447822071,0
2026-09-01 00:23:26,3.3578189333258157,1195.8873150164272,43.458764099749324,2.1075240233726884,55.68226380381314,0
2026-09-01 00:23:27,3.6501333651955488,1215.3225431481671,48.04128019203409,2.5466974893015224,51.85942612462499,0
2026-09-01 00:23:28,3.4677320161157863,1178.1131338797838,44.370797105115905,2.5769732187547922,58.830949177189154,0
2026-09-01 00:23:29,3.4749166983544955,1209.0994941311399,48.060371247593125,2.712708932595491,53.662969780295775,0
2026-09-01 00:23:30,3.632819414184906,1221.9743024004256,43.71574565233679,2.9061675577970276,58.052265009426705,0
2026-09-01 00:23:31,3.555623000940066,1195.0845076272813,40.94684444680113,2.4714548463829664,55.344738179114444,0
2026-09-01 00:23:32,3.545588777208161,1109.8124757953751,45.804395649824706,3.1302961569439334,59.900754497227176,0
2026-09-01 00:23:33,3.7165002344901086,1216.5735448165447,45.49709021023797,1.9722138939878269,51.87586273443543,0
2026-09-01 00:23:34,3.4356481769619855,1218.2280738677728,45.068787590615166,2.6258025617384875,51.74572359546865,0
2026-09-01 00:23:35,3.592784012808124,1165.9913261826025,43.71553504311202,2.2604438823447914,52.28291322698708,0
2026-09-01 00:23:36,3.5057013124897085,1135.7806481963744,44.930855549028365,1.927833400093359,55.39988665154312,0
2026-09-01 00:23:37,3.5268592278863258,1273.7939575251983,43.977481084260944,2.4394676871102523,59.62440518733462,0
2026-09-01 00:23:38,3.652846842641253,1224.57227554472,44.3953008673365,2.062848190473713,59.77928085449575,0
2026-09-01 00:23:39,3.5507835756289623,1188.5459484539144,46.68326451153015,2.451571630590155,48.07009419868468,0
2026-09-01 00:23:40,3.553829607904963,1143.1483558426257,45.36843445906019,2.510430774428337,55.749121483667615,0
2026-09-01 00:23:41,3.60725073373098,1158.9092585789326,46.21990277466396,2.835562422800785,45.36113916845493,0
2026-09-01 00:23:42,3.4635047270457116,1265.1295198393116,44.53626298674842,2.047724459570819,57.38509538135511,0
2026-09-01 00:23:43,3.4160790332660995,1206.8830970434024,44.31596530839045,2.7725335496937316,58.35450824468562,0
2026-09-01 00:23:44,3.3955190805978965,1172.4706466499647,42.69303493822271,2.5294241350839384,54.879267175923445,0
2026-09-01 00:23:45,3.3033643410624,1225.4844615612328,44.25992677486361,2.8086547460828784,55.25194473248426,0
2026-09-01 00:23:46,3.7056207129940324,1159.2800906276839,38.35777088882172,2.3704746474906617,55.22091667882072,0
2026-09-01 00:23:47,3.389679163427832,1275.042151514019,43.81955606738873,2.1003266239709664,52.64667424377626,0
2026-09-01 00:23:48,3.4778746376414227,1267.6400267448362,44.83625164561832,2.13475020213524,56.29511735596444,0
2026-09-01 00:23:49,3.472318670011108,1176.6712964398612,46.127347308540315,2.112457763899865,54.30577599504023,0
2026-09-01 00:23:50,3.53074066978091,1168.566487648457,44.462644244950084,2.6433442458761967,57.79087512786886,0
2026-09-01 00:23:51,3.5815737212539296,1069.093340065386,45.695347084489995,2.94307660666441,54.65911919644231,0
2026-09-01 00:23:52,3.5860473488359745,1125.9209614224317,40.64042267721951,2.330514542003434,52.41693068053522,0
2026-09-01 00:23:53,3.441692256143106,1133.0265112521122,44.8863262955861,2.688740589477335,50.39240598740347,0
2026-09-01 00:23:54,3.483287828621359,1206.7595170493694,41.64099441417319,2.042967382559314,49.40780552483287,0
2026-09-01 00:23:55,3.52825799504883,1183.688314777932,42.58339296868134,2.5540963747531897,58.93752803186331,0
2026-09-01 00:23:56,3.475130887381645,1132.733225629238,44.62566890427228,2.700568784901138,53.62663194142294,0
2026-09-01 00:23:57,3.6607345576019994,1185.9417978767722,47.55252797574711,2.0655625674169396,56.01572257024495,0
2026-09-01 00:23:58,3.5490974951638252,1225.2668573823673,45.74241352694012,2.4388349593060434,60.349689675233556,0
2026-09-01 00:23:59,3.573487778604982,1226.3919674957795,45.036461994274234,2.7147751421456694,53.31158700610633,0
2026-09-01 00:24:00,3.5662881268667412,1105.016485957056,44.96093922106579,1.6198688058311568,53.11756754685654,0
2026-09-01 00:24:01,3.6173473857485323,1193.5868259758086,43.57274221359106,2.9006359185105226,54.60351474293403,0
2026-09-01 00:24:02,3.5181021558703707,1130.8329611514196,43.912033173254635,2.6061038127673144,55.08829810125998,0
2026-09-01 00:24:03,3.3703168052044155,1245.0864348570137,45.854752090941595,2.715018294315203,60.66265405076754,0
2026-09-01 00:24:04,3.5399687951752643,1239.2073208176748,42.229278963111014,2.3761842162415707,59.69746178228234,0
2026-09-01 00:24:05,3.434864310620817,1155.0986386837772,46.186108100566045,1.9831832555303934,56.86262624772024,0
2026-09-01 00:24:06,3.447138331825024,1161.69773987998,44.2229858657623,2.6602188868950853,59.3482413069906,0
2026-09-01 00:24:07,3.5586364018755092,1176.9366474750846,46.65111414973913,2.4752229023750463,54.46534296229643,0
2026-09-01 00:24:08,3.6238283071433637,1087.360330263433,46.92218691446416,2.509634636629696,55.89749370156544,0
2026-09-01 00:24:09,3.5021271576736064,1216.798408672029,41.65383197498852,2.826282095559686,54.09545906638392,0
2026-09-01 00:24:10,3.5308833012598964,1186.3577726829935,43.83683847354556,2.7286191621587794,51.128894852261084,0
2026-09-01 00:24:11,3.6702214944635236,1248.5087541283929,43.288944624118756,3.0763712251268838,58.61162422538079,0
2026-09-01 00:24:12,3.524075317948857,1145.0795391018723,41.37454406985371,2.54615626866205,56.59509620196958,0
2026-09-01 00:24:13,3.7601683114180395,1169.0438525875034,42.93493344758118,2.292636268662665,55.054220420270994,0
2026-09-01 00:24:14,3.5565509645631543,1124.6737370980443,49.88251169053068,2.443474945927382,54.992596452063474,0
2026-09-01 00:24:15,3.3239237240844184,1149.7854718252875,46.21901979242488,2.624699011761582,50.48135538728047,0
2026-09-01 00:24:16,3.5753341621104533,1140.900900196589,48.83457593721151,2.804756955697893,52.06757400054185,0
2026-09-01 00:24:17,3.538115838488278,1249.7986839423222,46.65819688003667,2.0598898145683844,56.00845951034208,0
2026-09-01 00:24:18,3.6289752754082745,1165.0869075624305,43.51631367798305,2.502561284553751,53.41266199817648,0
2026-09-01 00:24:19,3.567318135126996,1206.2087842372307,44.23645760665191,2.982862497111511,54.34686087634753,0
2026-09-01 00:24:20,3.4861544016016226,1180.9618298069097,46.176872360480615,2.4279373386992438,54.686031805662694,0
2026-09-01 00:24:21,3.3775701763710635,1136.5267366993594,45.87501240694607,2.7793035564607314,52.95259369294867,0
2026-09-01 00:24:22,3.4790976742713973,1191.584978841418,43.845315968583336,2.6479352581648015,52.09624503992785,0
2026-09-01 00:24:23,3.41494795457907,1229.9551665931797,41.980013658841585,2.786758181957494,50.16292710722388,0
2026-09-01 00:24:24,3.441947655019528,1139.6120303728324,51.57552237477748,2.2570718375200203,54.56044516296538,0
2026-09-01 00:24:25,3.558857840442061,1240.455639536569,44.71770065531439,2.2583794989803256,56.85582564283085,0
2026-09-01 00:24:26,3.6669904504351405,1157.5139539261152,44.34852221363476,2.5060815676366865,50.06909757334015,0
2026-09-01 00:24:27,3.539467152982298,1175.850803696358,45.22666892781061,2.0403334638279067,54.92785652470052,0
2026-09-01 00:24:28,3.3804116937964817,1226.5341561505024,44.514542821377944,2.4190778180165027,55.843429758074684,0
2026-09-01 00:24:29,3.544460266822014,1166.8281921390255,45.245457815410965,2.5758629972547,52.031258788812565,0
2026-09-01 00:24:30,3.619663148664565,1201.8787429667932,47.57389457223284,3.0353906820849317,59.26642543464426,0
2026-09-01 00:24:31,3.439021709568062,1184.2654585605953,44.75090304062715,2.6208154567809463,53.842853892884776,0
2026-09-01 00:24:32,3.4865982833327083,1206.4684003351908,42.67457912134448,2.6875685412619306,54.69622093463047,0
2026-09-01 00:24:33,3.5014688194729198,1080.963044723825,44.67671241104278,2.8493427541150016,54.51619149820606,0
2026-09-01 00:24:34,3.421510168691776,1108.5159092395959,44.07119643718018,2.210602723331483,49.687676732226834,0
2026-09-01 00:24:35,3.5648280433843857,1230.798350302342,47.8477978744937,2.4504752012887043,58.02625621505213,0
2026-09-01 00:24:36,3.4879051851392218,1251.8590702824524,47.34223812947514,3.227623777541168,52.13344369474229,0
2026-09-01 00:24:37,3.5419532443907027,1154.475664823424,45.215050000861595,2.4762633332846473,54.29043845378279,0
2026-09-01 00:24:38,3.41125078221979,1187.7985823914432,42.44252829036149,2.8349292246346622,56.79298300383399,0
2026-09-01 00:24:39,3.456254169967659,1214.735962645115,42.54821547312011,2.7891213631519323,59.3827102784336,0
2026-09-01 00:24:40,3.572238135782777,1234.6608800829351,45.030246523169104,2.0565658856836935,51.76020315430948,0
2026-09-01 00:24:41,3.4627166847908235,1098.6161364164575,45.67264593864256,2.59314378310178,53.66054924321672,0
2026-09-01 00:24:42,3.6726963851233405,1155.6979876510811,44.25075436134789,2.5440242416615675,59.14725589002146,0
2026-09-01 00:24:43,3.46003638143854,1183.3710310075062,44.03966083158553,2.5989876363521303,56.391141637826344,0
2026-09-01 00:24:44,3.5224684725751887,1235.1570098618024,43.81440153364271,2.273766256062682,57.013514077154824,0
2026-09-01 00:24:45,3.593259083187309,1324.9215241860747,44.953212079512106,2.1649241464263524,51.8466047926715,0
2026-09-01 00:24:46,3.358163426706697,1188.599713659514,40.23447529585387,2.3571969999937448,53.86237141022033,0
2026-09-01 00:24:47,3.3239191188019226,1129.6511268948007,42.79734674246058,2.4706615008747392,54.49649370285871,0
2026-09-01 00:24:48,3.3474343685429906,1220.1134038600649,43.7458983091053,2.8554953342800946,52.42631572797108,0
2026-09-01 00:24:49,3.626258410342718,1266.0497894770356,47.415006389903844,3.045193245917682,49.97629112297828,0
2026-09-01 00:24:50,3.4448141854107552,1205.400706048975,43.37237271614214,2.9189793538669533,53.46850432370921,0
2026-09-01 00:24:51,3.755819928566825,1154.6675727422853,45.36093628366241,2.7580555632345534,59.06286459875329,0
2026-09-01 00:24:52,3.443575240134261,1247.8996970740009,45.45308550186199,2.198697921310123,55.17752039668149,0
2026-09-01 00:24:53,3.518455130319704,1233.1772809249217,47.595833011321524,2.3773311475031513,59.122872740720126,0
2026-09-01 00:24:54,3.6542109952567876,1148.6959577902187,47.5251548139283,2.562977815723899,55.53706274268856,0
2026-09-01 00:24:55,3.700609288815912,1219.071280876717,44.884994062410165,2.3102682885771477,52.70587681123611,0
2026-09-01 00:24:56,3.7061503576636396,1249.8632783829437,44.04903051762111,2.6731616957583855,58.83285703969516,0
2026-09-01 00:24:57,3.620836623059314,1259.0945021279447,43.67233379434862,2.716145832476286,55.63697842200369,0
2026-09-01 00:24:58,3.6024062525811464,1196.6775512345273,44.51787355506844,2.6608870187696407,57.88551649728219,0
2026-09-01 00:24:59,3.559252694920118,1182.0960276910341,44.1319332913528,2.8075403813672746,51.795015486638285,0
2026-09-01 00:25:00,3.5778361076166636,1261.363691104063,46.10725481871646,2.2286226358860777,58.11626886884351,0
2026-09-01 00:25:01,3.4448814283671467,1139.4919748509558,45.84061963497041,2.7798486112276595,58.2066678266326,0
2026-09-01 00:25:02,3.4181801116577692,1221.9289645460503,46.18360238229003,2.291306364963941,55.86930143306961,0
2026-09-01 00:25:03,3.499662554258905,1131.4986686317786,47.51856742287234,2.2177192142071345,52.57923374257065,0
2026-09-01 00:25:04,3.482981537747507,1253.2688136129802,48.725738242800354,2.6596348402559147,54.86197351386217,0
2026-09-01 00:25:05,3.4546771950672723,1187.097724219442,45.24932678681511,2.864762068659694,56.83387344171473,0
2026-09-01 00:25:06,3.5696387447456717,1263.4291617823735,47.19892754279131,2.646404045912803,55.7037100598096,0
2026-09-01 00:25:07,3.595530520857051,1224.5706378177763,44.29667963233157,2.5062412071317635,56.80324821432329,0
2026-09-01 00:25:08,3.5088406886291845,1138.8389884969035,47.37001396716603,2.593046147830452,58.03673772295872,0
2026-09-01 00:25:09,3.6477530081055263,1271.2313866038621,47.12301831435169,2.540928075420184,53.05466003988423,0
2026-09-01 00:25:10,3.3858310885866496,1277.5622633213866,47.01683193988598,2.1622147311593816,51.534773137119586,0
2026-09-01 00:25:11,3.480634054072028,1244.1143246299607,45.188139682383046,2.1272139565165253,54.88738359588327,0
2026-09-01 00:25:12,3.4283177679397197,1161.920606748189,43.663283672018224,2.4763522361579637,54.0107705233904,0
2026-09-01 00:25:13,3.313346338292694,1184.6993022821296,42.21094312426905,2.5239570507307914,57.35753923946845,0
2026-09-01 00:25:14,3.49173193141573,1207.271360870288,44.9199255849578,2.50339971351032,51.77650483102357,0
2026-09-01 00:25:15,3.4878252491616717,1164.8144800334283,48.066025084498364,2.702830484094974,58.06114562253304,0
2026-09-01 00:25:16,3.6513449743242132,1284.6173286231601,44.380310197271854,2.435356985150698,59.0608363286403,0
2026-09-01 00:25:17,3.563081168455478,1207.2163235863018,46.57025317092011,2.6688937545714566,55.00091489278687,0
2026-09-01 00:25:18,3.3975813175670795,1064.8325976446322,46.687902801037865,2.4566239698020658,55.182208376743915,0
2026-09-01 00:25:19,3.685409256633419,1216.967790637811,44.432627558145654,3.0470076886109396,52.69736049630954,0
2026-09-01 00:25:20,3.6221033695525353,1182.5921301591343,47.63268967503904,2.524214118017934,53.3720173030778,0
2026-09-01 00:25:21,3.5582097703468616,1196.2536721940776,39.18267851103899,3.202216783457703,53.774989958062946,0
2026-09-01 00:25:22,3.477351590115017,1181.569031710715,42.55449944252365,2.6056034773272594,59.32882020351379,0
2026-09-01 00:25:23,3.404056076327652,1240.3523208303343,43.16873540728308,2.4358968488235355,54.78438764256768,0
2026-09-01 00:25:24,3.462779322392895,1255.984388927669,43.36056995426522,2.230165607122098,51.03348113007998,0
2026-09-01 00:25:25,3.6088748619704187,1214.1526581129326,45.67252590237179,2.067133427782692,55.76606302633601,0
2026-09-01 00:25:26,3.688458630593461,1183.034440643092,45.580075606107805,2.202567314681153,57.478870373866826,0
2026-09-01 00:25:27,3.654324352827219,1197.9331397595415,45.78798114435001,2.236118107250803,54.92376589203521,0
2026-09-01 00:25:28,3.4511150578213727,1200.9799808288815,46.192162988264975,2.618446006123653,59.40764031918097,0
2026-09-01 00:25:29,3.388038256671099,1159.8784980067583,43.0997908617087,2.3421503886819437,57.332526001797696,0
2026-09-01 00:25:30,3.5140886246911203,1228.9464324285618,42.56364786638536,2.5560781157663492,51.852613810336436,0
2026-09-01 00:25:31,3.3231560634437147,1223.0021161930233,45.79263936401573,2.8845935087130057,53.345701562810795,0
2026-09-01 00:25:32,3.532316771418478,1277.0220619888337,43.73953585270712,2.4736574945095438,55.678678844273826,0
2026-09-01 00:25:33,3.4852397413701333,1262.7674890144237,41.85904990926406,3.1237470095400415,50.00143228592018,0
2026-09-01 00:25:34,3.453396349813176,1165.7162541204934,46.94268856908296,2.147256705898241,56.00907021241184,0
2026-09-01 00:25:35,3.3405296932733206,1241.0149187254483,47.790203813004595,2.4548249354875216,49.71525271823606,0
2026-09-01 00:25:36,3.5513600106569716,1152.4523308452765,48.114321779397315,2.3382061229167066,58.07030036669353,0
2026-09-01 00:25:37,3.4467299160338087,1234.7966050470425,45.37401544294944,2.7809519818171022,57.72182105437513,0
2026-09-01 00:25:38,3.3830083164289713,1174.1692900619946,46.251864191945806,1.8280625108901636,56.51434408274521,0
2026-09-01 00:25:39,3.212773778671835,1148.8373388312207,47.739736446723825,2.067065413246657,52.97236490694306,0
2026-09-01 00:25:40,3.4972485094949364,1214.0022671348702,43.71716841995313,2.4677959532647114,55.51060847384062,0
2026-09-01 00:25:41,3.6772251596669743,1066.271643592293,47.221355368108185,2.9654133163028478,53.459867537456056,0
2026-09-01 00:25:42,3.666125921454787,1112.4512212797385,45.55079246828642,2.567752550211192,51.9075541676498,0
2026-09-01 00:25:43,3.454290374341373,1191.1254058112859,46.82742330468518,2.09453576372073,53.98377096468577,0
2026-09-01 00:25:44,3.439778793963822,1204.1220883317421,45.372186041751874,2.140850022192931,57.09479660947629,0
2026-09-01 00:25:45,3.5468774256075024,1181.5340614920906,47.592513419496,3.001896910853486,55.13144257849528,0
2026-09-01 00:25:46,3.400161456081171,1121.02818506412,45.44704752508307,2.3136595603611276,59.35212977240327,0
2026-09-01 00:25:47,3.5301791899819466,1159.1054078930747,42.03204188106516,2.2171109882650706,57.297341618440825,0
2026-09-01 00:25:48,3.576608027838469,1219.5604663618697,47.90385326462945,2.9432117681892582,56.97607244171686,0
2026-09-01 00:25:49,3.6226933223884306,1229.0890885314182,43.104938518055775,2.803329101676097,50.17322035166319,0
2026-09-01 00:25:50,3.4899845923520045,1199.188844120203,47.50611642048783,2.8822178929800386,54.144524409534164,0
2026-09-01 00:25:51,3.4796326249823033,1257.8416890518495,44.81951423711936,2.2149874359202553,51.8068827686974,0
2026-09-01 00:25:52,3.4122017413243437,1219.8698511729617,47.35202197039541,2.042468307695692,54.45099136112829,0
2026-09-01 00:25:53,3.417311964596014,1162.6272173020893,47.26953722973353,2.539949946808812,52.92017162823053,0
2026-09-01 00:25:54,3.4773521108098473,1185.974897329419,45.86028594863074,2.600537839922099,53.86718514082619,0
2026-09-01 00:25:55,3.536736550681618,1129.8566921396073,46.017070635254264,2.6093805411114497,58.18348819712155,0
2026-09-01 00:25:56,3.591358462623325,1194.5930504804292,45.84525723438513,2.9434551806917004,56.4257497870175,0
2026-09-01 00:25:57,3.4196821049319657,1255.6050309610669,40.97235048743784,1.9798698729975257,58.021343286944905,0
2026-09-01 00:25:58,3.649268856895952,1234.2645042355484,45.2366604377964,2.75790851538933,50.19795067295205,0
2026-09-01 00:25:59,3.472887639895743,1270.100466295956,42.76787164785621,2.1710124867558047,55.17392408984699,0
2026-09-01 00:26:00,3.4978632705651562,1184.8557378100504,45.342374287491324,2.756720596258252,57.9001149441898,0
2026-09-01 00:26:01,3.4252788320852177,1267.3049897257129,42.71411490723357,2.357512988643587,59.51888774466147,0
2026-09-01 00:26:02,3.2575759739727057,1190.3347886776014,42.63009611754785,2.2558084612328466,50.35573483092252,0
2026-09-01 00:26:03,3.588404539636105,1273.5792541284948,48.209869003507805,2.317029187915239,53.94554909151649,0
2026-09-01 00:26:04,3.573684389709243,1198.9071626278937,47.13889477624838,2.0663169397670313,58.10268002201429,0
2026-09-01 00:26:05,3.4718672442881786,1235.3615686902137,44.99171483011169,2.51212868195004,54.42316506156566,0
2026-09-01 00:26:06,3.5066990717224873,1273.7556182154929,45.369537300498045,2.268197982801863,52.26874697749083,0
2026-09-01 00:26:07,3.55159392177041,1190.3286185709396,44.50416794851398,2.7358894692700835,50.350002464511974,0
2026-09-01 00:26:08,3.343745414311346,1210.9194493772088,46.139752751959044,2.692016824309875,52.1538953960105,0
2026-09-01 00:26:09,3.4470947322653704,1264.443171260315,43.64789126690239,3.006447115870837,49.93329499430881,0
2026-09-01 00:26:10,3.5794264679621826,1193.349841803497,46.98748052573591,2.609898245062323,55.17538137050208,0
2026-09-01 00:26:11,3.374571057683075,1133.955385874692,44.49382631797178,2.656203330124022,57.68893055733598,0
2026-09-01 00:26:12,3.529355793216663,1307.1503527292455,44.16030600833754,2.9200299435483443,51.217075723274185,0
2026-09-01 00:26:13,3.3643418195376595,1176.5117767831432,45.043426036969684,2.311701191191991,55.77318922363316,0
2026-09-01 00:26:14,3.5466429982433527,1207.937802546877,43.81770634014878,2.05352253615309,57.5358130883376,0
2026-09-01 00:26:15,3.4964358517702516,1257.8003334725563,45.657364698992964,2.560028217738518,54.99187501945495,0
2026-09-01 00:26:16,3.338486818409449,1169.57530481344,43.9252748213732,2.0732099592356787,50.167917115248265,0
2026-09-01 00:26:17,3.616473935445717,1149.6066043388935,45.937047205637676,3.236181601877617,56.158634663987506,0
2026-09-01 00:26:18,3.426540842320195,1212.6868648387417,47.43201307782295,2.936649487623683,54.83605916570659,0
2026-09-01 00:26:19,3.418974756298562,1110.3461801043804,43.561356626383656,3.1491928999904744,54.53048605419743,0
2026-09-01 00:26:20,3.5200569197230944,1185.604696156604,44.738849085409655,2.5187340929989386,53.35948826271861,0
2026-09-01 00:26:21,3.6148637349428716,1212.2519332157704,45.922661426070846,2.6651720781104795,55.26036227882212,0
2026-09-01 00:26:22,3.3984178181021605,1186.5024051587418,44.128285290037184,2.3621573704142067,56.52945372534088,0
2026-09-01 00:26:23,3.5061679849847973,1122.8274528407126,45.92864112165333,2.764877441676026,62.171944403007544,0
2026-09-01 00:26:24,3.542881650033057,1279.7088978102006,46.11079772130348,2.135337036384683,55.33699620516161,0
2026-09-01 00:26:25,3.5693105607263145,1205.1769076974588,47.16652355258861,1.7370720431575664,59.53342348003802,0
2026-09-01 00:26:26,3.5176441555277225,1271.557605888087,43.788019907830176,2.26278681415343,56.07326525028063,0
2026-09-01 00:26:27,3.463297216091668,1186.9981874909777,43.11444951953905,2.063357957314805,54.70141501705674,0
2026-09-01 00:26:28,3.417240977935128,1155.9994009154618,44.38484522087251,2.943378020847861,55.445642583133875,0
2026-09-01 00:26:29,3.5086143883046375,1213.4590460127579,43.0644953209058,3.0447032365240947,51.33479089092247,0
2026-09-01 00:26:30,3.392786098801439,1189.210643683589,46.12899640809499,2.079121278276067,55.91758081225611,0
2026-09-01 00:26:31,3.207864951650539,1141.111927100432,42.676497399647175,2.8875146822563718,49.02380480553588,0
2026-09-01 00:26:32,3.5436559804157666,1273.4892129393747,49.66603283650538,2.785415495050231,52.41200092633441,0
2026-09-01 00:26:33,3.5903934841086196,1168.8864888553003,47.5918557231475,2.029066994584337,55.329529279401434,0
2026-09-01 00:26:34,3.263706756445816,1107.9866807602216,45.02515153920063,2.3829197407205145,58.58194681953653,0
2026-09-01 00:26:35,3.3990269295290063,1266.4083026978667,46.734788985995955,2.325950883362644,59.29187319099518,0
2026-09-01 00:26:36,3.5619154261005197,1174.7850992093688,41.72639627137842,2.72439861958816,54.2903602610772,0
2026-09-01 00:26:37,3.7057495469711697,1169.6088053692188,50.046746662799116,2.131366194728496,55.46715195859132,0
2026-09-01 00:26:38,3.502079370767541,1111.7306206485014,43.81957077559902,2.4703382123021553,57.953087408746086,0
2026-09-01 00:26:39,3.4271997058770864,1287.0470743298495,44.759005172201284,2.2942196488151145,51.011519283421244,0
2026-09-01 00:26:40,3.481710355889516,1135.5259706395157,41.28813342562313,2.642002355015543,56.21424251594651,0
2026-09-01 00:26:41,3.6374876419148183,1202.9224740352824,45.97257460948179,2.434962390493621,52.51632139790257,0
2026-09-01 00:26:42,3.4354035820875466,1245.6310161270221,42.78731168584578,2.3394262888178816,54.484524865969846,0
2026-09-01 00:26:43,3.4200807993349747,1221.085846650155,45.20331152313206,2.4360110273103768,53.62293024851705,0
2026-09-01 00:26:44,3.451725647781797,1197.0172844003905,43.91145113415092,3.1108128498520338,56.30607438114444,0
2026-09-01 00:26:45,3.4046671391741286,1114.9167070856292,42.844512130139314,2.3749301091641835,56.65091102202727,0
2026-09-01 00:26:46,3.5122670315994795,1159.5137582116358,43.391276996474765,2.187698434514864,57.67323603219219,0
2026-09-01 00:26:47,3.662467845846956,1209.390016902126,45.45157606817104,2.6750300707467893,56.04459648539334,0
2026-09-01 00:26:48,3.532307927311603,1160.6412965006502,42.43701805426235,2.456942599173113,55.51496130990669,0
2026-09-01 00:26:49,3.4747646497873714,1210.1679729999385,43.502376657952844,2.0754298207400583,60.562071401315805,0
2026-09-01 00:26:50,3.4708188731084455,1234.087170440757,46.326546762528956,3.16944890056074,50.426922789408465,0
2026-09-01 00:26:51,3.3436809191303345,1248.125144290005,50.204959749748625,2.3942563163240056,60.086829580387715,0
2026-09-01 00:26:52,3.5883109777147157,1138.6910321093658,45.95517763910601,2.3866391638115947,54.13053427339481,0
2026-09-01 00:26:53,3.4922162802987198,1309.8323027489478,43.165476715645426,2.5479506055724293,56.712674759104914,0
2026-09-01 00:26:54,3.4819520086409375,1238.3739672277065,44.265771659855375,3.0190350307626517,54.0230209582192,0
2026-09-01 00:26:55,3.819310756784486,1199.9142923165468,45.06317801230516,1.9960764020443014,52.892375111345125,0
2026-09-01 00:26:56,3.5298752908365687,1254.476829153832,44.301150098728584,2.582795754826162,56.45373157838269,0
2026-09-01 00:26:57,3.4248208949904817,1318.2703885999986,46.80611633347387,3.126181648538088,58.12638492584333,0
2026-09-01 00:26:58,3.457364240379446,1128.0639949471565,45.43494696602845,2.5386186042218943,56.419023864902215,0
2026-09-01 00:26:59,3.6148445709196757,1188.7368678754324,46.81570476981974,2.1293998062089563,53.37365263995135,0
2026-09-01 00:27:00,3.5113270410537765,1081.0784170063337,44.37111241940474,2.3144809441118044,65.83405018844701,0
2026-09-01 00:27:01,3.3561722021682634,1209.6325766324012,47.65100043944251,2.562064758927037,58.59572101259876,0
2026-09-01 00:27:02,3.5919228934575202,1218.269712096257,44.66702883143691,2.8992411746919586,57.80002691262176,0
2026-09-01 00:27:03,3.4331855914461005,1198.041894227862,43.05762026172402,2.3981992466751816,53.941107307773386,0
2026-09-01 00:27:04,3.6873297776217546,1167.2733214500845,49.35464076208444,2.7479955392297297,53.124502635132885,0
2026-09-01 00:27:05,3.608004806571465,1097.5242741905838,41.350044506077765,2.0693893518859334,54.160482772471184,0
2026-09-01 00:27:06,3.455267810434125,1218.6766841705885,43.522522549390146,2.0668844891214837,58.24421963317745,0
2026-09-01 00:27:07,3.6281016361735112,1272.7717241957662,43.74594429633921,2.355159793394515,52.02818698877252,0
2026-09-01 00:27:08,3.50678555105274,1170.4490772133283,50.01661254611312,2.9314086165619786,51.79538850563705,0
2026-09-01 00:27:09,3.585277367512222,1222.0029964511573,48.61371776829302,2.5206623918541307,56.61864260008306,0
2026-09-01 00:27:10,3.5484732817294473,1121.5927843289974,47.987856287284394,2.586943358669986,55.957589333926364,0
2026-09-01 00:27:11,3.4153643345009126,1222.8606531846258,44.338682675247334,2.583423878672058,52.689059386327315,0
2026-09-01 00:27:12,3.435645016768254,1180.3308851127672,49.852356007683554,2.832762394776019,51.726389264754324,0
2026-09-01 00:27:13,3.602996081758116,1161.8791024698544,45.73670400768194,2.3169337922386437,59.31369098010529,0
2026-09-01 00:27:14,3.4665224667893457,1161.9818179391934,46.95452674060625,2.70648553254647,56.071013275898686,0
2026-09-01 00:27:15,3.4596351536758005,1180.3194208983496,45.35939076221241,2.250735200843461,50.909392408815904,0
2026-09-01 00:27:16,3.4044877420650645,1219.1216657846267,44.9010668573535,3.094981796776228,51.11912339175312,0
2026-09-01 00:27:17,3.542359906559346,1134.3918399402241,44.496442652147245,2.259882668710993,53.91546408264859,0
2026-09-01 00:27:18,3.7062524919243147,1180.1442334216074,44.580720013161674,2.235283209076414,57.1985254209929,0
2026-09-01 00:27:19,3.393246708574573,1197.9264111000425,46.21698329735616,2.6649009440464146,56.78502640632484,0
2026-09-01 00:27:20,3.5024219456672756,1145.0480387734071,45.73439959755078,2.523936529429697,58.39503561100365,0
2026-09-01 00:27:21,3.641222055541543,1289.833260083751,44.937057259592635,2.5980557218782803,50.52895057761761,0
2026-09-01 00:27:22,3.4920358608754283,1157.3252259969329,48.019047985397705,2.568194138647695,55.67154006933897,0
2026-09-01 00:27:23,3.5452371796249733,1166.5281543183255,39.06649386251854,2.172882340357768,59.27773099696408,0
2026-09-01 00:27:24,3.393760647185312,1151.0846025088752,46.01977449584239,2.984007678723845,58.9984051914283,0
2026-09-01 00:27:25,3.5428307097207647,1289.924004356906,46.43547741331796,2.768062661766733,56.07672994423806,0
2026-09-01 00:27:26,3.481285573499545,1227.645261429974,47.29392573651034,2.9076849853801345,62.044055525961625,0
2026-09-01 00:27:27,3.5985729995679865,1153.170399687818,44.870257117893274,2.341500733266873,56.82785534924758,0
2026-09-01 00:27:28,3.618738605156475,1255.3115779429984,45.41584013476791,2.6249570634145516,58.12823989852403,0
2026-09-01 00:27:29,3.7589563642018615,1210.0349347144438,46.97189676662944,2.559210538670407,55.13334375632652,0
2026-09-01 00:27:30,3.5579633173213576,1212.862671055575,47.98233280856036,2.8384007878604525,52.65707412146714,0
2026-09-01 00:27:31,3.5325796316582165,1182.7761395623775,44.39892802964246,2.8480744395488857,52.37437239766376,0
2026-09-01 00:27:32,3.5194384301577335,1162.5292006521513,45.53395156625512,2.5579152408874344,55.54484564438326,0
2026-09-01 00:27:33,3.464683370718931,1216.88830495273,48.357147928697515,2.0446146604470243,54.36549397944938,0
2026-09-01 00:27:34,3.533848384346169,1172.7456385002206,40.7519458482423,3.0338985661263065,49.69424299025955,0
2026-09-01 00:27:35,3.470459858986097,1290.8377814787552,43.61997480037083,2.6667962301070416,51.922619245222776,0
2026-09-01 00:27:36,3.5168460976269613,1136.5354447378447,47.93167195720593,2.3174688875826575,54.04478927783772,0
2026-09-01 00:27:37,3.631759753560796,1276.8078386427474,47.18507566721661,2.6219626414800086,57.18183812781148,0
2026-09-01 00:27:38,3.3993457434720358,1194.43405756011,46.04489042185339,2.046671935464243,54.95177834151377,0
2026-09-01 00:27:39,3.6139878561129044,1214.9542867010553,44.10280625378176,2.8166059202413134,54.78380736849846,0
2026-09-01 00:27:40,3.6317115067339865,1241.6578883314717,43.23636300202916,2.058636476716254,52.03926211899005,0
2026-09-01 00:27:41,3.4881931473008922,1168.4875352497781,43.817568761515254,2.433749652388875,55.0694982401863,0
2026-09-01 00:27:42,3.2878145100991407,1243.2124192349318,48.09601644163739,2.573336334881665,58.957303082337965,0
2026-09-01 00:27:43,3.4392178012905568,1064.6228072309411,43.74311462168931,2.811651913594628,55.46672533827567,0
2026-09-01 00:27:44,3.629699454656111,1164.0005233389031,45.20284592847931,2.5319634029303124,50.47805925555441,0
2026-09-01 00:27:45,3.4977131937701116,1153.7968596329467,43.49258471027651,2.690488862083765,51.24543161708641,0
2026-09-01 00:27:46,3.400069776770509,1137.3246993814118,46.68554806019805,2.491549927465134,56.766366631669456,0
2026-09-01 00:27:47,3.449522507877178,1189.2522580960524,43.92254743930712,2.4903442147167154,54.32705357433214,0
2026-09-01 00:27:48,3.5840620026504553,1219.2874984090847,44.80481221969117,2.525643175104489,54.77625930968946,0
2026-09-01 00:27:49,3.554673356820138,1235.1329999249654,41.63323573391435,2.4432826237442877,53.161797474955726,0
2026-09-01 00:27:50,3.4761067900830307,1212.0438378600204,41.77326352759012,1.9940289270755693,56.510236636599736,0
2026-09-01 00:27:51,3.4633175588185314,1166.7153267553226,45.01534638664301,2.2695029518910115,54.09724686026395,0
2026-09-01 00:27:52,3.4608241850956176,1218.4508218912583,42.34968568960448,2.5734324523335097,54.44016033481419,0
2026-09-01 00:27:53,3.40775898155015,1206.2142847425425,49.210173278669004,2.4252636989533842,52.44632982501062,0
2026-09-01 00:27:54,3.6615375689469443,1246.8028083968009,40.876953775775505,2.453257275345428,57.76507389442831,0
2026-09-01 00:27:55,3.467767953078866,1238.8468351465758,43.39964940267179,2.4029938991683855,54.336601625150735,0
2026-09-01 00:27:56,3.6217158520825494,1201.5238206960314,45.033401734535104,2.2409204821804547,56.82364099935928,0
2026-09-01 00:27:57,3.652131605192245,1155.137349691937,44.26973412440843,2.352070161707112,51.419225307897946,0
2026-09-01 00:27:58,3.599831089814796,1167.352492208396,42.791709086672164,2.4079504766834217,60.201649415135826,0
2026-09-01 00:27:59,3.456837968728195,1172.5105320180983,43.08414432100946,2.501542942162555,58.83212211553967,0
2026-09-01 00:28:00,3.540373009033661,1184.2366833041872,43.01869184500152,2.6180135033409138,49.27060699102322,0
2026-09-01 00:28:01,3.4975804393609082,1213.4025213794876,44.426556610359874,2.4458349127342784,52.594187574808856,0
2026-09-01 00:28:02,3.4096298139269874,1235.758719506403,48.90385817903485,2.191103423292274,56.43290317302966,0
2026-09-01 00:28:03,3.5324359281721605,1197.444065349231,45.15587459311642,2.080575388024365,51.04081403155299,0
2026-09-01 00:28:04,3.3820960208840196,1200.8062393950236,47.36580097877505,3.279231162212567,54.605217753510026,0
2026-09-01 00:28:05,3.6187679388461564,1207.1653152500003,46.013952691656286,2.161055490920631,56.27989535793039,0
2026-09-01 00:28:06,3.453538270270161,1174.204734343383,47.22772479596444,2.344412499620685,54.44582226406155,0
2026-09-01 00:28:07,3.520115965587284,1153.7303871178522,39.40007139481283,2.6551000907541806,56.616516110611286,0
2026-09-01 00:28:08,3.528328787154614,1112.2281051344644,44.39108395770354,2.6082581828697045,52.920010286194355,0
2026-09-01 00:28:09,3.474109502629592,1165.2425320961563,47.61427084630143,2.6562597077684718,48.267455373495636,0
2026-09-01 00:28:10,3.5586693801475273,1223.6572726633894,43.856528354501336,2.367184879140347,57.946345936495185,0
2026-09-01 00:28:11,3.4525096343377477,1164.8544280980216,48.52494632973922,2.571567421191864,57.927443960807594,0
2026-09-01 00:28:12,3.5871297297457243,1188.109648128703,47.96778030753552,2.518403099272259,62.510909926865,0
2026-09-01 00:28:13,3.365402031975325,1223.3215643706158,44.061738567745074,2.4063605897376137,48.378440446197054,0
2026-09-01 00:28:14,3.512637957954641,1226.0344748211335,43.993672961907286,2.573622922531402,57.25249632804044,0
2026-09-01 00:28:15,3.6938928999058285,1146.023357391698,42.97278831529106,2.816609664025212,49.09395358574984,0
2026-09-01 00:28:16,3.3999668675394425,1249.852967822682,43.7408115362724,2.4933399329694024,60.269479845025955,0
2026-09-01 00:28:17,3.432225502947515,1256.3675044677743,42.53482187166217,2.4953358539069277,56.46360050108803,0
2026-09-01 00:28:18,3.5513907849658914,1143.507507139072,45.85762236086601,2.8204483104627953,52.144213456971244,0
2026-09-01 00:28:19,3.5179581781939597,1158.8081565179423,42.08790701330713,2.788408107945644,57.340667423804305,0
2026-09-01 00:28:20,3.535063009927356,1259.5545341573095,46.207466032380445,2.975180932289045,53.34086497684919,0
2026-09-01 00:28:21,3.5489187130147664,1192.6573239372349,46.2561573938005,1.973130929656127,55.901248298653805,0
2026-09-01 00:28:22,3.563472146856177,1089.0111026274074,41.67759118963215,2.7715357549508166,55.61788214862725,0
2026-09-01 00:28:23,3.610969984195622,1130.0159247633658,48.09963721265668,2.6804740136206537,60.23250440844188,0
2026-09-01 00:28:24,3.540981865692851,1187.531518741376,46.02721858883044,2.2343042806740203,60.44477773025954,0
2026-09-01 00:28:25,3.475874234538146,1141.84786748577,46.499396042889735,2.5754763753996532,53.20820388017948,0
2026-09-01 00:28:26,3.567257370120273,1179.328811468178,43.482669596914455,2.8153365243273996,58.17431685398811,0
2026-09-01 00:28:27,3.689988193489522,1201.619810684179,46.24475823694624,2.25125232325438,56.064520466710896,0
2026-09-01 00:28:28,3.4867366253617424,1273.1127302017364,47.25278689944413,2.632768728706842,50.76195379897926,0
2026-09-01 00:28:29,3.402547069532936,1185.4773041886106,44.80278320199064,2.761406102719305,52.91131485888346,0
2026-09-01 00:28:30,3.610708066928697,1253.627089978638,49.003844918496725,2.1786941312405537,62.00843829879887,0
2026-09-01 00:28:31,3.48796188360464,1271.4380081018385,45.08812926982588,2.4573142922664557,56.07356320331397,0
2026-09-01 00:28:32,3.2827330453985963,1271.715483467604,47.28157160090495,2.5902905129927234,57.99933873855257,0
2026-09-01 00:28:33,3.584742167715042,1214.2377296692785,45.58601761451731,2.2611605483371138,54.363867062899025,0
2026-09-01 00:28:34,3.446467181404608,1101.8355426080514,46.17104306571373,2.236254040271936,53.38017425584197,0
2026-09-01 00:28:35,3.490946671769584,1223.0412432701933,41.65733546473046,2.4594866194411678,55.081793522903425,0
2026-09-01 00:28:36,3.5331980330569013,1252.419994390677,45.742107476430725,2.7404919150711073,54.20168783426135,0
2026-09-01 00:28:37,3.5190499679779066,1195.946644728229,43.53004979748547,2.693120200357633,50.520241206905204,0
2026-09-01 00:28:38,3.570945181713904,1287.2291935037624,43.30720338844463,2.2415761812440973,51.9900236276379,0
2026-09-01 00:28:39,3.4564513629430156,1242.991678073373,48.488206368931955,2.6956503655347057,57.12365354323669,0
2026-09-01 00:28:40,3.551310579817608,1228.4136688576393,44.5724595038753,2.2492180671500472,53.85792793269277,0
2026-09-01 00:28:41,3.4740453322416083,1254.319035560292,42.99339633804901,2.0169490606019695,55.07711464608372,0
2026-09-01 00:28:42,3.5738810480887504,1216.6684925630439,44.281736743782254,2.3898569286858304,55.70476915149163,0
2026-09-01 00:28:43,3.561536748401305,1075.3594750302323,42.39909954215617,2.8368908114757208,55.93915014645616,0
2026-09-01 00:28:44,3.4064561297955405,1175.0430524264816,47.86776893639254,2.696788165642412,58.439737183946114,0
2026-09-01 00:28:45,3.6085982116175033,1259.8584013623927,43.60863851166697,2.499528457788042,51.70391255479441,0
2026-09-01 00:28:46,3.446403655488595,1159.6204329950851,46.05859986788734,2.374988354922683,56.710758170630875,0
2026-09-01 00:28:47,3.5808057798281143,1188.826374738153,47.712213428420654,2.3830713591650707,57.26508338055894,0
2026-09-01 00:28:48,3.536728731340134,1147.7581843048465,43.99969463757054,2.5326354717582387,57.957555337004514,0
2026-09-01 00:28:49,3.683818367679512,1289.1961297600885,46.06404486454557,2.179468754246251,50.76124720175538,0
2026-09-01 00:28:50,3.4776534017628147,1284.0746228709008,42.93982789019114,2.395567796439611,55.76445765504099,0
2026-09-01 00:28:51,3.4650683203881805,1155.8065552429634,49.891539138227365,2.4353291615920694,60.148227839195556,0
2026-09-01 00:28:52,3.4980580394112266,1207.3649000194541,46.87276026923325,2.0946776624645507,54.70263844253013,0
2026-09-01 00:28:53,3.4696820217165723,1165.9752976117977,44.61478712247839,2.2484655247307277,56.450484105892876,0
2026-09-01 00:28:54,3.579994190194205,1230.747231951569,43.454332538222076,2.6231520374459145,57.34118678375555,0
2026-09-01 00:28:55,3.338368939156341,1225.4841538621165,44.77200689432075,2.502853551982298,51.923590466805216,0
2026-09-01 00:28:56,3.3946317580853647,1240.5852785806633,44.32003255529696,2.407371462641985,60.50147418699992,0
2026-09-01 00:28:57,3.3932197078420807,1216.5959223853943,48.905889107999016,2.226571768738611,56.49850239090671,0
2026-09-01 00:28:58,3.5950307591973574,1346.7703103194235,42.548930555570195,2.973054947676765,56.558508442580276,0
2026-09-01 00:28:59,3.6710613372581924,1148.6038117494631,45.269602846580405,2.2486062355962044,50.013917865968395,0
2026-09-01 00:29:00,3.4895550781462528,1114.4698322781742,44.96332386673258,2.5754778421785214,57.38363439463994,0
2026-09-01 00:29:01,3.483117827680999,1180.3454899649269,44.76517939931026,2.3536392735778615,56.51923102413741,0
2026-09-01 00:29:02,3.507005216311318,1121.6005867219867,44.78276669012332,2.5108837877915007,59.87257398316619,0
2026-09-01 00:29:03,3.6161878302608192,1125.3768864997003,44.76785837975903,2.6372829225821115,54.06620435708694,0
2026-09-01 00:29:04,3.4072646865809424,1149.9342672901016,46.7461321326642,2.0889230232376343,52.037025011204676,0
2026-09-01 00:29:05,3.5238368982734785,1153.8905547284187,46.21796889298487,2.4980151267539537,52.953283015677,0
2026-09-01 00:29:06,3.597519762978243,1152.269094902497,45.83782322274557,2.8572185946939537,53.48506529497811,0
2026-09-01 00:29:07,3.5501094169939846,1225.9109475222706,38.93202127570946,3.028450568047601,51.64346044560588,0
2026-09-01 00:29:08,3.5189581616598744,1174.690546945733,45.59958974832633,2.4609958080234606,58.870480071297976,0
2026-09-01 00:29:09,3.600104609256714,1191.024271256376,41.68872127965984,2.5125043621650724,58.983093588795,0
2026-09-01 00:29:10,3.229676770700076,1244.7116387250467,46.29264032627165,3.16339990858046,54.412624896579835,0
2026-09-01 00:29:11,3.567787531953091,1161.6838737609287,47.94899473514103,2.8404772844797597,53.82172023374742,0
2026-09-01 00:29:12,3.434592431687258,1186.7727050647638,43.1475217748229,2.3148146292234344,49.55355426004206,0
2026-09-01 00:29:13,3.316936710314354,1218.2879993046458,44.47643855531459,2.314304964734163,57.08788376591082,0
2026-09-01 00:29:14,3.5511202599524982,1102.9216099689888,43.80128858989401,2.7869648385361807,59.96032032647753,0
2026-09-01 00:29:15,3.637365854516296,1080.7547245524709,47.4708635515136,2.196688860986281,53.08841584822133,0
2026-09-01 00:29:16,3.486255148537231,1217.3058664398861,45.19005577054415,2.826318025401656,54.649646422670806,0
2026-09-01 00:29:17,3.5952874547202938,1224.600714028345,48.456658761132665,2.6002899891253026,56.30287438394719,0
2026-09-01 00:29:18,3.6612278257988646,1303.2110067426206,45.827508405894775,2.655316229208122,60.173255081829716,0
2026-09-01 00:29:19,3.631491445358405,1207.9047437933405,45.48490036127164,2.422979858955984,55.59932866550528,0
2026-09-01 00:29:20,3.6639964529371394,1240.9869858629047,45.13641356520567,2.311052558726077,55.58628974807956,0
2026-09-01 00:29:21,3.5742127491071893,1190.2263678207014,46.63598419851467,2.9385978492604963,55.53795550347941,0
2026-09-01 00:29:22,3.5075433638901594,1214.8613610792543,41.524627603509316,2.4259788158339575,50.72490247928898,0
2026-09-01 00:29:23,3.339803418810283,1283.3628420874768,45.17068791104102,2.3767194770278417,50.659628038510405,0
2026-09-01 00:29:24,3.475393751187005,1093.8003590937183,44.85990711254407,2.475958879636057,52.57601449265538,0
2026-09-01 00:29:25,3.415675340468381,1220.680812878584,46.450837654315535,2.557906639815383,58.03867172211212,0
2026-09-01 00:29:26,3.7170942717497812,1306.7793365038683,44.62459678825193,2.1907524619841654,53.99392878836202,0
2026-09-01 00:29:27,3.4824114187567665,1214.101710960467,42.92253113167466,2.3305385517379267,53.41118785359312,0
2026-09-01 00:29:28,3.5123204806784485,1282.5286481616424,45.0147013498394,2.3145903778281824,53.3584761875687,0
2026-09-01 00:29:29,3.5551485376040466,1168.5393925235278,42.834318942263316,2.7535840913820544,54.587029364581966,0
2026-09-01 00:29:30,3.5043602446372453,1198.3976252918144,41.14947557482503,2.2342112296000334,60.10632380230492,0
2026-09-01 00:29:31,3.6695051040430755,1201.6762351194293,46.45424496297099,1.9732696426725838,54.546407842908636,0
2026-09-01 00:29:32,3.4377350638265547,1089.1204460320614,46.15812314538934,1.9098716311281538,52.64110778387543,0
2026-09-01 00:29:33,3.519460745523724,1141.59110860749,45.93418188798715,2.058885959597285,55.0757368872449,0
2026-09-01 00:29:34,3.4257529414301953,1145.1562460308007,47.60585684389162,2.9084614608544332,60.26525081728461,0
2026-09-01 00:29:35,3.3679977488779294,1241.1033039016263,43.66993621939215,2.5048619798452156,53.49152584319315,0
2026-09-01 00:29:36,3.4388230909094712,1243.6076552842028,42.13777171445749,2.650374726042161,51.45698497470716,0
2026-09-01 00:29:37,3.496296320295159,1216.2018221353267,44.85994044638391,2.6609463181363986,53.49702619080875,0
2026-09-01 00:29:38,3.457069777548274,1241.2051448427853,44.30499940058818,2.516855175517696,55.3862912090453,0
2026-09-01 00:29:39,3.430757902012614,1191.7925293639114,43.315408566459865,2.4775656110046076,57.06472285247602,0
2026-09-01 00:29:40,3.3593682536328164,1260.0965834769772,44.84030169302441,2.8133579289454422,58.02065073604674,0
2026-09-01 00:29:41,3.4916894427371306,1200.4394221316036,43.77678970759083,2.543798774293792,51.86284817811301,0
2026-09-01 00:29:42,3.3495279625968997,1202.8932023713378,41.32798943328634,2.9197292437790243,52.14746399662279,0
2026-09-01 00:29:43,3.5760055963689603,1186.7203683368793,44.11764661841248,2.68624898358696,54.03021322183753,0
2026-09-01 00:29:44,3.5082439752934502,1234.2225238818214,42.727249666592286,2.3146611179556915,57.05347907409069,0
2026-09-01 00:29:45,3.354244850053507,1178.9400591693543,45.46329614322185,2.350859792839019,51.21997630704323,0
2026-09-01 00:29:46,3.4690790922950137,1248.8215688599034,43.68793048351869,2.2817605580637164,53.17801926874691,0
2026-09-01 00:29:47,3.4247843594409417,1143.3925429641997,47.223262948282105,2.8652644065852146,53.22176881176416,0
2026-09-01 00:29:48,3.531917451041918,1145.0541872635904,48.20773213453573,2.3784847141163343,57.825246566093114,0
2026-09-01 00:29:49,3.6340450446023143,1234.3713377563251,46.358762746023814,2.2604581609601104,56.58478228199331,0
2026-09-01 00:29:50,3.3124827530354257,1195.5727892708494,41.89794763603336,2.595933412338046,57.71115508314976,0
2026-09-01 00:29:51,3.511502607914742,1177.3054291923436,48.01039199775808,2.470849868088249,59.016033922699165,0
2026-09-01 00:29:52,3.483986720443336,1244.502886623773,48.15144090074753,2.588370553772549,54.08304971473276,0
2026-09-01 00:29:53,3.5671340076450466,1169.6369292956958,45.03758102261588,3.066944171168153,51.43778153543896,0
2026-09-01 00:29:54,3.521319662823769,1189.9899372849816,47.64585232067106,2.773921241778658,51.45710914645894,0
2026-09-01 00:29:55,3.4248030668261182,1269.961397503558,43.89664972390664,2.5081031662905717,49.48567730482348,0
2026-09-01 00:29:56,3.468094606433338,1276.9571172905326,41.26750813030082,2.0774729847381974,53.62369951100142,0
2026-09-01 00:29:57,3.420397414319651,1278.6199105135163,43.479431122756814,2.3500112508374094,53.84733215550479,0
2026-09-01 00:29:58,3.60760071385986,1185.8937111533044,48.45860173208951,2.713313830763591,57.362660220415144,0
2026-09-01 00:29:59,3.502131164867194,1261.5351452492234,42.017840152777055,2.148687688101455,55.05074265152981,0
2026-09-01 00:30:00,3.6901190685753007,1152.552358611566,44.999042563862986,3.142291088899106,53.52901466697218,0
2026-09-01 00:30:01,3.493933918618538,1154.654856263897,45.06828778668042,2.5043249687906646,54.65200382151824,0
2026-09-01 00:30:02,3.4291593233089537,1082.477207368782,43.97405151206438,2.5146545179628457,51.883079548855704,0
2026-09-01 00:30:03,3.3486285607387174,1283.6434100949266,44.11295680032577,2.3000064421126067,58.07621971225386,0
2026-09-01 00:30:04,3.3196860323744053,1156.8010075461962,45.144498268472404,2.6490213270327154,52.64225331157147,0
2026-09-01 00:30:05,3.341586405699451,1193.673371012647,43.87567531613055,2.1525994580433303,51.58020618419231,0
2026-09-01 00:30:06,3.5267126651011482,1154.4837829035857,42.15588300566414,3.1494677767304373,57.45364590012241,0
2026-09-01 00:30:07,3.5508725023229935,1234.758262416507,45.43006388588691,2.8952053913956033,56.722492625091554,0
2026-09-01 00:30:08,3.341880929796787,1181.218316964133,47.146733164889945,2.795288933559114,49.828943864322966,0
2026-09-01 00:30:09,3.5895038314076118,1134.7591554783526,46.73914503730684,2.0828712982630573,57.56500490413067,0
2026-09-01 00:30:10,3.451693894831656,1222.0831282093031,43.38052906522038,2.561623981137325,52.77522208271783,0
2026-09-01 00:30:11,3.514679301198555,1128.3134987594885,42.49754416924465,2.8627259194042014,53.87768641730824,0
2026-09-01 00:30:12,3.6612220628255425,1158.1297137342253,44.43162423569044,2.677931619807322,55.56106032308181,0
2026-09-01 00:30:13,3.589683931586553,1094.6555442686958,48.13558301959133,2.1993672686098673,56.75987464785047,0
2026-09-01 00:30:14,3.473146935209417,1128.8020943901197,46.29119615791909,2.3049718734074034,56.33643752406258,0
2026-09-01 00:30:15,3.410880777458471,1208.9264584860239,46.407929353588464,2.364419158598203,54.850545007281994,0
2026-09-01 00:30:16,3.2848184598670693,1101.7731980948538,46.779713903570986,2.3189686496534176,53.72607001325227,0
2026-09-01 00:30:17,3.428084668075758,1125.9427137689142,45.841533125037174,2.958633650713092,56.23666208069634,0
2026-09-01 00:30:18,3.4788869761172307,1199.8815541933595,45.24121709522716,1.9236960583530232,54.64483648796732,0
2026-09-01 00:30:19,3.4012820472848815,1172.8196551953474,46.32461379329594,2.696775741897651,60.416063377377775,0
2026-09-01 00:30:20,3.4868743032907696,1299.6018317979654,43.90766779156396,2.1123089875214647,56.7592270299097,0
2026-09-01 00:30:21,3.5076851882958766,1291.6948273012188,42.171073977267355,2.2116245537646795,52.229753125028935,0
2026-09-01 00:30:22,3.4775144018191924,1156.6038768624423,46.445993869248646,1.8970799899393849,53.56720014587905,0
2026-09-01 00:30:23,3.434999741917654,1227.856880920174,47.47547621149845,2.3352836706523403,55.144576531779485,0
2026-09-01 00:30:24,3.5168654671966726,1237.4641278439726,42.763536121287935,2.953219495461764,58.89829364521137,0
2026-09-01 00:30:25,3.544194064956941,1170.12605709878,46.6438429648318,2.5794472727394333,59.2333150273364,0
2026-09-01 00:30:26,3.3909600922557153,1125.2229231750898,48.36153142677638,2.1404915359002707,53.81159583890331,0
2026-09-01 00:30:27,3.641093237974627,1199.385077534597,44.99550759648576,2.805144302313794,52.19909735023167,0
2026-09-01 00:30:28,3.4901411867715737,1191.3577162592944,43.363995630516506,2.8693912790706055,51.81550707638144,0
2026-09-01 00:30:29,3.501884962294485,1178.211775151469,45.24603734705351,2.531213944311726,55.75728627164734,0
2026-09-01 00:30:30,3.5708214423256557,1222.1158434082242,43.8989320635986,3.110424747445777,61.91135292765248,0
2026-09-01 00:30:31,3.5233216131263503,1162.46351964972,43.7665397800872,2.7464692373873842,56.617282312765305,0
2026-09-01 00:30:32,3.5953136633913245,1142.4001226210428,45.86636813454309,2.7047957521877763,50.218262419947976,0
2026-09-01 00:30:33,3.5287124165201824,1205.4541485174916,41.79254104994021,2.258986387850113,52.821987690262,0
2026-09-01 00:30:34,3.4387562625359562,1219.2985046284439,42.11214215501555,2.6882195456864024,53.12825739446526,0
2026-09-01 00:30:35,3.53615035252061,1141.1677528049972,45.03858176074789,2.565037383281348,52.53399243965528,0
2026-09-01 00:30:36,3.385627379267934,1246.404530549554,44.95538292217514,2.655948700801308,53.83631852519734,0
2026-09-01 00:30:37,3.5108559705776523,1111.475943111196,45.68710915407987,2.2946243142576006,56.108184583059824,0
2026-09-01 00:30:38,3.496677000935554,1171.0943270642179,48.75045077696678,2.538429665307696,57.04594350796794,0
2026-09-01 00:30:39,3.479188314272746,1187.0995731901196,45.20902807215164,2.2549415499355128,58.27529047274993,0
2026-09-01 00:30:40,3.487146248856107,1168.1888143674034,46.19634430066959,1.8558603700101903,56.57260771914153,0
2026-09-01 00:30:41,3.311815095450236,1171.7469763224403,43.04893412877074,2.799491370573515,49.13754927901348,0
2026-09-01 00:30:42,3.445127509225904,1293.5537241154057,46.535875327033075,2.049283305493145,51.82808623740606,0
2026-09-01 00:30:43,3.5092844901141116,1157.455795548055,43.947218269778645,2.5321559394347246,54.525717889422424,0
2026-09-01 00:30:44,3.51598563919974,1322.0610861235957,45.14284166516219,2.599900638834712,55.44183956730244,0
2026-09-01 00:30:45,3.3972324859074043,1221.8563389865526,44.78230274986168,2.5979689047589165,57.58425507962877,0
2026-09-01 00:30:46,3.62657078408647,1204.6027568655995,47.065948469828065,2.415076277920525,55.129552528650315,0
2026-09-01 00:30:47,3.41338251517855,1223.8120176693833,42.380046891250004,2.581363442583992,55.152121761591026,0
2026-09-01 00:30:48,3.5969457200526738,1326.4963874625976,40.43352273076992,2.641290120935549,55.71339208941718,0
2026-09-01 00:30:49,3.5427194361871686,1150.3203498034277,44.57313460582415,2.7204894447255956,54.23493478365639,0
2026-09-01 00:30:50,3.43537726901562,1143.9791040531804,45.93706251381025,3.020032401815279,55.26065541963344,0
2026-09-01 00:30:51,3.677531089260951,1162.256690171404,45.304538751615,2.5702582454494616,58.37749653703525,0
2026-09-01 00:30:52,3.380636316824352,1201.6071573482282,47.46440847482782,2.5192146535053106,54.74826730364799,0
2026-09-01 00:30:53,3.591915417361,1113.7114437593714,45.87474534835933,2.2279813103949717,54.90936181964715,0
2026-09-01 00:30:54,3.6000582318042977,1201.1169619659304,43.87230333628028,2.630783897169801,54.89924378569843,0
2026-09-01 00:30:55,3.4329379790923356,1284.6773566706836,40.34915969172064,2.7002149309421704,58.89332144137351,0
2026-09-01 00:30:56,3.639246530006433,1207.5703695312388,44.52537553160956,2.442309044715512,51.675840019511675,0
2026-09-01 00:30:57,3.4749953485401046,1185.3657270512363,47.0559180045156,2.663383751255211,60.32754068437359,0
2026-09-01 00:30:58,3.5288693629279857,1169.0919775658185,44.215904434665774,2.4122451419351973,51.47085443645346,0
2026-09-01 00:30:59,3.5260321838771223,1244.9255852275783,45.056640527355526,2.7012977956266773,53.037339216016726,0
2026-09-01 00:31:00,3.486569125852945,1158.7083613380976,45.84272050861342,2.773780694208923,57.23421480914596,0
2026-09-01 00:31:01,3.5810808273159784,1292.3197960299624,42.969415251500365,2.7695883600191458,58.09095008642102,0
2026-09-01 00:31:02,3.5793488720552213,1296.6679873857179,46.246471793277635,2.53535329784239,50.789502949004536,0
2026-09-01 00:31:03,3.3251468026761817,1212.8375399330894,48.274243580003414,2.1880095545148848,51.72189441025874,0
2026-09-01 00:31:04,3.6304340242878155,1199.4242455961678,44.65437329621319,2.3164260842074538,55.83352842841554,0
2026-09-01 00:31:05,3.3337508011964325,1251.5329904120779,42.7418711563354,2.6785471971654187,62.033258163291386,0
2026-09-01 00:31:06,3.6032546204341656,1254.7399251113663,44.86679794595605,3.2346436917220682,58.738788342996045,0
2026-09-01 00:31:07,3.612670513682758,1159.7004134470292,40.55123178278226,2.3977837685403753,54.25570885110457,0
2026-09-01 00:31:08,3.3909033569784803,1173.6722433431648,45.67380652795323,2.636751303516442,47.74261258577273,0
2026-09-01 00:31:09,3.4589185712045416,1133.8826282658351,45.90454875529716,2.333184232756179,55.24492820326348,0
2026-09-01 00:31:10,3.3894295331514064,1220.453246916703,48.35127258769113,2.20780988672527,56.08689041093966,0
2026-09-01 00:31:11,3.4785078969711263,1233.3313941728445,44.61201041486675,2.297105240926791,53.85191457675159,0
2026-09-01 00:31:12,3.469196571581426,1132.5037181069363,45.81697067629294,1.8752584069891984,52.44782802836021,0
2026-09-01 00:31:13,3.577966053226934,1177.240054759192,43.277423795228195,2.906030518872325,55.47749578096416,0
2026-09-01 00:31:14,3.6310308746119606,1132.6373041209326,44.28714575894984,1.830960924125616,52.17321641831812,0
2026-09-01 00:31:15,3.6395683810789956,1155.0600094878082,41.9496291266756,2.42085153087981,60.61734598242617,0
2026-09-01 00:31:16,3.44378319734217,1227.550853011315,44.61042075743353,2.1465616313949836,59.55023439260145,0
2026-09-01 00:31:17,3.479077812625547,1163.325896666086,44.38938169296287,2.234685935391339,56.97373789477828,0
2026-09-01 00:31:18,3.331656180777905,1184.958702198385,45.598399532177794,2.9129567979216002,55.26913170735795,0
2026-09-01 00:31:19,3.419412993350381,1118.6344136026341,43.752806239334724,2.5603200970094178,53.01950774015932,0
2026-09-01 00:31:20,3.5964851633097457,1209.3495104862332,45.16669070195018,2.21038115224549,54.9376384483273,0
2026-09-01 00:31:21,3.6615582823548234,1197.7863340077677,44.33323988878467,2.323144860251047,59.91789140562183,0
2026-09-01 00:31:22,3.376565112812008,1163.5520374983419,44.337001223400975,2.2703556338673745,57.605962175309884,0
2026-09-01 00:31:23,3.4407535740847104,1190.5492851158763,45.16072465192606,2.4869362983763357,55.61107683542938,0
2026-09-01 00:31:24,3.4973594243041073,1209.0147440251721,45.08104588463402,2.5518675054363076,57.77192300250279,0
2026-09-01 00:31:25,3.5280161158819605,1159.2565925545327,46.52234807810328,3.068672431968568,56.63683199014248,0
2026-09-01 00:31:26,3.4190396480078356,1126.186872799911,44.75871393174033,1.925109770200688,56.188832619660616,0
2026-09-01 00:31:27,3.542406104446409,1290.2787216343409,44.300229301753994,2.489556305572614,57.941689776974606,0
2026-09-01 00:31:28,3.4526160652929083,1168.3363647644865,44.63838510982555,2.4053296922396434,56.55108293447427,0
2026-09-01 00:31:29,3.498554772912172,1195.1619948406556,43.570671766318014,2.7839645583150348,57.575654410310136,0
2026-09-01 00:31:30,3.55462842480037,1250.5419867510157,44.280177812866654,2.606445435453518,55.484161148903524,0
2026-09-01 00:31:31,3.500642226981094,1376.4527593785242,49.062317426146464,2.6771086624344838,54.23762253042969,0
2026-09-01 00:31:32,3.456361410947343,1137.7756775055568,43.17464247860826,2.603525855804525,53.35551136317955,0
2026-09-01 00:31:33,3.489039019607417,1222.4913606863256,44.442687332241384,2.220402662414938,52.99807118358712,0
2026-09-01 00:31:34,3.4911637040794665,1164.6223857352948,44.22502267346062,2.863379648947904,50.1844886726754,0
2026-09-01 00:31:35,3.4629988970117873,1173.0604847711645,44.5056567755112,2.7395514713847007,52.26418015956501,0
2026-09-01 00:31:36,3.4741203937332896,1163.9893989496604,44.33752138224321,2.774658937517423,52.17743941125346,0
2026-09-01 00:31:37,3.6598647170504717,1143.7172516099708,45.558480202442,2.8792150511521495,53.47796441204789,0
2026-09-01 00:31:38,3.5560919447941237,1197.935431910767,41.57964979721641,2.625302530195588,59.68673263191487,0
2026-09-01 00:31:39,3.470451968197084,1126.2748656475883,47.07434294506401,2.9442977212352477,54.52731413333867,0
2026-09-01 00:31:40,3.5696954404510737,1247.3403783255935,46.265165599284394,2.6132918715359925,55.72530066965293,0
2026-09-01 00:31:41,3.466618051024399,1202.7501468016687,42.51425682787373,2.4342824235926175,55.81995893353578,0
2026-09-01 00:31:42,3.617312463758664,1221.121748645072,40.4618454540952,2.4980188268549908,59.7627427385271,0
2026-09-01 00:31:43,3.536964219219809,1176.6905694026889,43.045855707717195,2.4928468695591652,53.27324363846412,0
2026-09-01 00:31:44,3.489269785599577,1181.6398032894126,44.51466707714575,2.344182603372837,54.332433759225815,0
2026-09-01 00:31:45,3.544771692581028,1214.3781952583663,50.16058379738155,2.989566654511066,54.68140188467745,0
2026-09-01 00:31:46,3.34291238479315,1141.7974683797088,46.086513929948545,2.5888886096511,58.4096045673243,0
2026-09-01 00:31:47,3.3873232531090194,1182.1004782793332,41.38482070163708,2.528421542749872,59.032317081263365,0
2026-09-01 00:31:48,3.3806074993600945,1157.0193243060774,43.62068899019811,2.61648227647793,56.423751459081835,0
2026-09-01 00:31:49,3.514294309476371,1155.4715594704494,44.893575127454035,3.3939563550211442,58.69872812218564,0
2026-09-01 00:31:50,3.6732514999485093,1094.508087968718,45.50736710859619,2.1604827434201024,55.53298298940697,0
2026-09-01 00:31:51,3.7231300146192634,1266.966329474,42.37050227937915,2.246488446485117,54.48219025714953,0
2026-09-01 00:31:52,3.5638051101440755,1165.6730623423116,44.730019544045874,2.085828694765901,58.53617225975687,0
2026-09-01 00:31:53,3.5500844474944455,1258.1688027581774,43.56472172477892,2.4302202284693544,56.46285302570139,0
2026-09-01 00:31:54,3.319894226584726,1253.4396160697147,42.79248287479537,2.5736555329982083,52.79340800227725,0
2026-09-01 00:31:55,3.4457326200265976,1135.7000146741752,45.51919129339791,2.360403244497677,57.99226281437305,0
2026-09-01 00:31:56,3.421221624809176,1145.5794382163576,46.54775434688565,2.338081960554469,54.37452210693916,0
2026-09-01 00:31:57,3.4379152401748883,1328.0251479677843,46.68208255392324,2.5427214599884396,54.007529431827386,0
2026-09-01 00:31:58,3.483185618141521,1287.5462970963572,46.14877270226775,2.349367652551091,57.679013104599136,0
2026-09-01 00:31:59,3.4527909422302874,1198.4240743335947,44.00526093371948,2.5930527481548515,54.733503577465264,0
2026-09-01 00:32:00,3.302070018962421,1212.8686553208674,46.42909952292701,2.8342703040227812,56.16687560812087,0
2026-09-01 00:32:01,3.5747910256117534,1168.4576798526405,45.618108876208574,2.703109140940242,56.985818752212396,0
2026-09-01 00:32:02,3.392725697426019,1221.617635710017,45.267883765904024,2.764304004149561,52.65117076218284,0
2026-09-01 00:32:03,3.523924686411115,1164.1409049638764,43.776613756596404,2.8257755234520157,56.1545516940466,0
2026-09-01 00:32:04,3.7074082669749973,1098.3823117850807,44.00624774531694,2.584848448035611,59.04841931578487,0
2026-09-01 00:32:05,3.4080615408413575,1133.9222106744473,45.14777387224911,2.4524076921870694,52.13059856878117,0
2026-09-01 00:32:06,3.246971247725367,1201.0546373925295,49.879748933971,2.2683240787350414,56.34972666649368,0
2026-09-01 00:32:07,3.471399577811989,1143.4466382248706,45.60248496018278,2.382646550909284,52.511596796259134,0
2026-09-01 00:32:08,3.610095963499857,1196.6361267543232,43.77762299549943,2.3428943401969318,58.064193051521194,0
2026-09-01 00:32:09,3.6958347454220593,1146.2669480283569,43.33522111006111,2.7195016979862734,58.03571675124931,0
2026-09-01 00:32:10,3.3770450405547585,1160.8823038749003,44.01646677468759,2.604034766378259,53.937032979252706,0
2026-09-01 00:32:11,3.5496699223236523,1242.6582653206597,49.35458689509813,2.7090273588142906,61.62888595657259,0
2026-09-01 00:32:12,3.4534689543219947,1212.3740273820051,44.20148670810808,2.1518989431699547,58.31987592741185,0
2026-09-01 00:32:13,3.4894051645695865,1199.5167789343327,46.81374106922057,2.9295248452723235,57.120786955408505,0
2026-09-01 00:32:14,3.7644343347017033,1243.9481986535325,44.248143509057286,2.371905888547971,56.951832688318405,0
2026-09-01 00:32:15,3.3497029671604848,1224.0304296673673,45.52236908255926,2.1699950073776013,57.95178072761867,0
2026-09-01 00:32:16,3.5253739661494574,1272.3281645625684,46.583490548017444,2.368234670553456,52.01307277826752,0
2026-09-01 00:32:17,3.5467693171765435,1177.007036884243,43.85619430038015,3.2451297977762525,55.58382279538307,0
2026-09-01 00:32:18,3.6085786324939346,1178.5182510736245,43.71777669169446,2.3836849400525297,56.149571156131984,0
2026-09-01 00:32:19,3.5097983153470897,1134.9445366804327,48.31773938891066,2.4024710585587226,53.799591810092316,0
2026-09-01 00:32:20,3.5308050539504103,1178.550964131379,46.969185789791595,2.442368595811097,56.3943858083319,0
2026-09-01 00:32:21,3.460835143257821,1248.2384947151222,46.581344637381456,2.4554138849705636,58.695082901302015,0
2026-09-01 00:32:22,3.5269126941245106,1264.9993686131068,46.57455258624583,2.2655571802596235,53.73469273670228,0
2026-09-01 00:32:23,3.4656807724502587,1248.0152584043335,45.919150976622134,2.542963924961839,54.83672709888609,0
2026-09-01 00:32:24,3.562157188985605,1110.2904066725282,49.03555162635013,2.822678472459499,52.538244112438164,0
2026-09-01 00:32:25,3.4630389663956365,1254.1572606330367,45.08781660375431,2.594286794643612,49.63903297056763,0
2026-09-01 00:32:26,3.5377100393902188,1108.0740688363965,46.15452473440184,2.1666504103300044,57.33679654156153,0
2026-09-01 00:32:27,3.497073718631502,1244.9058662061175,42.09817414281198,2.3966962285198874,54.92279861548226,0
2026-09-01 00:32:28,3.612605025077217,1181.6107736714473,43.35007862681752,2.334541779969511,55.14273825145836,0
2026-09-01 00:32:29,3.4948606276411516,1235.1266656966927,42.59836200032992,2.51588184047044,52.03967914547942,0
2026-09-01 00:32:30,3.322696753179312,1133.3775826052718,47.5481271670323,2.8991355014686953,54.44348941289143,0
2026-09-01 00:32:31,3.6261921500713994,1258.5583816353073,39.8949196959585,2.455335161193735,58.28978136754637,0
2026-09-01 00:32:32,3.409426769913738,1126.7512626947555,44.195379954494555,2.473553539338883,55.00246401033838,0
2026-09-01 00:32:33,3.434623366135118,1166.577254457341,39.012586794678754,3.0332934456458287,55.08755127416624,0
2026-09-01 00:32:34,3.4404338705956508,1150.0952686115481,43.33742420903622,2.762861797501498,55.62258483359027,0
2026-09-01 00:32:35,3.6374438093170816,1112.2857573588751,44.01810210053627,2.6722243846319604,51.29085361478063,0
2026-09-01 00:32:36,3.2864325786021302,1204.7263783794235,47.769742187588086,3.087439484590533,56.87476139230707,0
2026-09-01 00:32:37,3.8137748533659996,1290.304455891848,45.79325587844291,2.646943376438204,51.23440565525251,0
2026-09-01 00:32:38,3.605605680906605,1333.3452611160005,43.33371695334207,1.9040418574067433,52.18115325616292,0
2026-09-01 00:32:39,3.522323891412916,1204.8577893543124,47.13192743946365,2.7497997273641084,51.852355692978506,0
2026-09-01 00:32:40,3.4945105999383714,1255.834063753376,45.035664509059515,2.022397462864405,54.474325100108366,0
2026-09-01 00:32:41,3.528555407485766,1211.6047318964268,45.0751337174145,2.635601610574734,53.94264188938643,0
2026-09-01 00:32:42,3.552112242837934,1224.9441597384107,42.594656984456016,1.985876927761228,54.99632488507524,0
2026-09-01 00:32:43,3.564521558595006,1182.892567443638,43.01997257219372,2.359943376880024,52.28423152067067,0
2026-09-01 00:32:44,3.555560446600345,1209.7538462711302,43.34980540010895,2.3908646411170387,58.016485960919134,0
2026-09-01 00:32:45,3.508958068125525,1226.8739352303214,45.09292254630838,2.2689642678304742,57.502082706178996,0
2026-09-01 00:32:46,3.4802661579692673,1171.0770135561834,45.15577145396135,2.39534440084264,54.47855946132484,0
2026-09-01 00:32:47,3.484872671634649,1196.1252850053506,48.08818532704809,2.8097685161081656,53.56489985023619,0
2026-09-01 00:32:48,3.480509171964732,1197.0784940501255,45.77011033587567,2.285814126352134,53.2619275199644,0
2026-09-01 00:32:49,3.6133770096867064,1241.3201658665262,39.58486861265578,2.663542263853162,54.069565014967964,0
2026-09-01 00:32:50,3.559355672228086,1146.698391418616,45.52528397574338,2.21030510811781,50.79926431374647,0
2026-09-01 00:32:51,3.205961136533572,1197.4228895696174,42.09996728766493,2.4431501270823612,52.121178063364475,0
2026-09-01 00:32:52,3.5655900776529763,1295.6002734526348,43.06805815077693,2.597151779898235,57.5803611759549,0
2026-09-01 00:32:53,3.5194736194718774,1258.203007629297,43.375661056547344,2.2010414750144323,55.90543745822761,0
2026-09-01 00:32:54,3.4981291243554105,1267.4589524444352,43.673323352975395,2.106483870126793,59.90282345792959,0
2026-09-01 00:32:55,3.4611481546911116,1201.2215920089018,42.249701215919394,2.6475634451736663,54.10241454949204,0
2026-09-01 00:32:56,3.6124112719986012,1216.0498781843012,45.40696400690457,2.8369241198021915,53.9154603186794,0
2026-09-01 00:32:57,3.5947526462122856,1250.1118083351462,42.17839542981808,2.476280494153788,53.77630322636905,0
2026-09-01 00:32:58,3.422712233217639,1278.0127764765466,45.71333521449969,2.3628061280329886,54.04250655034549,0
2026-09-01 00:32:59,3.5407052287124534,1102.4198543558557,49.47394215412326,2.546702616306516,53.020137960560206,0
2026-09-01 00:33:00,3.4028343265458716,1134.2279346475077,42.341281882131874,2.516643975629614,55.8129646440616,0
2026-09-01 00:33:01,3.362038183521107,1265.4722050701323,44.43097939132156,2.5728707622133755,55.087312201445236,0
2026-09-01 00:33:02,3.4373282775410035,1186.1555322115598,39.95308527497506,1.7415264699058857,53.470256494485184,0
2026-09-01 00:33:03,3.586239347238276,1166.413960537096,44.39812941405973,2.1792687126502113,58.753446739056706,0
2026-09-01 00:33:04,3.595312504537609,1137.2919506502199,46.28543430526297,2.246430968368944,60.68974876745892,0
2026-09-01 00:33:05,3.5513085420097292,1172.2491649227945,46.441278462714536,2.545260288553469,58.499731616720204,0
2026-09-01 00:33:06,3.5725095786848,1129.8815358288089,45.154727460568196,2.55576336508668,56.67437203925019,0
2026-09-01 00:33:07,3.5516178287114957,1304.5547136366238,46.77852684951795,2.690854146605211,57.28530917879132,0
2026-09-01 00:33:08,3.4358518404777048,1198.8781974009714,50.09210907188558,2.5772745247631312,60.569246553479005,0
2026-09-01 00:33:09,3.543192254467394,1197.1024729118642,48.424609374875196,2.1097794788837994,57.280957947278274,0
2026-09-01 00:33:10,3.580040952522768,1229.4038337583916,43.954958141180725,2.9341013852755182,53.24444244220214,0
2026-09-01 00:33:11,3.5754291329813572,1248.1172584633284,42.097792027066525,2.8815754910267097,56.176817579951646,0
2026-09-01 00:33:12,3.6188913371474642,1247.294407827732,44.187697166852395,2.122540812991922,56.87873279818995,0
2026-09-01 00:33:13,3.5708303847201064,1253.6810971953785,43.1060344687653,2.599811588312255,52.01584817789224,0
2026-09-01 00:33:14,3.5351448207541583,1168.4577224604573,45.902695095729264,2.321372684427095,54.145207544070466,0
2026-09-01 00:33:15,3.607015023831643,1185.106659752157,42.637612921141006,2.5416591967601643,58.3011754721664,0
2026-09-01 00:33:16,3.497347874075094,1238.4515827721139,44.854355134819315,2.815993083892561,49.52952179485124,0
2026-09-01 00:33:17,3.411812534877228,1173.630546918019,46.67602810907262,3.1390312798962876,51.24871436487822,0
2026-09-01 00:33:18,3.4836933036056235,1199.7446683986389,44.79860825436565,2.725383311542783,54.47077883911502,0
2026-09-01 00:33:19,3.425509735519355,1219.9381882212408,43.107372354504406,2.588480420533041,56.061038786517116,0
2026-09-01 00:33:20,3.432482172502562,1239.2592541155188,47.349628115171384,2.398053649507511,50.92710266515328,0
2026-09-01 00:33:21,3.4855481329284483,1111.11595188149,41.242038110492345,2.554640461303353,54.61963224500218,0
2026-09-01 00:33:22,3.420758007900004,1235.7372824944473,44.344409888245075,2.907931567998494,58.4613056172657,0
2026-09-01 00:33:23,3.469203847036096,1188.3137971074136,44.91667995323733,2.4865873729721244,55.20595437122285,0
2026-09-01 00:33:24,3.3106385333046213,1235.3728855432191,45.03181731679926,2.234166204595705,57.81726683089339,0
2026-09-01 00:33:25,3.521329370737294,1238.8465846177414,45.36099211215616,2.014093040345012,53.22365763599499,0
2026-09-01 00:33:26,3.5001205475362225,1280.3957530559578,46.220879639618985,2.6539143602230753,52.570249429632455,0
2026-09-01 00:33:27,3.4182911368931808,1267.6726823810602,44.9291851219093,2.5741864376883217,57.546621490855145,0
2026-09-01 00:33:28,3.5659245668432407,1267.3285831305147,44.263883435712636,2.306227548021311,56.107796603968566,0
2026-09-01 00:33:29,3.593757013762656,1272.183515958312,44.18482131068061,2.8078042377121895,51.44321197667662,0
2026-09-01 00:33:30,3.3392440135631025,1214.5689492407973,43.77696839592329,2.373466940683711,52.597477251511634,0
2026-09-01 00:33:31,3.4237275221433787,1201.609254351842,46.57508664865373,2.4596067724525614,59.69374372317225,0
2026-09-01 00:33:32,3.4230857650212703,1243.6408541589167,43.70694304104697,2.4950007600106168,52.22633434159205,0
2026-09-01 00:33:33,3.4060096898891135,1236.604047571651,46.69354221801649,2.3947141773585736,57.802986240177994,0
2026-09-01 00:33:34,3.5829474841931748,1184.546688163087,45.03799816451974,2.5707595197248714,53.5654399082989,0
2026-09-01 00:33:35,3.4806173861227196,1220.2411704404135,43.95749038628774,2.8454545437799004,54.990472429698606,0
2026-09-01 00:33:36,3.4735485158689388,1198.2451766607703,46.23681443148827,2.157255430564473,55.883777862830115,0
2026-09-01 00:33:37,3.2996137635593246,1157.3033545769972,43.545092150553764,2.6465560415422025,48.69705636850121,0
2026-09-01 00:33:38,3.5635418030209225,1264.5230370688175,46.276368081456425,2.551647600881932,50.6118479937181,0
2026-09-01 00:33:39,3.3760741605146527,1202.7599621265044,45.42545224238357,2.546129148863412,55.25899905636149,0
2026-09-01 00:33:40,3.5059932630266326,1302.4354128849425,43.807350621816155,2.7615533709622273,52.827077308648356,0
2026-09-01 00:33:41,3.527737693795819,1118.7253864900083,46.05726963066912,2.5147892275651476,57.98974388582387,0
2026-09-01 00:33:42,3.6360658595838653,1172.1610613578316,46.093179451377274,2.644068778571711,50.18163735739563,0
2026-09-01 00:33:43,3.3691179600880887,1201.6319418345436,47.31503921161992,2.714759388871344,56.69576516877396,0
2026-09-01 00:33:44,3.1980487844179173,1256.8690548814457,46.93229402481859,2.348690439885818,50.87133633878702,0
2026-09-01 00:33:45,3.5183849544753696,1219.9734686301092,45.98254804145257,2.5897550382441397,53.943685017566715,0
2026-09-01 00:33:46,3.6800511181510855,1215.5236377090375,42.744818097582474,2.4247637178368104,51.806866707286105,0
2026-09-01 00:33:47,3.6238946352939436,1143.6368103722925,49.897173976348114,2.4601954660840315,60.707289641413595,0
2026-09-01 00:33:48,3.5209659415274626,1142.1529301385265,42.19276757785638,2.4033815810565002,50.98152351108989,0
2026-09-01 00:33:49,3.4508363814367953,1216.1252330144953,46.898526348564616,2.641324121229066,54.63382091389293,0
2026-09-01 00:33:50,3.580712259663731,1131.7947003090821,45.8625676337726,2.524493412705476,49.81949155593954,0
2026-09-01 00:33:51,3.4026453800295533,1173.4061124855336,42.65171525503777,2.6183632102950023,59.79871036621177,0
2026-09-01 00:33:52,3.547635776935622,1225.045866454293,44.751398122243,2.4947447911312755,56.203847248531616,0
2026-09-01 00:33:53,3.5505470159166626,1150.8837863861613,44.84249422751072,2.0187636962589024,55.410919268796,0
2026-09-01 00:33:54,3.606020990749888,1280.2677981180902,47.611165431621046,2.5094105248299123,59.42293881787518,0
2026-09-01 00:33:55,3.775966003891108,1261.1968172118945,43.573378199439574,2.5190613865470453,55.44226732426784,0
2026-09-01 00:33:56,3.5392415967178765,1121.429000083085,44.47610998715129,2.572778781146038,55.65871406842323,0
2026-09-01 00:33:57,3.4491036374292503,1153.3814378409006,40.32786078995748,2.3218812418942774,55.39517586419545,0
2026-09-01 00:33:58,3.4974425687808006,1085.7111377752526,48.46952558624715,2.1413590850003463,56.690902976329355,0
2026-09-01 00:33:59,3.323092409511088,1160.8704318725934,42.85906351395986,2.6873819934682834,53.52267584823621,0
2026-09-01 00:34:00,3.430528686891094,1238.31942382862,45.65382172847835,2.4179180330397494,54.35713807791,0
2026-09-01 00:34:01,3.4590717561886897,1179.3052528862572,44.79718434055627,2.5513732143054986,57.431003885372334,0
2026-09-01 00:34:02,3.4475911602065406,1223.0398621807983,44.80399806643332,2.415561976033511,55.832118854673645,0
2026-09-01 00:34:03,3.5152354872033724,1123.8832840859127,46.61972396974175,2.4981814522679215,54.65726825769362,0
2026-09-01 00:34:04,3.41775800676178,1239.8987627290953,48.34252492060727,2.3652143956192577,50.79843282690786,0
2026-09-01 00:34:05,3.612103066732447,1172.2445386035824,45.50298733988399,2.2095749232538515,59.49415085360979,0
2026-09-01 00:34:06,3.50002070649182,1200.6084841141453,46.31015603526105,2.6421194982305973,53.01563767014769,0
2026-09-01 00:34:07,3.4990699678861388,1195.3562749303474,45.657783073454084,2.319063973532164,57.96171171525777,0
2026-09-01 00:34:08,3.467210528348708,1136.4225739553858,47.035062847861255,2.5491854442684434,55.52726095506426,0
2026-09-01 00:34:09,3.515519068385898,1142.3457834130108,44.07416724102735,2.623138066570623,51.11964843181039,0
2026-09-01 00:34:10,3.5825098264667634,1248.3897234501712,47.15078110883283,2.3239561853190756,58.75682643259184,0
2026-09-01 00:34:11,3.41328697842891,1219.949607875085,47.22099973129477,2.1388343096881046,55.76362193919862,0
2026-09-01 00:34:12,3.4341883510924744,1252.5024520776713,47.16507401736582,3.227825684155916,59.006036070211124,0
2026-09-01 00:34:13,3.4696273971223337,1216.232911775126,43.67970426532705,2.3416684372163723,54.45277389779224,0
2026-09-01 00:34:14,3.3654129076526784,1207.1495317404608,44.66332473152562,2.6870251475803477,57.11215368990116,0
2026-09-01 00:34:15,3.4180742140278504,1113.6994690666618,45.47893397756087,3.081839064871037,49.71241866596496,0
2026-09-01 00:34:16,3.452377912645534,1186.4816651619415,42.25831591034199,2.736972324056168,53.49935240921873,0
2026-09-01 00:34:17,3.587438918071273,1198.6307839798128,48.18984041617203,2.4098671573517345,51.18102000330619,0
2026-09-01 00:34:18,3.5262561329001927,1297.6553599136287,44.975446932995645,2.4798650837394667,53.87564844988483,0
2026-09-01 00:34:19,3.5193589911367544,1234.3478316049338,45.567855775209445,2.2502178340783456,56.41543521851843,0
2026-09-01 00:34:20,3.5850897962167974,1276.8030590854764,43.84599112054559,2.7645089280873227,53.18625973703756,0
2026-09-01 00:34:21,3.4862628211600604,1229.8768852947364,42.34624488126595,2.6698812124176063,57.59152628091635,0
2026-09-01 00:34:22,3.539046484992889,1164.434838652526,43.79194022905046,2.345672254521477,52.43016206934997,0
2026-09-01 00:34:23,3.4896778247067504,1205.8562108074925,45.43840837526718,2.1873475578704666,57.65570984094994,0
2026-09-01 00:34:24,3.5265362349399627,1211.8111823132117,46.34685762550739,2.1036298787008927,58.92927149762211,0
2026-09-01 00:34:25,3.4417241342388416,1153.0422215114659,45.32358308120544,2.79595420114126,58.04057840527296,0
2026-09-01 00:34:26,3.256118284172357,1180.780631170354,45.6934480324839,2.5361119386866684,53.96743284451068,0
2026-09-01 00:34:27,3.4865720837813696,1189.7116503161415,44.32594725063725,2.5644953608998255,48.62363920616757,0
2026-09-01 00:34:28,3.642274813609994,1280.2809916282558,45.992497132490854,2.253115412241293,56.74650099021204,0
2026-09-01 00:34:29,3.592621540224159,1095.962973730451,47.96566573277181,2.0609490690086782,54.624295855854086,0
2026-09-01 00:34:30,3.5965397484591173,1260.290921035802,46.40957888487797,2.7887840724134896,52.06482117961794,0
2026-09-01 00:34:31,3.6236130721806217,1153.160238252031,46.61908377650588,2.512611711099169,53.33116280538877,0
2026-09-01 00:34:32,3.508865759096144,1131.3960406365193,45.58803279861326,2.7721703980172863,59.303275949334406,0
2026-09-01 00:34:33,3.5197315707405594,1258.997106501923,41.9936898608008,2.3842200620453307,51.58797939816954,0
2026-09-01 00:34:34,3.438234810456565,1236.594903461719,42.91066693873751,2.4289546470889425,56.40492752686364,0
2026-09-01 00:34:35,3.4683927143972952,1262.7259351190594,45.909751601327685,2.7139894529861897,55.65387452691221,0
2026-09-01 00:34:36,3.5615771149771143,1240.0350973772788,44.97812189607983,2.7197044238951573,53.9278370060103,0
2026-09-01 00:34:37,3.6203884437168816,1302.9922500868702,45.879685772945656,2.739269686805786,56.93359806193914,0
2026-09-01 00:34:38,3.4860553724319,1227.9361918472243,48.35284683568815,2.411439624069191,59.896735776696595,0
2026-09-01 00:34:39,3.4549810735148587,1192.1761311938421,46.45207199845867,2.68436417129526,54.11208548834141,0
2026-09-01 00:34:40,3.5000527958856598,1217.146318866067,47.517772411485645,2.8327298396430156,54.270457155768696,0
2026-09-01 00:34:41,3.5601206748929113,1262.1734564172982,45.18936277894146,2.46856839649554,56.8661947149706,0
2026-09-01 00:34:42,3.3556145183866457,1161.0312337369942,43.38556864503112,2.345953490867784,57.754728464305,0
2026-09-01 00:34:43,3.270381904686276,1167.4055708734309,44.884267681571316,2.9028242809950298,54.61687837855409,0
2026-09-01 00:34:44,3.4449463150508417,1184.5519992701047,43.39049637256173,2.3036662799346077,54.08387879171906,0
2026-09-01 00:34:45,3.377928757408584,1094.7708600617334,48.1165899135449,2.688842949134343,48.34706043784072,0
2026-09-01 00:34:46,3.449185980235269,1206.9039204208773,46.58078215307094,2.4824733068440414,52.66597326290034,0
2026-09-01 00:34:47,3.485221968118253,1105.6935648024487,46.041024993256556,1.947530315054632,51.58206498379735,0
2026-09-01 00:34:48,3.4546751590976985,1202.652965646631,47.47188640445621,2.838578220243574,57.053874988935675,0
2026-09-01 00:34:49,3.6452467534470747,1243.2644878067624,40.95988717095355,1.6726439111357898,54.26829115419747,0
2026-09-01 00:34:50,3.532674476460232,1176.1561769678083,46.17627590268532,1.9047615799727173,54.15093518338322,0
2026-09-01 00:34:51,3.530047435961083,1283.8557935093436,42.37870843139125,2.6581990238442015,54.97283120913106,0
2026-09-01 00:34:52,3.56222071440434,1126.9749550290755,44.985488603068674,2.6581213596034345,52.3894705896238,0
2026-09-01 00:34:53,3.386116688221923,1259.5630340815917,44.37658481506557,2.3087260426367395,59.659741560066266,0
2026-09-01 00:34:54,3.603911178742027,1233.756852820346,46.3234732241939,2.5443466270909734,58.89458173508983,0
2026-09-01 00:34:55,3.492423571346454,1114.1983375844657,45.45637457792191,1.7405709862665986,59.854320349143066,0
2026-09-01 00:34:56,3.567048061724121,1335.5397149520265,47.69023434722358,2.7120926393411797,57.050251693716675,0
2026-09-01 00:34:57,3.3928142766959843,1196.8127357248018,43.796205678134775,2.574917646116079,54.911565654934186,0
2026-09-01 00:34:58,3.3446241233983933,1156.1257988922184,46.41822877926657,2.4863071439998614,59.844187909020654,0
2026-09-01 00:34:59,3.581788965802503,1129.6456402607992,45.32444643379766,2.5062524446413317,52.95709949226106,0
2026-09-01 00:35:00,3.5376409526097516,1188.9990986170162,41.72941945985689,2.6479762528579096,52.386373062900965,0
2026-09-01 00:35:01,3.409794844564249,1193.629656380502,43.162767082953934,2.4913295429506417,53.195465455690425,0
2026-09-01 00:35:02,3.4130336918725304,1205.1322764269833,44.700243932955665,1.937783349180634,56.568613800742895,0
2026-09-01 00:35:03,3.612543478441477,1185.110192188802,47.22458489978346,3.1588996703567567,52.71368441983698,0
2026-09-01 00:35:04,3.381058810713267,1231.6612655057547,45.92744611511423,2.8602402458285354,54.533881035346006,0
2026-09-01 00:35:05,3.6642672953255966,1180.6185083668377,42.66499835223857,2.1145166014135515,50.19443411834567,0
2026-09-01 00:35:06,3.409937926535213,1103.2517941379765,44.71936754390568,2.3964588308570227,56.44329299628473,0
2026-09-01 00:35:07,3.563839192560838,1192.531925217518,49.03561289758606,2.429189742953188,50.448689898450674,0
2026-09-01 00:35:08,3.4671381524251017,1081.626117331336,45.222446669681716,2.823654869952689,52.20351683540392,0
2026-09-01 00:35:09,3.560318743108234,1217.6885315445695,44.345348849855206,1.8522193194040697,58.65150140468993,0
2026-09-01 00:35:10,3.445588599788581,1151.0349884858683,45.983479281512444,2.3502975206710635,58.54095495095833,0
2026-09-01 00:35:11,3.4837207093927707,1208.16801774579,46.52678615916394,1.971809066998749,56.12293926863949,0
2026-09-01 00:35:12,3.504091917539572,1265.7037490762302,44.08766330503988,2.4144713452514983,55.82699074520569,0
2026-09-01 00:35:13,3.399781254421853,1152.5625652366,46.00514954874287,2.358249732074529,53.40712105853722,0
2026-09-01 00:35:14,3.574082434542013,1253.0628129256058,44.342221006658384,2.5239082202148135,52.6812890087734,0
2026-09-01 00:35:15,3.4486786433528414,1178.3305216656922,46.438655203658875,2.318537680297245,53.913274906727864,0
2026-09-01 00:35:16,3.477140008465998,1287.6597401032793,45.33938631594257,2.2746929825828426,50.45903747661305,0
2026-09-01 00:35:17,3.400565062539149,1181.7423693400892,45.96393565410578,2.6858970075289443,55.75734566486099,0
2026-09-01 00:35:18,3.243766634120469,1157.9753507246655,43.48163290766499,2.636401822282774,55.146493374425226,0
2026-09-01 00:35:19,3.480897223739983,1234.3619225197644,43.35742723185428,2.6654195028334726,52.1997361998692,0
2026-09-01 00:35:20,3.7412615421612916,1178.2105135188183,46.89099460931879,2.446929972852747,59.70604575652408,0
2026-09-01 00:35:21,3.5784604287898025,1157.9275242935496,44.841207237229014,2.328478425332443,56.820741130861144,0
2026-09-01 00:35:22,3.4980739620265604,1176.1080074648105,45.570069484198726,2.464344255393769,57.07552541202657,0
2026-09-01 00:35:23,3.473710917079173,1197.76967339085,44.38720914582696,2.6503486210205356,53.537980221882506,0
2026-09-01 00:35:24,3.5022465892812047,1267.1090065622427,46.797453548027285,1.8469660897084457,54.99600976592103,0
2026-09-01 00:35:25,3.554711911517521,1103.295612727021,43.784380039940686,2.618233579111257,56.882118010562266,0
2026-09-01 00:35:26,3.3819187184691155,1201.154032947521,44.728797520198235,2.5927414562004394,55.45834710130071,0
2026-09-01 00:35:27,3.6114321694668874,1231.2451797327021,46.57198562540626,2.518645271825718,59.80570235430962,0
2026-09-01 00:35:28,3.5715381315441244,1209.6724287495897,47.345935398328535,2.4552059734384977,54.388637291749745,0
2026-09-01 00:35:29,3.5718185725707934,1265.4932584716767,43.952481417946636,1.730164184220276,53.48631840329167,0
2026-09-01 00:35:30,3.543847573880973,1196.2827335120737,48.91936796391177,2.368044021069878,56.90275862941428,0
2026-09-01 00:35:31,3.501961665769399,1190.7724278907028,45.62648338738723,3.036831613323212,51.20605818314046,0
2026-09-01 00:35:32,3.567286123596682,1229.616477350667,42.91414347638253,2.503870388670492,57.77289079692434,0
2026-09-01 00:35:33,3.5591814133741377,1204.9656907475676,45.738104097179935,2.4078130483975846,51.09786459822405,0
2026-09-01 00:35:34,3.4645959289058976,1180.4795630859765,44.23400157103308,2.505071858677034,56.91575399817565,0
2026-09-01 00:35:35,3.44263982271031,1225.807201979319,45.86813697436635,2.6064318605884025,53.05517933748201,0
2026-09-01 00:35:36,3.5101856295261986,1167.3735853391677,44.91428750467932,2.6976460734068395,56.42975244095018,0
2026-09-01 00:35:37,3.654902015149519,1169.4411423990337,45.148547380380286,2.4313359510526174,57.72202883818305,0
2026-09-01 00:35:38,3.3760892924346098,1173.6002989117194,43.176813246827706,2.627475880718105,55.46026358651176,0
2026-09-01 00:35:39,3.353247473424756,1267.6534580083203,46.98012246143272,3.0029952408284077,51.40113714507796,0
2026-09-01 00:35:40,3.5164760841236515,1038.9491822007144,42.687745265697934,2.8018752398298146,52.309674266478545,0
2026-09-01 00:35:41,3.5050887701856017,1219.779941738147,42.78247020919001,3.202090064757094,52.81402257689865,0
2026-09-01 00:35:42,3.517334166437041,1201.7135907100112,45.73472069829497,2.302968892494485,49.31497931920668,0
2026-09-01 00:35:43,3.52439531979085,1115.956477038094,48.20568849435594,3.0028568522506047,58.38243357619579,0
2026-09-01 00:35:44,3.4776797745365196,1215.4863389568002,44.294813805871186,2.2627979080232214,55.33032275726899,0
2026-09-01 00:35:45,3.648986343860208,1223.7875995915765,46.40194464540793,2.606069844022139,51.593445864433015,0
2026-09-01 00:35:46,3.3399096021523484,1229.48196156787,47.14668035372709,2.71974295877143,59.36702457237507,0
2026-09-01 00:35:47,3.4171502975219754,1067.4085968477525,46.62936887458814,2.346766842428658,52.89601569958551,0
2026-09-01 00:35:48,3.4896745239850953,1268.319470592722,44.37758342165264,2.5263892832422825,55.751717467224616,0
2026-09-01 00:35:49,3.335681118884583,1163.113164765758,42.81790656561185,2.773138330735552,52.524188364411394,0
2026-09-01 00:35:50,3.482414559556793,1234.3283873376588,40.58490486865729,2.286918730506428,48.945219540012914,0
2026-09-01 00:35:51,3.666147016572802,1237.0536890341143,44.474319001075216,3.000815037864294,50.906678323446215,0
2026-09-01 00:35:52,3.5020886488295964,1156.1651457190353,47.35617473712435,2.0846210125817954,53.65452870740071,0
2026-09-01 00:35:53,3.5230700905718684,1233.0229976175774,42.75166803047613,3.0819074328185154,57.69489061361814,0
2026-09-01 00:35:54,3.373983523482742,1180.725337954382,46.40041969503753,2.8003978404398775,56.039599440457735,0
2026-09-01 00:35:55,3.4383638591960524,1096.4311410330922,43.09969493989625,2.4730823271016664,55.42061537851374,0
2026-09-01 00:35:56,3.4624803619676063,1258.387096276389,45.21214515277368,2.3791995366289806,48.96991713176536,0
2026-09-01 00:35:57,3.4682284903243765,1161.247751849188,46.415583228310034,2.3478915211626927,58.81025844304028,0
2026-09-01 00:35:58,3.628164379500377,1157.2753268630972,43.68100912632315,2.4592613079228958,55.67103908948667,0
2026-09-01 00:35:59,3.5557691060725123,1179.8467065981638,45.34096936139383,2.485451241535352,54.64174699032352,0
2026-09-01 00:36:00,3.3888542043062966,1213.6118362663694,44.16981732654934,2.8765678739903744,58.39726932996668,0
2026-09-01 00:36:01,3.5246504778432004,1197.1364794588949,46.410297317876356,3.0905962301153753,58.74249017070482,0
2026-09-01 00:36:02,3.5498221748496785,1227.4033462353584,45.470634336969276,2.559813976196202,58.46377074282757,0
2026-09-01 00:36:03,3.6140149038521265,1133.025531673567,45.11301534885853,2.2463114536031785,54.25874050989014,0
2026-09-01 00:36:04,3.6580540686568375,1162.8806814784632,48.116699920283956,2.3362821878091418,51.98957031764741,0
2026-09-01 00:36:05,3.3984905808172132,1194.2001463839233,46.3246122847366,2.4450727646166146,57.96676875142622,0
2026-09-01 00:36:06,3.4189142488789663,1294.8943646329353,43.61929626774742,2.1909633684109675,50.90483667078875,0
2026-09-01 00:36:07,3.374242214108538,1194.309373079312,44.82827219840448,2.1463175793677864,60.841770215992845,0
2026-09-01 00:36:08,3.476598014089302,1254.2611131830815,44.848202429840676,3.1291381637119082,55.08399863558369,0
2026-09-01 00:36:09,3.5466358374446334,1201.927758439216,45.16063914525042,2.590784057783876,51.81734723290125,0
2026-09-01 00:36:10,3.59873345165891,1175.8170681281215,50.04901855321499,2.2500600598958957,51.30439433753017,0
2026-09-01 00:36:11,3.4924048976357476,1187.663778794278,45.741703785422,2.744981071107314,51.16718552783182,0
2026-09-01 00:36:12,3.4680152476745154,1191.579014398556,40.92819485979045,2.146496162557946,55.42108872016253,0
2026-09-01 00:36:13,3.515175799224874,1230.182286948037,43.91440205656607,2.171196385638684,54.98082303982064,0
2026-09-01 00:36:14,3.416485709836998,1268.7305633788278,41.135255825008386,2.2590872796807266,51.29223347947242,0
2026-09-01 00:36:15,3.7089538721694773,1217.9840423843161,44.34040348590832,2.99635398425951,53.93063264033229,0
2026-09-01 00:36:16,3.339233897288194,1259.3538839370879,41.02537954054714,2.4241359802664877,50.896193841725974,0
2026-09-01 00:36:17,3.5184740578895726,1151.7605131185157,43.25681905786315,1.7674879039292541,56.767905417832516,0
2026-09-01 00:36:18,3.702360621922964,1179.2684745592985,41.95855694073176,2.863019779952678,54.83622020166186,0
2026-09-01 00:36:19,3.5006799844559997,1163.7848732896166,45.768320355934954,2.4080855907512926,53.86479248224766,0
2026-09-01 00:36:20,3.4809960964998505,1215.7222295437427,45.001078725257756,1.9451775982364783,51.13566780979742,0
2026-09-01 00:36:21,3.4642554577189575,1182.0520807410294,45.60592461499746,2.404994953610977,54.0995331993317,0
2026-09-01 00:36:22,3.481960831823759,1236.4886468517097,44.790897222862945,2.656301168981471,53.75581635596102,0
2026-09-01 00:36:23,3.637284847467653,1153.4499144183778,42.21140449959116,2.621214749959891,55.95318010362879,0
2026-09-01 00:36:24,3.2788138088670493,1202.1515486660642,46.02704273850947,3.039524493749446,55.501053934350885,0
2026-09-01 00:36:25,3.6533433701296327,1234.3428955506129,48.844449120538904,2.244169641229021,57.37618030623803,0
2026-09-01 00:36:26,3.3576042847549856,1096.7348612479695,45.81842515721309,2.5140160360794916,53.546270369484816,0
2026-09-01 00:36:27,3.4733347670765586,1306.0815653665102,44.14815080136487,2.2901292164264735,49.41876549341052,0
2026-09-01 00:36:28,3.4570755579701338,1185.8424057560062,42.14386564778911,2.0373421317438334,57.97327862979412,0
2026-09-01 00:36:29,3.558855326977072,1098.7480043161913,43.18386605848007,2.7656582116917865,52.19190246085546,0
2026-09-01 00:36:30,3.3401875648116253,1207.9046949288393,45.90607931314412,2.638980870744256,51.67924884095423,0
2026-09-01 00:36:31,3.546217266608194,1201.6721733986576,47.14623605359875,2.585103534909656,54.870650364658744,0
2026-09-01 00:36:32,3.7024309623286853,1195.9052810213755,45.52173234944395,2.6280370579775933,55.90681153886355,0
2026-09-01 00:36:33,3.363682599540719,1249.5595556463334,46.599774579411964,2.294358144193474,53.40749078285595,0
2026-09-01 00:36:34,3.5189706167610395,1237.3722485713529,46.415356488054485,2.198291473804542,53.38392195559562,0
2026-09-01 00:36:35,3.433801782220339,1214.8938095511924,46.01306878277183,2.511294211650808,53.82692104670333,0
2026-09-01 00:36:36,3.5425887206193036,1222.5077816973323,43.68305280947749,2.848363420723484,59.24962105297943,0
2026-09-01 00:36:37,3.5019147777415753,1194.7820775280957,45.34784702395031,2.982423140636064,54.9919657373256,0
2026-09-01 00:36:38,3.435851309095569,1288.7745424620025,43.303244392235726,2.73862981204223,52.096111481614614,0
2026-09-01 00:36:39,3.5487872284871074,1126.0401990821117,45.034857905916205,2.508752328030429,52.1266499292911,0
2026-09-01 00:36:40,3.6804348109786744,1206.9825837107949,45.66172706213382,2.580935178819981,54.24734746125289,0
2026-09-01 00:36:41,3.48090962082727,1203.251231559439,48.35756761477371,2.5034781577976113,55.71357380208402,0
2026-09-01 00:36:42,3.571975794214818,1240.6640203032296,42.380536051264734,2.1922169980901716,56.451940485898575,0
2026-09-01 00:36:43,3.3706727042128835,1157.807306128755,45.96301526198261,2.507394213463163,55.37247581154165,0
2026-09-01 00:36:44,3.404356362318199,1112.8163698801732,47.96247318324719,2.0995519547234522,52.474379947248735,0
2026-09-01 00:36:45,3.547240627788038,1207.8411508049096,46.517695531677596,2.462776832169088,53.72817610131765,0
2026-09-01 00:36:46,3.6484116028535967,1214.0615246109303,46.665890885650086,2.9908315331788957,57.20172364559387,0
2026-09-01 00:36:47,3.535561334878566,1274.4799704723825,46.17538980373563,2.7468577668350056,51.56172411864071,0
2026-09-01 00:36:48,3.4686941969476845,1136.4818976837457,47.596668979550834,2.223064244729041,53.60273982076761,0
2026-09-01 00:36:49,3.4999291405423354,1257.734688335836,42.82504366377526,2.478271279107315,56.79238857364406,0
2026-09-01 00:36:50,3.3749592266030284,1318.370718201356,42.22814666805951,2.2496871064735786,57.62584427990553,0
2026-09-01 00:36:51,3.5604515326355366,1181.1117556238762,44.98733171906949,2.481245869546837,54.42125388672585,0
2026-09-01 00:36:52,3.588233306232341,1135.452889025339,40.67767579285658,2.812332344957369,53.766379568287554,0
2026-09-01 00:36:53,3.454790966716692,1179.6512816813315,47.46129160835602,2.6959023814929712,51.03364617566878,0
2026-09-01 00:36:54,3.45299578522405,1200.700248368569,47.44143039099088,3.245243224223601,56.576919768181284,0
2026-09-01 00:36:55,3.526587822965205,1228.1893937503457,44.13329888983095,2.8577432207522713,58.95633905544037,0
2026-09-01 00:36:56,3.4563280263959406,1170.4302635080976,44.25845880667898,2.5612001143233076,62.69546217579907,0
2026-09-01 00:36:57,3.4933867385374175,1277.7599267073672,44.85530504969866,2.703144992239988,56.15933855055414,0
2026-09-01 00:36:58,3.7099721789166518,1144.2733842495968,45.10404130087924,2.439267047744999,54.847361045068055,0
2026-09-01 00:36:59,3.4752974299254005,1113.03974239136,45.25434783838857,2.1617487258740513,52.24056816054728,0
2026-09-01 00:37:00,3.464165984797878,1255.3355212143658,46.11646421375661,2.8917329734862562,49.36342925877055,0
2026-09-01 00:37:01,3.435245819436484,1086.2689484396901,44.65474729398304,2.802697443079494,55.5308777492195,0
2026-09-01 00:37:02,3.574419197149994,1189.7935115563641,46.88638660695559,2.4276837356218106,62.05101736046291,0
2026-09-01 00:37:03,3.4818775826781896,1355.8840564604025,45.89189555425061,2.5821807210794017,58.81243668897074,0
2026-09-01 00:37:04,3.4350626961678574,1199.3978223520035,43.786073108254726,2.872281756215442,58.3496928073414,0
2026-09-01 00:37:05,3.6321304032273014,1143.9616174651876,47.670225335608194,2.753905427861806,55.736808451173744,0
2026-09-01 00:37:06,3.641960300451364,1197.1301268106604,42.283486027755025,2.06106962462509,56.07856948084097,0
2026-09-01 00:37:07,3.4399576434261294,1197.4599605690232,44.815668378357046,2.5730860064469474,47.72875804516607,0
2026-09-01 00:37:08,3.3133460048639383,1208.0324970176557,46.93383480215093,2.4497105423534906,57.28753174229199,0
2026-09-01 00:37:09,3.6007513689836923,1233.113149107981,43.55385379017571,2.8339002097416044,53.261978291272555,0
2026-09-01 00:37:10,3.4315370174239996,1148.044441581613,45.6191112935343,2.8093128216347982,52.894817960212336,0
2026-09-01 00:37:11,3.579062559916277,1284.3774027618397,46.086679193998094,2.8955823484534133,54.030229140854175,0
2026-09-01 00:37:12,3.3029896182288163,1212.2557142186308,43.27895226403752,2.1646316983839378,53.928986531646956,0
2026-09-01 00:37:13,3.589259733829931,1236.3397023200903,44.85504456081193,2.2647665397831283,52.847093224085015,0
2026-09-01 00:37:14,3.3788828070719217,1168.5925300122178,44.68699233958158,2.8342247308406314,55.04161621652793,0
2026-09-01 00:37:15,3.5730764119066523,1264.3191068497767,43.896524296335414,2.322506255397266,53.32516721137584,0
2026-09-01 00:37:16,3.5014273067836434,1187.1473795593467,49.60334970410155,2.0435701057257076,55.30096886726844,0
2026-09-01 00:37:17,3.4046060580603354,1213.8776256746767,43.47378729310905,2.6597789462842196,50.5384665563499,0
2026-09-01 00:37:18,3.459296368707322,1153.3446961406446,47.009860588135766,2.335834467920208,54.35782668810395,0
2026-09-01 00:37:19,3.5686318456956703,1150.1534186798935,44.21439796623772,3.0369372310925202,51.711113230941244,0
2026-09-01 00:37:20,3.5105894453115236,1234.4102653226441,42.826727622229434,2.588855366196539,53.0756520445064,0
2026-09-01 00:37:21,3.5584412980472484,1177.8196584896307,45.20562848631014,2.5480777859924997,55.43019652910059,0
2026-09-01 00:37:22,3.6976440584515484,1157.308845624781,46.298186768775004,2.389226832515273,50.18800715573513,0
2026-09-01 00:37:23,3.3435758388288948,1167.8408328986484,46.84101915013136,2.9772506001780914,52.53277786818359,0
2026-09-01 00:37:24,3.6617212574968625,1234.947653585871,48.12453022131014,2.6075663379669463,56.706893154509004,0
2026-09-01 00:37:25,3.5104355937523213,1168.5481069398195,50.8904925798702,2.377450144553138,50.7604664744026,0
2026-09-01 00:37:26,3.4101215951676873,1194.1172534198918,45.50102840751119,2.261774888018366,60.33360142083642,0
2026-09-01 00:37:27,3.366968637426101,1200.7513875143547,43.67381565234923,2.4779580836307344,58.61322386839194,0
2026-09-01 00:37:28,3.4810879609222964,1104.132555699485,45.90574865358978,2.2067059488535583,53.51641874664316,0
2026-09-01 00:37:29,3.592165011192446,1126.4436797313242,44.46757409918702,2.808663232503683,52.63837093664481,0
2026-09-01 00:37:30,3.4872450879622465,1216.8138944623781,46.85193225970446,1.9574973837927296,55.60581971000644,0
2026-09-01 00:37:31,3.6511154930247347,1163.1485319423653,42.40567140726856,2.458145791500079,50.65761322891852,0
2026-09-01 00:37:32,3.354882430994844,1252.8362455640208,49.73666908480087,2.6830400635263802,48.9935718255027,0
2026-09-01 00:37:33,3.4987911052153944,1248.3403552125271,46.712096189551026,2.602635826032897,53.6219946278423,0
2026-09-01 00:37:34,3.374760655558688,1235.9584333177718,41.63199196440767,2.2848151080952994,54.597853700493424,0
2026-09-01 00:37:35,3.536363188262497,1290.9885893656299,43.581942195370054,2.6980776120119647,55.28328167306059,0
2026-09-01 00:37:36,3.58868873900973,1195.8455336128409,46.63216208822788,2.234188183484228,53.155778151646345,0
2026-09-01 00:37:37,3.4579238206318945,1232.444096295192,47.35268811234291,2.493284603050957,58.821840188424844,0
2026-09-01 00:37:38,3.2395786143372867,1170.7799511701985,42.455524745536074,2.6955524715941066,50.51458102454835,0
2026-09-01 00:37:39,3.5198948146796494,1322.6184956434363,46.4260517008659,2.638873833847934,51.5852135951257,0
2026-09-01 00:37:40,3.543673855173351,1299.181682621801,41.10532025467615,2.2974882965741594,56.459907868434435,0
2026-09-01 00:37:41,3.5404294754961696,1200.5940217258897,44.82132826905791,2.859248354969309,51.51505784308858,0
2026-09-01 00:37:42,3.6235782191822152,1219.3293114952596,47.224093684206416,2.52600837144566,51.39903864340805,0
2026-09-01 00:37:43,3.392894632035095,1267.9648799682402,43.89696853979404,2.7228986232817456,55.37006437662149,0
2026-09-01 00:37:44,3.568021610545045,1192.6430247592946,41.98615540172397,2.958730302001974,51.83943213905191,0
2026-09-01 00:37:45,3.6192507512477974,1167.1687964600148,45.29242959275512,2.835256164632382,54.600746716237936,0
2026-09-01 00:37:46,3.3221412415993483,1243.6994875503442,43.79056226672904,2.8360388218993133,52.90043032102673,0
2026-09-01 00:37:47,3.5319651825918976,1203.9219623041836,46.25911673213167,2.5578039789548415,52.41500888988178,0
2026-09-01 00:37:48,3.449582016899233,1209.149722482263,43.22934713556388,2.738180536273153,48.693083825965175,0
2026-09-01 00:37:49,3.4918477326898354,1158.2864328466017,43.4547262206938,2.5640789723692947,55.41868945846401,0
2026-09-01 00:37:50,3.5347676483538337,1114.1163925818303,40.957995358247516,2.137202659666476,51.25843002366121,0
2026-09-01 00:37:51,3.4512771435886447,1211.8071204939552,45.339889422102964,2.5908231377515127,54.49527338940844,0
2026-09-01 00:37:52,3.432429192083839,1245.24810207471,44.678190123446804,2.5769082951215396,53.4636853049543,0
2026-09-01 00:37:53,3.5034152417488023,1188.709662546198,42.62323065851986,2.6751188084565456,54.38047582390035,0
2026-09-01 00:37:54,3.39127540611372,1271.8214759779432,45.38759742753418,2.4616009074359813,54.55097387796022,0
2026-09-01 00:37:55,3.3914174871114815,1164.8041837292228,47.05414060128828,2.2715633329708447,55.58088475275479,0
2026-09-01 00:37:56,3.5679373282956504,1147.264777251704,44.5688641131621,2.696951824952568,52.81672209552567,0
2026-09-01 00:37:57,3.385120596484134,1196.6384846401934,45.53633389964395,2.106018313824326,58.7280894378201,0
2026-09-01 00:37:58,3.5666312500909214,1195.8703712324354,45.546622499170326,2.937645740756941,49.45779981743327,0
2026-09-01 00:37:59,3.5462591292853953,1238.498436566761,42.59134034564208,2.4305745816385023,54.32022664441831,0
2026-09-01 00:38:00,3.3274193271209405,1161.2518587968007,49.11317164141519,2.5736584516168506,57.5086929292326,0
2026-09-01 00:38:01,3.4322435347664344,1268.404711840745,44.058300339755434,2.6675674459844716,56.43031765900781,0
2026-09-01 00:38:02,3.6194109403047374,1298.3458481254127,46.31223240372054,2.6772064134532574,52.075493270414206,0
2026-09-01 00:38:03,3.401883446886032,1198.0427986515829,46.5384305544581,2.0773047100144795,52.57526352103593,0
2026-09-01 00:38:04,3.4535595737690614,1262.485521009216,44.7208097457685,2.747225974163279,51.97962232202019,0
2026-09-01 00:38:05,3.5462060893251897,1147.175146468737,46.21359005011927,2.590946148512882,56.79768289199317,0
2026-09-01 00:38:06,3.5783390509282595,1253.761077059096,45.49163844363278,2.3094215846324175,52.78022881445347,0
2026-09-01 00:38:07,3.4748461113955504,1252.3638204279732,42.16472048554519,2.275099914716226,55.76536926437035,0
2026-09-01 00:38:08,3.440248980530836,1243.171864009494,44.335454597499826,2.3997840753829465,55.79290424222786,0
2026-09-01 00:38:09,3.6422369861698507,1199.2218455564853,43.774898195291875,2.1103774940168525,62.10518040470612,0
2026-09-01 00:38:10,3.673889966379758,1052.2875529378985,44.076509917307746,3.016680217296108,55.93975377940511,0
2026-09-01 00:38:11,3.5978858050781795,1167.9136428173936,42.391993644326725,2.9458453975430032,52.56656795574861,0
2026-09-01 00:38:12,3.5085318142565023,1168.7041991157698,47.25286743349206,2.635510060292782,50.6195492138008,0
2026-09-01 00:38:13,3.4191734278359074,1151.0872530969762,48.20398530922682,2.4329804750973727,54.17244185608676,0
2026-09-01 00:38:14,3.4169555593443435,1206.1121502273534,46.956005951996815,2.4408676036187815,54.64274247271805,0
2026-09-01 00:38:15,3.552251410526576,1179.0518277239382,47.54105844829429,2.7274197118521903,48.367901417828335,0
2026-09-01 00:38:16,3.5418398220888685,1158.7693995117488,44.31073032598369,3.0273480698505852,52.85843751912096,0
2026-09-01 00:38:17,3.640159859294643,1147.059992587609,43.72748633002793,2.328880978120977,55.89205762848266,0
2026-09-01 00:38:18,3.565045009253614,1164.2243507257385,43.44282590637658,2.164724187213003,53.402932989201474,0
2026-09-01 00:38:19,3.3496919698240184,1256.0749605924964,46.28812984591445,2.964292232078581,57.90587135711751,0
2026-09-01 00:38:20,3.605194761772292,1166.9487472686253,45.4541261062883,1.9638584237246646,50.32493066583844,0
2026-09-01 00:38:21,3.4001939372685586,1174.2530646783364,44.84555657680315,2.1974407575242063,57.03064846045965,0
2026-09-01 00:38:22,3.461602872804765,1177.1651192488378,47.590297088390685,2.4259426322467443,57.74166922457786,0
2026-09-01 00:38:23,3.5250200206251696,1216.949675690471,45.809882707630685,2.031869959658491,57.86948942752461,0
2026-09-01 00:38:24,3.6995667489783965,1222.8124744264267,43.32268472495883,2.8336447188419793,50.30243084603686,0
2026-09-01 00:38:25,3.810991855600536,1047.767173037842,43.63818234172861,2.75707158115153,55.94365838757215,0
2026-09-01 00:38:26,3.5606723059136183,1251.0817606913804,46.36398659850829,2.327562031835405,52.993737644435456,0
2026-09-01 00:38:27,3.481680338127961,1271.8184017121878,47.083465705309195,2.8838842357533245,50.7815726740513,0
2026-09-01 00:38:28,3.553450564848055,1147.4906731319165,46.10336046451194,2.934787728521148,53.758396825078876,0
2026-09-01 00:38:29,3.5887655425873835,1151.3850877632583,48.793777495744166,2.466048805512981,52.28506602429757,0
2026-09-01 00:38:30,3.4679332374442806,1177.4873306110865,48.27001433146284,2.3647995467295977,57.76225140449161,0
2026-09-01 00:38:31,3.6795211355912323,1162.1997990271698,45.882071669701524,3.1778806083227433,56.53919002904071,0
2026-09-01 00:38:32,3.52300707591914,1211.1963436973303,43.322838681037,2.7163485466252464,51.542666595673396,0
2026-09-01 00:38:33,3.5497743089091394,1102.6737356820568,42.38002497653646,2.576897395890656,52.827336058507214,0
2026-09-01 00:38:34,3.566592425205446,1144.103619598163,44.22523650997057,2.9090637839918836,53.85790772315013,0
2026-09-01 00:38:35,3.5421586610614457,1276.9598600087454,46.506426892832316,2.5905791905009066,54.78278455804631,0
2026-09-01 00:38:36,3.583894050046961,1153.589001632599,48.65329415862388,2.3483138242242436,58.01913482441134,0
2026-09-01 00:38:37,3.4382746813453076,1262.1714139051462,45.8348940688216,2.524047928146266,57.072346979441896,0
2026-09-01 00:38:38,3.444169824605397,1217.766909779507,47.33744558846247,2.8115962861959205,55.15417590692452,0
2026-09-01 00:38:39,3.3899845767028305,1109.536614270587,44.5093850276244,1.9023443300952358,54.21805345031523,0
2026-09-01 00:38:40,3.5439501230620225,1231.7664597608102,46.2455382504551,2.4135907781682335,49.679937896177584,0
2026-09-01 00:38:41,3.5778936503512115,1194.1166348903573,46.64671365895435,2.9149172195744817,58.87599287837817,0
2026-09-01 00:38:42,3.5457772866151887,1177.226647187513,41.040811448294946,2.3464394796719446,53.65871020640303,0
2026-09-01 00:38:43,3.6674492433347536,1212.2478546586,44.17312239524698,2.963832568129423,59.66452072127877,0
2026-09-01 00:38:44,3.499440398117095,1223.7316742783396,46.899400768555736,2.924423145807944,55.5883278763955,0
2026-09-01 00:38:45,3.566874165559251,1235.379591098731,45.54893667127313,2.4803412653533146,61.075852625864336,0
2026-09-01 00:38:46,3.3908299123860686,1258.9126423774,42.606969903698136,2.3294382085332996,56.81896460009895,0
2026-09-01 00:38:47,3.46129002975256,1220.4067956389179,40.139755248545285,2.4137923377551096,50.70394110633736,0
2026-09-01 00:38:48,3.5695537757565776,1131.218295560682,44.268438509395985,3.29938434760043,53.15675355921636,0
2026-09-01 00:38:49,3.5849102110743143,1176.3177271174404,44.85682861421224,3.0623273340799733,54.4925951179841,0
2026-09-01 00:38:50,3.4706033052335816,1347.1524167634311,43.23215410034331,2.5376172915420216,52.37865133867503,0
2026-09-01 00:38:51,3.4928400748141932,1236.2245530190864,45.286169874055986,2.317553934513877,53.86881754845387,0
2026-09-01 00:38:52,3.348212625331919,1318.4643650405749,46.01277349446579,2.535112310674379,50.899182524253675,0
2026-09-01 00:38:53,3.464297079919339,1269.7717041099593,46.341374341452465,2.5731480779850293,55.01716384329737,0
2026-09-01 00:38:54,3.589038316351979,1212.0901035777874,40.288162150135356,2.126992378717194,55.71223584703282,0
2026-09-01 00:38:55,3.557520501610657,1215.0703534890558,42.37142980438376,2.524012380764578,51.987671778381646,0
2026-09-01 00:38:56,3.550066572138121,1198.1709980061578,44.390754703290526,2.896721297443519,60.820762880445734,0
2026-09-01 00:38:57,3.504977368718096,1113.109769207675,46.144346262074926,1.960192995635058,55.19053978384137,0
2026-09-01 00:38:58,3.5007063158628178,1200.9023626234111,45.97846802710007,2.7479751895411746,52.54977740163126,0
2026-09-01 00:38:59,3.4339678860526552,1260.5337276271098,45.94373989575335,2.912439391016434,50.11138210010435,0
2026-09-01 00:39:00,3.5698828420202533,1170.0180002589398,44.233164116062134,2.3318327964716894,55.179828668191504,0
2026-09-01 00:39:01,3.542097294438939,1220.5976499530905,44.34473312538008,3.0082527274573168,54.21853440155994,0
2026-09-01 00:39:02,3.54920188479928,1242.5795522946598,43.543341463156516,2.2928988812654962,57.34912272185933,0
2026-09-01 00:39:03,3.447396515733242,1154.5159780343763,46.536388256211694,2.632324798558121,54.569889205084095,0
2026-09-01 00:39:04,3.2846657080128754,1177.4348567828167,43.15902242452084,2.407968194600911,51.41884365319382,0
2026-09-01 00:39:05,3.6097152711753697,1149.104425476142,46.70007279037914,2.407901092851219,60.01215488853274,0
2026-09-01 00:39:06,3.4521162543991597,1158.8917196655298,45.41570647627529,2.3148102790725864,56.306874638521556,0
2026-09-01 00:39:07,3.413722423595688,1135.619735817347,44.90991104308969,2.709572644258606,54.237673865204926,0
2026-09-01 00:39:08,3.5693478911913994,1154.9775769310986,43.68657920044706,2.754641637319435,55.49391559434922,0
2026-09-01 00:39:09,3.460798736008087,1270.9727840398918,42.288916277671746,2.4806733401268435,56.422125869684976,0
2026-09-01 00:39:10,3.6059936384046622,1154.2261485454853,43.704694487243906,2.0920095358983177,50.713430158319696,0
2026-09-01 00:39:11,3.56170059495767,1206.3229609530345,44.33998626275023,2.620951049990317,55.47308265988843,0
2026-09-01 00:39:12,3.568356932320048,1174.8565623164523,40.261951376837494,2.626604307823208,53.64962958011832,0
2026-09-01 00:39:13,3.3634044288799467,1258.943296851847,44.60528968933067,2.434985496584072,56.52189995688926,0
2026-09-01 00:39:14,3.62119439853864,1265.5581148301808,46.84871473605201,3.0601693861542425,52.779454226181166,0
2026-09-01 00:39:15,3.5261250531233856,1243.2034991069474,46.13443581086774,2.0308212205298037,53.18589443470875,0
2026-09-01 00:39:16,3.4630722860753798,1215.3067276551378,44.00758824851699,1.8348148869239296,59.988613295692176,0
2026-09-01 00:39:17,3.514338846734225,1188.447023157955,45.09387259683046,2.2807495300906986,58.69273627264641,0
2026-09-01 00:39:18,3.322376476710168,1140.4062647904375,43.887670861156,2.7131273602274346,45.113316460098076,0
2026-09-01 00:39:19,3.540865281148067,1297.1764440561099,45.29752146667139,2.183246608769848,58.47028594739294,0
2026-09-01 00:39:20,3.397062849181793,1162.0163491123724,48.08021564748806,2.2057087244421774,54.77904392122673,0
2026-09-01 00:39:21,3.3647329714156466,1233.182317351642,46.93699760524975,2.7853064008534463,52.87545381130296,0
2026-09-01 00:39:22,3.347764081378211,1252.9782786311698,46.04158861138551,2.6387643768393247,51.97847579287705,0
2026-09-01 00:39:23,3.6112688374989927,1172.2359751547335,44.01423017523256,2.61311827288852,52.152647115160036,0
2026-09-01 00:39:24,3.437073660630721,1251.9006263657982,46.499876785889676,2.7344286758396583,52.960192165724756,0
2026-09-01 00:39:25,3.65337277099165,1238.2106601669427,41.6262460972539,2.372442114018135,51.61860224895447,0
2026-09-01 00:39:26,3.44641985369477,1286.3981917690883,44.49529303601822,2.386304777782543,50.93620101678207,0
2026-09-01 00:39:27,3.3292642042407055,1176.5326766786645,46.1674228396479,2.7429337817684276,51.87885954746827,0
2026-09-01 00:39:28,3.388347556005134,1135.7067991360143,46.4808424280955,2.0965339657656403,55.97018156519706,0
2026-09-01 00:39:29,3.623581162000694,1174.7255122277745,46.33976898043148,1.857184046080436,55.150270445712394,0
2026-09-01 00:39:30,3.484410182206333,1210.4426771267165,45.589661378419386,2.3700147479116436,56.66756935465557,0
2026-09-01 00:39:31,3.44517127035094,1202.9106363542528,44.60855004183223,2.7792619867197077,54.80089048236984,0
2026-09-01 00:39:32,3.5160018225852787,1180.3281051862725,46.07595193965298,2.5766679096960408,51.07996200806562,0
2026-09-01 00:39:33,3.5501782736167544,1104.540127051138,43.0942779188274,2.757187451236905,56.48332277048082,0
2026-09-01 00:39:34,3.611739881590246,1223.5241498064554,43.3106454734135,1.8951117068730503,51.98593216337525,0
2026-09-01 00:39:35,3.644849922989293,1298.61722395411,45.123469352920594,2.5946490424970476,56.9398429059668,0
2026-09-01 00:39:36,3.4640231354210913,1223.21256190615,45.34639528541749,2.6961593513927133,51.502239991129116,0
2026-09-01 00:39:37,3.367395231391796,1230.4567759526756,41.34876964287071,2.0947607732167945,52.937570120789424,0
2026-09-01 00:39:38,3.4586534838876726,1228.622265307755,45.910292761899036,2.7586172771639634,53.91582507829626,0
2026-09-01 00:39:39,3.5260280506582884,1219.85233349412,46.545456755838785,2.466544331048262,57.02321440317085,0
2026-09-01 00:39:40,3.403624107378939,1246.5832983434047,44.84542952506741,3.4214010104818007,55.527991756382185,0
2026-09-01 00:39:41,3.404284908510496,1219.7686840592833,49.74893256656799,1.8468291793309795,55.060003966452776,0
2026-09-01 00:39:42,3.5343787881549886,1184.3661415173362,43.63412978736963,2.9107343103024252,60.65700635516592,0
2026-09-01 00:39:43,3.495134764842955,1160.2005544995623,44.27782567322626,2.381752571042178,49.48905051632456,0
2026-09-01 00:39:44,3.503279699541159,1187.5513172359663,44.20986618774558,2.014854485667987,51.88486707189835,0
2026-09-01 00:39:45,3.424150466529993,1215.7064748225332,44.84762477741796,2.3419134569305022,51.756434565883026,0
2026-09-01 00:39:46,3.476959928579423,1184.1958519438513,44.342550374067415,2.58324377240124,49.68804307023318,0
2026-09-01 00:39:47,3.4075766855731695,1215.7169341565716,42.18637891079025,2.811240000869513,52.841441461341915,0
2026-09-01 00:39:48,3.5890198411124787,1221.957506685021,43.90690340752705,3.0165892864396526,57.06330749139012,0
2026-09-01 00:39:49,3.603524933472375,1241.658971563509,44.80475860845185,2.9265679266113027,53.225057804452746,0
2026-09-01 00:39:50,3.3153812137761904,1264.139748441949,47.457144164123996,2.2103853937886515,54.00099108404107,0
2026-09-01 00:39:51,3.407048913980759,1203.9003709239428,49.40448654674583,2.839049407679835,49.83233551635915,0
2026-09-01 00:39:52,3.3503470744909922,1134.611171742617,47.67094779570131,2.617385487136262,52.61042327451896,0
2026-09-01 00:39:53,3.43499760655931,1182.7447951590405,43.44924194065479,2.3036190937213035,53.61490385323725,0
2026-09-01 00:39:54,3.491656203020964,1202.20312837033,43.608380778747666,2.4364268219567555,56.927201267641344,0
2026-09-01 00:39:55,3.355035478030147,1108.2115621911455,44.681342844981295,2.287047202166583,49.975250806245334,0
2026-09-01 00:39:56,3.4078140186874686,1269.4332260051242,48.56911777770717,2.5111277025809366,53.63497376283659,0
2026-09-01 00:39:57,3.39960426279185,1207.1188956255232,44.66915189563621,2.281102635311764,58.26045409020667,0
2026-09-01 00:39:58,3.5207267329398944,1219.0676417290142,42.344985018925136,2.1916017780347685,53.664750143130206,0
2026-09-01 00:39:59,3.5069344337036252,1268.2763231263134,43.99764572609393,2.6437357383348314,48.653315757643966,0
2026-09-01 00:40:00,3.427826244666275,1168.4928584928828,46.514112003638836,2.688619164477891,58.83752733204457,0
2026-09-01 00:40:01,3.51768208721394,1228.7020965442016,46.37988055379218,2.4437208999725164,57.204690827614996,0
2026-09-01 00:40:02,3.4453319915412735,1194.5067938449033,44.59956666701669,2.910295391180792,57.60819152523637,0
2026-09-01 00:40:03,3.4728344889673948,1190.795656649204,46.36682934712006,2.421870824051466,49.76864905976382,0
2026-09-01 00:40:04,3.667345209029854,1161.390380609781,40.45365559490634,2.4091676364623384,59.53736717754164,0
2026-09-01 00:40:05,3.634046105179035,1283.2801606843263,45.2076584700654,2.698146694703709,52.68017174466641,0
2026-09-01 00:40:06,3.37004187630724,1181.2249979962214,46.72137084273726,2.460272324516999,53.47168316733931,0
2026-09-01 00:40:07,3.5829732417879177,1234.973212344785,43.33427344969093,2.525439318707843,52.89166850202399,0
2026-09-01 00:40:08,3.5811396554491592,1106.2496306264031,43.32732292700742,1.7438684588142805,57.84081154586562,0
2026-09-01 00:40:09,3.385173671124738,1258.9994264844893,41.26710369447305,2.5050122154213925,54.46060494248411,0
2026-09-01 00:40:10,3.581877764375486,1252.6105577978528,48.17979118962139,1.951841218758622,56.44522309776288,0
2026-09-01 00:40:11,3.653793191841255,1204.8717055148652,43.559692045956865,2.133714828700339,55.227703068653106,0
2026-09-01 00:40:12,3.387745519375559,1188.6528766931037,45.48208655572422,2.0994032383733483,54.71487398892124,0
2026-09-01 00:40:13,3.4082497178985736,1220.0000002806783,46.20783408296675,2.1872250539398523,52.15964780876141,0
2026-09-01 00:40:14,3.6017661466843505,1314.4395330440145,48.02413589828291,2.335343842110324,60.4364217619233,0
2026-09-01 00:40:15,3.5271495310825647,1111.8381650548258,44.69220445202873,2.3540522153363543,50.60981911448431,0
2026-09-01 00:40:16,3.555147627523952,1239.1013693787063,43.921140412443165,2.699282561277138,56.23676192210405,0
2026-09-01 00:40:17,3.5340589216400495,1154.4191348923048,45.34613529714111,2.566716344240409,56.129969776321836,0
2026-09-01 00:40:18,3.5390695920928144,1199.0040801850134,47.568160553084574,1.9296776713546042,58.46306885845728,0
2026-09-01 00:40:19,3.3673527871688917,1187.6059940460668,44.65965493719843,2.5249883912640425,59.16427009713784,0
2026-09-01 00:40:20,3.604731770662145,1178.5840871101123,43.09026183683185,2.595476573975028,54.58783420174967,0
2026-09-01 00:40:21,3.6169589992427773,1199.4767435473636,41.918484383369275,2.4014300451241124,56.59118291777426,0
2026-09-01 00:40:22,3.477060925593197,1143.2914427361104,42.55740523078955,2.4817342069279893,60.29462113135753,0
2026-09-01 00:40:23,3.4956523050186137,1251.4590218063984,46.72878299481333,2.557093037619117,54.804469699233245,0
2026-09-01 00:40:24,3.346889249744428,1110.29282444007,44.35875104738638,2.729379879290674,51.80069957480447,0
2026-09-01 00:40:25,3.5514254756017833,1226.988225641417,43.78495818015858,2.02753600376118,53.84659566190174,0
2026-09-01 00:40:26,3.5572057441714144,1183.6732073732715,43.56806555363212,2.4267048884081053,51.0860620041566,0
2026-09-01 00:40:27,3.493780898300069,1141.4537553096272,45.170091720400364,2.9525008294173185,56.11545043298417,0
2026-09-01 00:40:28,3.6124353359870502,1210.1191685299348,44.52108981246883,2.9249983924893868,58.19336862442191,0
2026-09-01 00:40:29,3.466592276902006,1122.1524456646762,44.453735712561496,2.755281078332734,54.636875523797386,0
2026-09-01 00:40:30,3.55646059258936,1201.9856910859817,47.69864785562148,2.661047405186703,50.13711985163908,0
2026-09-01 00:40:31,3.3980335661307883,1128.8561546094222,48.07603256372327,2.9963904245206265,58.06495250517303,0
2026-09-01 00:40:32,3.497644784912576,1223.0636042158915,41.77995665418201,3.0753544004819995,49.671103115302664,0
2026-09-01 00:40:33,3.482564574209716,1153.7821333184813,45.655185462285914,2.4612760035859442,50.36213566623088,0
2026-09-01 00:40:34,3.522530792204094,1177.4502991485344,43.446275802757214,2.209170267013504,54.46498483751584,0
2026-09-01 00:40:35,3.463047307116664,1214.697469397158,44.50349777227781,2.4189123047126513,55.7553557370265,0
2026-09-01 00:40:36,3.486852740432833,1161.3728944078882,45.61855677025339,3.429008654131616,56.266742496275064,0
2026-09-01 00:40:37,3.5826047171441506,1197.1018000165848,44.57456016613816,2.029193097182442,54.80158134386058,0
2026-09-01 00:40:38,3.456323576276178,1124.3084749377574,45.46091976125527,2.3588382581411746,60.28013129540457,0
2026-09-01 00:40:39,3.3393422899261322,1231.5437801798078,46.34594041206383,2.0761926542522104,55.1955050232496,0
2026-09-01 00:40:40,3.6749583904205423,1288.2456902775386,45.58915360108064,2.5374291588632154,58.104004305258805,0
2026-09-01 00:40:41,3.6381454078690485,1339.6104433954981,43.70632739166475,2.1391926913315396,57.36086369228409,0
2026-09-01 00:40:42,3.370773730489438,1204.558407333322,43.74160078605935,2.4673746931499148,51.12137880338641,0
2026-09-01 00:40:43,3.5689707805245194,1239.4102070398594,42.120589406763926,1.9149714519943724,54.49080853814343,0
2026-09-01 00:40:44,3.449702522944866,1110.9687163546255,43.29215940495856,2.685286199525395,61.36996153984306,0
2026-09-01 00:40:45,3.5263487215331057,1275.1367163152795,48.924136723797055,2.8667035769403926,53.48694743817923,0
2026-09-01 00:40:46,3.5294224129013494,1238.8114252362052,43.41599285180951,2.3848169133809622,52.97613842692993,0
2026-09-01 00:40:47,3.476559219968368,1175.8033277524382,42.613242375112364,2.4594609978772892,55.511726744431066,0
2026-09-01 00:40:48,3.4216234334413604,1261.8590400144506,45.63985572368955,2.4509778307806065,53.594440212219844,0
2026-09-01 00:40:49,3.430945894768374,1187.276196167733,44.77927048141628,2.5542732025675075,52.61888626149329,0
2026-09-01 00:40:50,3.408380808451876,1177.0987408492722,44.608813526301546,2.4885491239100714,53.55014981710724,0
2026-09-01 00:40:51,3.4168177791769554,1223.7667462713746,47.81809193282418,2.730435085729208,59.296029014105876,0
2026-09-01 00:40:52,3.4932821709950646,1146.832275008484,46.09825335111673,2.869911740035284,54.59014392556728,0
2026-09-01 00:40:53,3.4284240010889246,1251.0812382199974,43.94001413659305,2.255778633252345,51.01577490173587,0
2026-09-01 00:40:54,3.568205206571262,1147.2005094036579,44.15104816481644,2.407201452167711,50.46476038573551,0
2026-09-01 00:40:55,3.6487246155335926,1147.4972605088408,43.99482697218863,2.7704858346774235,61.62041479616341,0
2026-09-01 00:40:56,3.4419946758629956,1154.5155105795832,46.749479243160515,2.0734992855822902,54.3299968916977,0
2026-09-01 00:40:57,3.5239404500535376,1237.9750018758061,44.38370474109372,1.9087836154463291,56.30373550289625,0
2026-09-01 00:40:58,3.5499685110302934,1169.1612319240146,41.4136929950917,2.5678947858695436,52.68586832098117,0
2026-09-01 00:40:59,3.5472002270919276,1132.6002107816416,44.90336064253131,2.6489039233211478,55.96295790781425,0
2026-09-01 00:41:00,3.507595526791609,1169.7160000032102,41.92594799774414,2.283309943613922,59.37798895480459,0
2026-09-01 00:41:01,3.574268241835972,1198.3978814659756,49.3684612035098,2.3264046837638634,53.04321044876873,0
2026-09-01 00:41:02,3.5482248952680657,1140.9513758167807,43.06866417230554,2.27194230347773,56.37576033984575,0
2026-09-01 00:41:03,3.3762337577672703,1142.4159445482828,44.67627046928454,2.2399224281966696,50.78276117232883,0
2026-09-01 00:41:04,3.5869156064389274,1305.5648167049792,45.51640546940227,2.70804874618138,61.06859835510038,0
2026-09-01 00:41:05,3.5887290837266743,1156.9717298093055,44.42268367864154,2.1458504539007084,55.805607790733724,0
2026-09-01 00:41:06,3.423671389582142,1183.8478815613496,44.41993919706761,2.420343141569995,53.761618466943126,0
2026-09-01 00:41:07,3.50379378354476,1181.6381499600357,45.84365457232175,2.2283991497455444,54.10637763014151,0
2026-09-01 00:41:08,3.5683328992811068,1178.9321596114778,48.05243191759256,2.0634133072296352,53.469885476456994,0
2026-09-01 00:41:09,3.479068618042064,1231.0673369984552,46.5350181636346,2.761053452424031,53.62328450762952,0
2026-09-01 00:41:10,3.6072978047766013,1247.4071475236024,47.95702775714709,2.3440524333479384,47.65751457295102,0
2026-09-01 00:41:11,3.736387249461936,1184.7022784234205,42.906761783812996,2.556532024126227,54.70610280370973,0
2026-09-01 00:41:12,3.421401396736502,1138.1760856703825,45.63472526651072,2.047577236059697,54.580363958182865,0
2026-09-01 00:41:13,3.3618955396846224,1263.7220113924452,45.310492104116555,2.2774181638730573,56.46598461178143,0
2026-09-01 00:41:14,3.5303818595604874,1195.2329454401658,45.70218258335347,2.7268263642085016,53.43056876067542,0
2026-09-01 00:41:15,3.5721562505126143,1286.5160907428585,47.752463941271145,3.276181436753593,52.68689105757693,0
2026-09-01 00:41:16,3.476913362615523,1087.720705121742,44.55842170041589,1.9071351806829067,54.97667516664107,0
2026-09-01 00:41:17,3.645326066332103,1209.770161064166,44.18899326689183,2.4396676614131723,50.16289564572855,0
2026-09-01 00:41:18,3.3661394200276753,1295.9303166938105,46.06796159483733,2.62368417944305,55.430269562603755,0
2026-09-01 00:41:19,3.569291862303161,1182.3367932280921,41.443594544868304,2.3151699540282147,49.414542221434836,0
2026-09-01 00:41:20,3.4394139179241106,1188.7253288332681,44.526295901755645,2.754856596098237,58.36245594649239,0
2026-09-01 00:41:21,3.6719377906207296,1214.775584579517,44.73160462142909,2.239980198801906,57.05280986698232,0
2026-09-01 00:41:22,3.6992515353168116,1172.0602090557522,43.15928276738615,2.5461542980649923,52.22144237072796,0
2026-09-01 00:41:23,3.4233343412216652,1184.3964033973634,47.11411802271316,2.343378428650492,56.98341404001411,0
2026-09-01 00:41:24,3.445044286409142,1183.10924529043,42.87551936531343,2.8658293248864317,55.33454267276164,0
2026-09-01 00:41:25,3.58595878869798,1168.6289632786813,44.72825390327241,2.297090649089318,51.97296930674542,0
2026-09-01 00:41:26,3.4612869350210484,1261.4428275100279,45.586314450645936,2.3944378611140453,48.93137152831273,0
2026-09-01 00:41:27,3.4954588782067764,1223.0539016148218,47.706903122952234,2.7837067112491467,55.94930705027936,0
2026-09-01 00:41:28,3.502538842054241,1212.5314116051652,44.97888713023829,2.191588402272141,52.6171544585949,0
2026-09-01 00:41:29,3.308032684380234,1240.4285503445058,46.87230718825642,2.520625017029072,58.28490870908824,0
2026-09-01 00:41:30,3.498616225390576,1186.7822083398266,46.40119079455425,1.9532396968940196,55.04210120164555,0
2026-09-01 00:41:31,3.4310272225935825,1161.289809082355,45.246915112338286,2.1736199624112778,52.90125191050805,0
2026-09-01 00:41:32,3.450687717760023,1169.8687847692722,42.82097318345309,2.614639382767241,60.39351619927142,0
2026-09-01 00:41:33,3.6443632003468815,1200.0891520552304,42.130838278191305,2.2027907471391304,56.72933947780901,0
2026-09-01 00:41:34,3.3743493105720743,1147.039414581355,45.213010802838376,2.3366281204528625,44.03474045468768,0
2026-09-01 00:41:35,3.5813205186747976,1174.9869491706663,43.91460625219477,2.6479259206143815,53.5408246936274,0
2026-09-01 00:41:36,3.472103706966819,1174.1941679064282,46.838522183362585,2.3262441576559207,50.84773302396273,0
2026-09-01 00:41:37,3.4720239831504167,1306.2278114914507,46.491713036197154,2.746852621964907,52.60060618683907,0
2026-09-01 00:41:38,3.579037189605171,1061.309253003304,44.6307780111259,2.564698836245819,54.565802803244395,0
2026-09-01 00:41:39,3.534005129456889,1191.0190139297183,42.68457415211746,2.630704933577351,56.06214552576264,0
2026-09-01 00:41:40,3.557061299721953,1286.2846896407386,46.021471099214544,2.87228967962156,55.78409722634072,0
2026-09-01 00:41:41,3.596818466053286,1206.0922232066227,42.9641011077297,2.59594691878422,58.233619229694405,0
2026-09-01 00:41:42,3.4668691616816676,1237.6708736710546,43.48307215413827,2.961654187140803,56.909795132526,0
2026-09-01 00:41:43,3.438776326549225,1204.9913157549884,43.04116852356969,2.773378684911347,56.724240787376516,0
2026-09-01 00:41:44,3.39148494734422,1166.633330939176,44.722997956120096,2.342964271049663,55.604476969399826,0
2026-09-01 00:41:45,3.4174589470021046,1087.9042032745544,47.34038466814113,2.8879444225063815,58.860396558177705,0
2026-09-01 00:41:46,3.7949094425308725,1210.272784351815,44.989918259552944,2.5791598062708836,54.05117037042725,0
2026-09-01 00:41:47,3.6244679580736787,1161.2196697698805,44.11356261514461,2.381596087401849,54.129090193794426,0
2026-09-01 00:41:48,3.3648925633791977,1159.9832296917348,41.94877013990951,2.583515708596265,49.28327994108241,0
2026-09-01 00:41:49,3.367754204325643,1175.0506372010443,46.104249169459685,2.8336980473170787,58.168492131430106,0
2026-09-01 00:41:50,3.548186606171849,1287.2430703311747,43.439190788142746,2.6365135282726664,54.769222732662534,0
2026-09-01 00:41:51,3.5547264797377967,1320.2418771126986,45.23503523831619,3.046717849765419,63.80081711851382,0
2026-09-01 00:41:52,3.5548883835317366,1210.86039687642,44.29156276816672,2.8259591673696467,53.78340192471263,0
2026-09-01 00:41:53,3.4745044206446303,1176.7616388044137,46.676354439198875,2.6569480100206486,55.26573438825021,0
2026-09-01 00:41:54,3.48745457399971,1141.1386791274394,44.6855272159429,2.1921795751776525,56.639514860825244,0
2026-09-01 00:41:55,3.532787952415936,1223.4270080773035,44.882147290953895,2.446080245796964,51.69430008103386,0
2026-09-01 00:41:56,3.508589300629333,1289.145280003257,45.97149429491092,2.5214992419252553,56.075643141637684,0
2026-09-01 00:41:57,3.2780699627252465,1187.6329806487422,49.213880364526375,2.708989450365324,55.103984296171554,0
2026-09-01 00:41:58,3.4770200369424806,1081.0501979623389,46.77689386071711,2.691199912381658,54.088935430969485,0
2026-09-01 00:41:59,3.4148593565739684,1233.5024835907761,44.82278778730278,2.5508621230654858,58.51781187622902,0
2026-09-01 00:42:00,3.5175211418908514,1249.2699855725025,45.006395981230575,2.5361049746131514,52.28875384626803,0
2026-09-01 00:42:01,3.798525900260341,1120.7077179807077,43.95028107935113,2.716137068522821,55.82470633924667,0
2026-09-01 00:42:02,3.5367481665474303,1208.8242091831476,43.10000859296061,2.242424132311004,59.36399287415514,0
2026-09-01 00:42:03,3.46864703138276,1222.5613008068049,43.894498425867354,3.008654745774957,52.880134732131104,0
2026-09-01 00:42:04,3.5921801501977253,1196.344634899553,43.455702072576116,1.8858499344509587,54.1093420519231,0
2026-09-01 00:42:05,3.548268788720921,1160.4614540457324,46.30673676759177,2.936622844651609,62.035913690415484,0
2026-09-01 00:42:06,3.5420094490451843,1250.7968611781778,42.85761028426203,2.4864443414724513,56.42317319546817,0
2026-09-01 00:42:07,3.560685059321567,1179.831012701566,47.66642112276009,2.8007739442814783,53.48140757007215,0
2026-09-01 00:42:08,3.7056543564829543,1125.7406918650033,46.50409276723766,2.609152130287784,57.40787428023543,0
2026-09-01 00:42:09,3.3869111564674084,1097.526275716516,45.04100345873534,2.6038103232732404,53.29571934522692,0
2026-09-01 00:42:10,3.5473632076811454,1263.0424759999655,45.00063722293014,2.666276342807956,50.30525222751979,0
2026-09-01 00:42:11,3.407361887001846,1230.833198823556,43.885437380770895,2.7427162867263335,59.11709183579551,0
2026-09-01 00:42:12,3.5555512646342247,1204.3986773564584,45.54016882269553,2.401350752023828,51.690822207606956,0
2026-09-01 00:42:13,3.4081313488513905,1177.9862681574598,47.17618492641718,2.810439739157871,62.355137874991875,0
2026-09-01 00:42:14,3.4582633186394918,1173.5500792898436,43.593687075488376,2.174658812926365,53.532002873613386,0
2026-09-01 00:42:15,3.4704910085762095,1146.2131675779194,41.93321582216254,2.4984008280021626,61.399794044685564,0
2026-09-01 00:42:16,3.597581671934471,1178.4272177720059,46.40643650971349,2.750790977281683,50.893986794439826,0
2026-09-01 00:42:17,3.5918454443942416,1093.9956392439913,45.6487319484876,2.798505273884767,58.07648075879876,0
2026-09-01 00:42:18,3.3754282623553618,1163.1968173265743,42.75960239711764,2.6382366544784204,56.49917881895395,0
2026-09-01 00:42:19,3.5054934110999847,1184.4531241824452,43.53321725817177,2.3819822686132794,57.51323867666545,0
2026-09-01 00:42:20,3.429042014525083,1230.494002359521,43.28179145189972,2.769012333510611,57.90406812002878,0
2026-09-01 00:42:21,3.3741495089324665,1198.0036768313319,43.5509354619315,2.299190128264374,53.50676457315648,0
2026-09-01 00:42:22,3.478298294957563,1239.7461556937778,44.35263449191763,3.0254227221246732,51.07346847399101,0
2026-09-01 00:42:23,3.469151721154418,1267.4567552556714,44.46690539143851,2.4745987307501007,54.84724680898235,0
2026-09-01 00:42:24,3.7426716486345524,1252.908504691205,43.698412689863076,2.0381122917382117,55.6690907727554,0
2026-09-01 00:42:25,3.5432959825360695,1223.5254923689279,43.483672361000146,2.1415949595950345,53.584466136533486,0
2026-09-01 00:42:26,3.362238249924576,1200.5931339590393,44.542431312161234,2.5130930910638765,55.83266191047959,0
2026-09-01 00:42:27,3.4435225995829057,1150.960599579322,45.33538306971912,2.541947581397816,55.98887659352422,0
2026-09-01 00:42:28,3.6021383295429397,1236.9972025689658,44.36740692727031,3.0908970054853286,52.2699206603684,0
2026-09-01 00:42:29,3.7088442772869925,1283.9873691110765,47.3173340466826,2.1884501987157323,56.1849138450714,0
2026-09-01 00:42:30,3.341401668776204,1217.1053019825208,46.01617542884157,2.511838659791179,54.198363928916066,0
2026-09-01 00:42:31,3.3120075614860953,1295.8629574213062,41.81830828628261,2.182173577875383,52.900057299389886,0
2026-09-01 00:42:32,3.6870965175371784,1123.7214145969458,46.047455530827705,2.352203544035979,57.36212541467198,0
2026-09-01 00:42:33,3.5389614177370903,1142.291830761023,46.21108796517117,3.0051916090208013,52.66902636491937,0
2026-09-01 00:42:34,3.413170726812363,1242.760075387413,44.130530063751614,2.1590991330532026,53.629997230285824,0
2026-09-01 00:42:35,3.5534629086122433,1213.2145105076625,42.00960482539369,2.67611272722035,55.21615255055997,0
2026-09-01 00:42:36,3.236425226098312,1265.6891088285904,45.01613351882227,2.6178722077043175,59.12293486196272,0
2026-09-01 00:42:37,3.500337550659716,1199.226417963663,44.98458269703551,2.4927485720925375,55.57835223317289,0
2026-09-01 00:42:38,3.5327821172843086,1156.6012288735833,42.75670752693361,2.6558309869575214,56.584864997424006,0
2026-09-01 00:42:39,3.592427013953783,1189.3203378897479,42.09756156748013,2.1519938854170135,54.10707239201051,0
2026-09-01 00:42:40,3.3986104047707464,1123.3658014538132,44.82489290709312,2.9968967523410672,54.76453112687098,0
2026-09-01 00:42:41,3.508568716140336,1143.5704663451484,44.53384561589836,3.0774536485370563,54.853368299441215,0
2026-09-01 00:42:42,3.4074575373940412,1248.6221998959004,44.165469269355214,2.514131409327794,55.87991870805107,0
2026-09-01 00:42:43,3.525538375567432,1243.6393707234804,44.83317853050688,3.2269318391840662,54.11209728085522,0
2026-09-01 00:42:44,3.4104653677636976,1218.1502142403037,42.79444725235936,2.380291620535024,59.01999965642863,0
2026-09-01 00:42:45,3.459189916083978,1113.9461239519765,44.13035877426777,2.620129598156884,53.880501284493576,0
2026-09-01 00:42:46,3.400418460520977,1182.0798212243556,46.06665006122869,2.929566719132354,49.8782765943839,0
2026-09-01 00:42:47,3.5651136241823655,1138.7500055669975,44.300059839297425,2.362298661933127,63.228389813110056,0
2026-09-01 00:42:48,3.5858451116656664,1258.8266626893883,41.6560550564149,2.0855352823361684,54.01789392716874,0
2026-09-01 00:42:49,3.4765379430042587,1170.81389332187,44.05461544455286,2.016484880314344,58.93950936127404,0
2026-09-01 00:42:50,3.503823799496003,1145.7126144609226,42.85968307298628,3.1182479691707976,59.21437252587928,0
2026-09-01 00:42:51,3.355140858536646,1201.4898082560712,45.534272592923465,2.3412926048083667,57.83564293675114,0
2026-09-01 00:42:52,3.4700323351993214,1167.9922771582694,45.63767480676085,2.4442789709744503,54.405918341207794,0
2026-09-01 00:42:53,3.4949795382958255,1274.1871955101853,41.682450749827936,2.1661707765036837,55.86005445962303,0
2026-09-01 00:42:54,3.7620793091029974,1163.2594551232905,46.518025941164375,2.7845017837987567,51.17646937208522,0
2026-09-01 00:42:55,3.3888032974225837,1130.0385870387684,42.77562739744288,2.2655320422326244,60.97044332145483,0
2026-09-01 00:42:56,3.6464177238752438,1092.3543242121243,48.1183645809647,2.3526210917016033,52.44458200545199,0
2026-09-01 00:42:57,3.5996858773465807,1198.4606748793292,44.902447470998766,2.589856125824848,54.23829711177737,0
2026-09-01 00:42:58,3.5280636404490138,1171.9034943071038,42.507213002921674,2.1807862218263283,55.29695946112075,0
2026-09-01 00:42:59,3.6758620484195133,1128.5547696744136,42.71602785861464,2.4464253191457326,54.67768073548912,0
2026-09-01 00:43:00,3.5372105472606865,1259.4613230627892,45.69619058357469,2.920662876850981,53.02938015311982,0
2026-09-01 00:43:01,3.5389159195667927,1233.3622573714622,44.217400220203245,2.628476319255059,59.18301715616406,0
2026-09-01 00:43:02,3.4946879346982453,1198.5891060531385,44.80669218076372,2.5391626877285076,57.85083785046484,0
2026-09-01 00:43:03,3.6223568882418626,1268.2163122085433,48.22556046539408,2.5644594128391596,55.96614161297708,0
2026-09-01 00:43:04,3.609646923381088,1233.1268016699307,43.60151187154185,2.383259471207031,53.80134083200975,0
2026-09-01 00:43:05,3.437432271250379,1158.8572049240784,45.11992571539141,3.0988456959264776,58.19282761553341,0
2026-09-01 00:43:06,3.3680752805401233,1148.0389918004616,47.8396889747461,2.2563528608397796,53.606594101667305,0
2026-09-01 00:43:07,3.4797019362604344,1240.899077222693,45.5410269509328,2.563277848589179,59.711175521013445,0
2026-09-01 00:43:08,3.4199961435602355,1219.8183478233675,41.78679452928399,2.534507669902842,55.33366274645028,0
2026-09-01 00:43:09,3.4936475425384645,1208.487388398533,46.010778023464276,2.8026287521399404,58.689344580918146,0
2026-09-01 00:43:10,3.623743813468414,1157.6751098565546,42.673994284433114,2.830952181638092,54.65853902144925,0
2026-09-01 00:43:11,3.454269834491321,1230.3973783502877,47.81361505746593,2.490394358653879,55.214599546122834,0
2026-09-01 00:43:12,3.4957176618688424,1162.2250558433025,43.354264790004045,2.587199947933915,58.676263184376,0
2026-09-01 00:43:13,3.5058022734808394,1194.900667270316,50.939019015491326,2.5985604261741844,61.581775455413336,0
2026-09-01 00:43:14,3.5848430882205284,1272.347207319349,47.934751976655356,1.818357503328818,59.68110045251464,0
2026-09-01 00:43:15,3.2753110666015397,1166.9582882094928,43.406774860744044,2.0233031192566675,57.63140385813355,0
2026-09-01 00:43:16,3.4393299705234703,1121.350537146357,45.04002761000322,2.3184808927834086,56.76785029887279,0
2026-09-01 00:43:17,3.5211283692279474,1147.3726404064944,46.507288563266926,2.331520397086939,53.47915392922112,0
2026-09-01 00:43:18,3.620007895642686,1249.7149413343811,46.567320948453414,2.1402152734107602,55.8856892233163,0
2026-09-01 00:43:19,3.4508097552493795,1212.7365568690104,45.884672519952396,2.724874771412089,52.26085244800981,0
2026-09-01 00:43:20,3.3123447293958126,1193.5561310655623,47.50431807393222,2.5006355263052416,56.127346401054325,0
2026-09-01 00:43:21,3.5619711445966136,1174.5453097344216,44.75406210673126,2.4355916357839487,56.32015198208072,0
2026-09-01 00:43:22,3.436463761117437,1224.2679953776594,44.266564662847934,2.123153417647784,49.11746457559543,0
2026-09-01 00:43:23,3.3810333340909637,1157.5447574504888,44.30627202415078,2.4866365407265634,55.11621582757512,0
2026-09-01 00:43:24,3.4375654610286777,1215.2832784321297,46.716746463944254,1.7119945732004165,56.24462469726731,0
2026-09-01 00:43:25,3.481547464234415,1163.4372715593522,45.73036208060529,2.451113106758248,54.74887042858293,0
2026-09-01 00:43:26,3.4395255335461785,1155.1170307362472,45.58256733138051,2.518955100642327,56.07414651656971,0
2026-09-01 00:43:27,3.279443394290093,1168.1256282587494,46.59046849851436,2.5725744952964495,50.974833269931054,0
2026-09-01 00:43:28,3.5897066196887133,1181.2296276758018,40.89789518429229,2.030769470956216,52.67240708331922,0
2026-09-01 00:43:29,3.6274875041278722,1197.558508203315,45.6201376477503,2.567445021007442,58.1048144894918,0
2026-09-01 00:43:30,3.5651521991339505,1211.7727897555558,45.43713777774743,2.1875706190406374,55.00171499693733,0
2026-09-01 00:43:31,3.3862314329575183,1015.5817354285778,48.33761616260141,2.2562590503122997,56.019636943944725,0
2026-09-01 00:43:32,3.479850846605248,1159.6174721126617,41.94282403547267,2.7153794157467996,53.36043651787426,0
2026-09-01 00:43:33,3.499347868477054,1180.421501132198,48.11437326475352,3.1042341170079233,55.05848206983057,0
2026-09-01 00:43:34,3.559879438956191,1275.2531019304165,45.15081825784933,2.515407627640804,48.093963459594406,0
2026-09-01 00:43:35,3.566834048871808,1145.9998695808933,45.97797906132009,2.2548713624079304,57.5380358152623,0
2026-09-01 00:43:36,3.4265826201221503,1208.1398309049957,48.35183757521875,2.5566011342529995,60.42379851685741,0
2026-09-01 00:43:37,3.508199555641356,1274.751515486792,46.12152253601115,2.7817087472497435,51.80494735235608,0
2026-09-01 00:43:38,3.545728040461524,1134.3515735026363,45.800736578925125,2.6862992697618204,52.179003437471295,0
2026-09-01 00:43:39,3.6455822322146765,1219.69876129322,45.48458237160464,3.3229338617391235,56.32263969471245,0
2026-09-01 00:43:40,3.5704506539824723,1159.886408303274,44.033043730011244,2.2853987292716,59.42163787152024,0
2026-09-01 00:43:41,3.578905668737552,1174.7683128855383,44.94302175097921,2.5756694439757895,54.993708047851165,0
2026-09-01 00:43:42,3.508382662792936,1159.8444583023343,43.5689744677545,2.964675386025461,51.31204593756249,0
2026-09-01 00:43:43,3.64104591452035,1163.4071345792056,44.910866201149034,2.9458477711055595,54.37414829008638,0
2026-09-01 00:43:44,3.5409762795959496,1336.0956073953246,40.328138605889805,1.9149766220426858,51.91020375906462,0
2026-09-01 00:43:45,3.4138912089826428,1242.2227936035833,45.8580791351351,2.4989927139880055,52.99346112139367,0
2026-09-01 00:43:46,3.6403369970125192,1255.0868930893105,44.75652549243275,2.94535622975461,54.08787670254005,0
2026-09-01 00:43:47,3.569790327253903,1224.5996743418248,44.32759252666647,3.3671928971197413,52.21202623527512,0
2026-09-01 00:43:48,3.4556955978871517,1119.6871605799022,45.439516167880285,2.7111387651252454,52.66628282747631,0
2026-09-01 00:43:49,3.452050703260076,1219.7478985161654,42.13287215406912,2.389641011891055,55.22360200066673,0
2026-09-01 00:43:50,3.5296575545140763,1253.6464807253674,48.858539993242566,2.197239054268783,55.64510743641169,0
2026-09-01 00:43:51,3.5463184795267586,1157.3300262980445,44.7944650770248,3.1656230072592546,50.7280589985371,0
2026-09-01 00:43:52,3.5197292265631206,1248.2663333580563,44.70831113405562,2.718622475939728,56.18914516752801,0
2026-09-01 00:43:53,3.5311308673442885,1235.2168104927039,43.069207579734154,2.245579921934375,53.854198410605804,0
2026-09-01 00:43:54,3.669995737457638,1292.6020022406835,45.04789276489852,2.4390530900998657,57.160784570657825,0
2026-09-01 00:43:55,3.6071543152234886,1179.110849374319,47.773919780546564,2.5930559550486114,57.34149256206358,0
2026-09-01 00:43:56,3.5190635591265025,1145.1194508862136,47.07183241886407,2.663141996166435,53.366376457134855,0
2026-09-01 00:43:57,3.5941310580767483,1181.9185945313727,46.70887550228111,2.230114402736263,56.8424430821132,0
2026-09-01 00:43:58,3.396747609647246,1271.7785496581812,46.09279790333454,2.315742874562352,52.48913188090351,0
2026-09-01 00:43:59,3.5397927049946807,1108.5797059579018,44.28291494487478,2.004119631288112,58.97128618850587,0
2026-09-01 00:44:00,3.680930634973311,1096.5812142284483,42.099673665926595,2.8119286868814344,52.60259139743061,0
2026-09-01 00:44:01,3.4781954104607626,1204.4697639465808,44.59792245626673,2.3975144599689053,56.05824882587654,0
2026-09-01 00:44:02,3.4152366071380915,1177.8705353612922,44.528257070932646,2.6398964947549874,54.43717256606716,0
2026-09-01 00:44:03,3.434791111140694,1200.3863946587842,47.09758887934248,2.926677552572898,51.949316457287196,0
2026-09-01 00:44:04,3.391036696265761,1247.2655885617933,45.61878088491964,2.5659610427121837,57.702747285355926,0
2026-09-01 00:44:05,3.4215238091872298,1172.3715326940574,48.22462305580709,2.4661088572152794,53.157604573399624,0
2026-09-01 00:44:06,3.4629491901409972,1106.349708453469,47.39497708007635,2.55817644306518,49.89978350506508,0
2026-09-01 00:44:07,3.3594432980821356,1302.2240778599971,44.08700878099181,2.518958081155068,46.35395991049591,0
2026-09-01 00:44:08,3.5015618333949603,1150.1385856280613,41.409741606760264,2.8738494993633834,52.37486591671609,0
2026-09-01 00:44:09,3.5902277173786645,1147.0481438993952,47.77115046788296,2.5932515192616368,59.12772525789692,0
2026-09-01 00:44:10,3.409224381985308,1255.1860006861298,47.71877044646149,2.3366796941263264,58.77321540251098,0
2026-09-01 00:44:11,3.651928392364177,1180.775543947924,42.26757681819555,2.814354717066925,52.844204792957406,0
2026-09-01 00:44:12,3.5510792088527596,1196.8305073982594,48.018480039655,2.8691453069075057,53.87663525589586,0
2026-09-01 00:44:13,3.603058058562406,1224.1395062030158,45.76423434118504,2.098500811953861,53.60526077333193,0
2026-09-01 00:44:14,3.4342165446147863,1254.1791551554998,45.321370996251304,2.9598351654304316,50.999703563651295,0
2026-09-01 00:44:15,3.5854525227066616,1183.3269653409113,48.229566508494656,2.6094135319625456,52.15350438512997,0
2026-09-01 00:44:16,3.390806609960469,1275.997600295715,47.68937034646123,2.5849809850439796,57.943448558202356,0
2026-09-01 00:44:17,3.589024750083651,1093.2100075632598,46.302661903990405,2.8019873894789544,56.5116636141382,0
2026-09-01 00:44:18,3.517183933979353,1237.9893618476538,45.94643413162397,2.3299070826987163,55.819266575589666,0
2026-09-01 00:44:19,3.5553251219984783,1158.0236220991171,46.23278858106072,2.786249354257277,50.994560165017425,0
2026-09-01 00:44:20,3.382440539437515,1268.6135658303995,44.19988513223495,2.3869673590786435,55.30210964210193,0
2026-09-01 00:44:21,3.4104930157723397,1207.1022239415272,44.88979710053536,2.0575147960868985,48.08846509153594,0
2026-09-01 00:44:22,3.5597228218253383,1166.35473339953,43.19536569081092,2.20067311626792,57.5284080737816,0
2026-09-01 00:44:23,3.40516519957758,1233.1420546510817,44.333920448522164,2.670106549870968,55.77572470221143,0
2026-09-01 00:44:24,3.5463206292099123,1244.6594173603626,44.26673224266214,2.2163594980016024,50.964302643700506,0
2026-09-01 00:44:25,3.3632862193539754,1232.094706142932,43.72938926075667,2.983022836956895,59.84927667247012,0
2026-09-01 00:44:26,3.584817421266667,1148.515188018347,45.27349300529693,2.856785036031893,49.611506022494254,0
2026-09-01 00:44:27,3.3767476685231492,1175.7991438188958,44.35203829859885,2.9000317498098895,56.59091854674881,0
2026-09-01 00:44:28,3.555229993767952,1199.7963581439283,46.00446944070395,2.5374335739032237,56.66551530693599,0
2026-09-01 00:44:29,3.5625630933646,1197.937017367497,41.75535877341247,2.577358485188488,51.28098868194256,0
2026-09-01 00:44:30,3.4303228181570424,1237.4872737719174,44.7732904117854,2.1418864437267167,54.88644792756965,0
2026-09-01 00:44:31,3.5582026567084726,1099.2549383746696,45.26310328035499,2.7987350530472472,50.08951647354141,0
2026-09-01 00:44:32,3.526044226333356,1216.7163527276753,44.37874152032624,2.6139500365111257,46.46087705101956,0
2026-09-01 00:44:33,3.4461158143807262,1185.500932278168,44.65521460038154,2.670191687587678,51.79637131920502,0
2026-09-01 00:44:34,3.399144531592379,1158.0749691808023,41.829507978540285,3.0064935434358646,53.15012517321401,0
2026-09-01 00:44:35,3.303737430832742,1162.87566111152,45.71295420933898,2.318211104815747,56.93276854243238,0
2026-09-01 00:44:36,3.5349650047299694,1189.2731167741017,46.29521196513414,2.4621575350368046,55.20222425518246,0
2026-09-01 00:44:37,3.3435197228637943,1019.9457447770242,45.98707458840753,2.59800127646265,55.28063637815844,0
2026-09-01 00:44:38,3.509534419944131,1164.9355214604225,47.07745411888437,2.219369378362388,51.95673513014925,0
2026-09-01 00:44:39,3.473655178391775,1156.2092587676852,45.403059211565,2.443720353616948,53.40996608787584,0
2026-09-01 00:44:40,3.5679142775438195,1226.6391604661312,45.957362361301875,2.647884943140091,52.21022017039252,0
2026-09-01 00:44:41,3.4697954500510138,1159.723665874474,45.31218147691371,2.402373618588151,51.32507797891058,0
2026-09-01 00:44:42,3.4670552213652908,1189.2443099914756,46.37510143918499,2.8926968229187335,53.21890171903823,0
2026-09-01 00:44:43,3.5731870704288298,1277.1138313830652,41.84554072773575,2.0467226314549016,55.223537155289,0
2026-09-01 00:44:44,3.5335058029084117,1249.7175759907711,43.21283806404398,2.8368313720700025,53.28208444172739,0
2026-09-01 00:44:45,3.5316155957182778,1245.1135699971726,48.17379931406618,2.698355642444801,54.02949199172508,0
2026-09-01 00:44:46,3.5469267589808524,1175.0063784794575,40.07912835580759,2.329351423733023,57.08474443273417,0
2026-09-01 00:44:47,3.3464427876792895,1227.1516139644825,44.71964414034931,2.2226774295310006,53.49773674392789,0
2026-09-01 00:44:48,3.575678867998698,1188.3051099773204,47.344549919216135,1.8759152148272644,50.99810010703632,0
2026-09-01 00:44:49,3.5612468794013603,1190.1953394661532,44.813478668916474,2.2614474962758497,56.69036056480372,0
2026-09-01 00:44:50,3.3983316871423503,1220.4842671873275,44.189977857098604,2.814152996500899,55.79754894552485,0
2026-09-01 00:44:51,3.47559195263258,1170.1503205789534,45.2588433536306,2.483174282116398,55.98597849451694,0
2026-09-01 00:44:52,3.496069271237237,1274.6501552221603,44.29375963999511,2.8488942641175523,56.87751597260713,0
2026-09-01 00:44:53,3.4865503215598266,1191.9934930201032,45.06169898551388,2.3140386788126346,56.36992458192383,0
2026-09-01 00:44:54,3.5333859966568535,1230.9180283129833,43.633237926959744,2.712131848031969,55.08618607741391,0
2026-09-01 00:44:55,3.6431366781831183,1272.780023962865,47.21734883991145,2.2847504193746735,62.17435798855628,0
2026-09-01 00:44:56,3.608176672767283,1251.5826887287587,47.846529842131325,2.2103274981370484,51.14509376109414,0
2026-09-01 00:44:57,3.3687780806568592,1129.5540448654738,44.733219355776754,2.4678618348487973,53.240748164534324,0
2026-09-01 00:44:58,3.5622069990306047,1222.2447947504943,42.22702115861751,2.300510046604001,57.9020030940345,0
2026-09-01 00:44:59,3.632893331953541,1242.5359697230324,43.95231365937321,2.037153355288836,55.427758876286724,0
2026-09-01 00:45:00,3.53868085206892,1244.5931511080375,44.63202267979407,2.445305589784902,57.27376910203372,0
2026-09-01 00:45:01,3.6090980425185966,1144.3352582942684,46.01107775380642,2.5319306249293865,55.50926928861061,0
2026-09-01 00:45:02,3.7012270445700763,1167.1482381491337,42.98397355365864,2.88050758344882,59.12216965347994,0
2026-09-01 00:45:03,3.602370954610698,1249.727911787081,43.461675362715695,2.781041703139918,51.977467433100266,0
2026-09-01 00:45:04,3.524930859564173,1161.9119814658677,46.02135227571762,2.865982959769849,59.02737966822013,0
2026-09-01 00:45:05,3.6045088474084754,1185.0151971667842,46.87781766407912,2.7161072495180525,58.5129894796128,0
2026-09-01 00:45:06,3.514488783309689,1278.7937904750984,43.75681190965863,2.5997838276849925,51.36913265730886,0
2026-09-01 00:45:07,3.5023903043284954,1197.6100374807604,42.33356589209801,2.131316528058432,56.89199622966302,0
2026-09-01 00:45:08,3.4648585764286266,1163.6612931083077,51.56823640257577,2.5449616593805824,54.870880203290234,0
2026-09-01 00:45:09,3.656341335883211,1156.1191321568547,46.56660847417743,2.6790381331992443,53.18025394264281,0
2026-09-01 00:45:10,3.4181571334058,1216.6359664792594,44.465992476465935,2.9372313848111307,49.33414243084684,0
2026-09-01 00:45:11,3.6532367724678116,1133.3425995761395,46.73806255106168,2.7058865625195443,51.96755898664805,0
2026-09-01 00:45:12,3.5499864123740372,1187.6332018051792,44.751086740571154,2.8721150303816265,57.12433642055377,0
2026-09-01 00:45:13,3.360069382519806,1216.661526749501,46.734313778200374,2.1904006325904284,57.44152380778167,0
2026-09-01 00:45:14,3.5367649292991423,1264.9574910273834,45.31878639555244,2.4020747121555717,54.36786855827148,0
2026-09-01 00:45:15,3.2899973492348376,1233.3774040184999,45.182543796335146,2.628805214098381,57.450955429429854,0
2026-09-01 00:45:16,3.562550801683104,1164.2967441008911,44.77283626353842,2.8482858072227684,57.835780233682414,0
2026-09-01 00:45:17,3.5885231482988993,1258.920965878186,42.10523733307382,2.456431406248324,55.46391987587904,0
2026-09-01 00:45:18,3.4407644044347947,1185.0242481226262,48.87618979878628,2.475266212255254,52.83299912844939,0
2026-09-01 00:45:19,3.512354769595558,1138.2148488975295,43.11693215946451,2.706142091800894,56.323162338446934,0
2026-09-01 00:45:20,3.6954157433750288,1191.3979320367264,42.27995284737881,2.1622387518564627,56.46095412297659,0
2026-09-01 00:45:21,3.449425329573806,1271.908460057285,44.57428023448727,2.9822213649470286,57.02183317105093,0
2026-09-01 00:45:22,3.39410924129434,1208.2620025032463,43.07705637297899,2.2362591720676948,57.59620981000672,0
2026-09-01 00:45:23,3.64816634024626,1200.6260932164894,44.89657441887946,1.924423172932209,50.913506284236334,0
2026-09-01 00:45:24,3.6962587190530796,1281.8605822351426,46.37552769712354,2.503020102556774,53.47021226390277,0
2026-09-01 00:45:25,3.5003695671847845,1128.4322576472787,46.99060580105844,3.0095376107126697,49.30413596293654,0
2026-09-01 00:45:26,3.6011463035408355,1135.7200442973615,46.629461443243365,2.675935939100083,57.240988115066045,0
2026-09-01 00:45:27,3.6341475915530883,1119.2076764516585,44.38873589042864,2.72532716290109,54.36306565605875,0
2026-09-01 00:45:28,3.4257515767461615,1218.6324093240028,45.09918365532317,2.5124157286921345,56.29244221209225,0
2026-09-01 00:45:29,3.451469416463213,1208.3246563557561,45.815758101794984,2.454286750818647,50.57296375542953,0
2026-09-01 00:45:30,3.6230874513154734,1277.1368183639888,41.484425152115854,2.0365271891220655,59.202942549079154,0
2026-09-01 00:45:31,3.6685014278708508,1212.1737538568384,46.14116940023972,1.822184122628744,51.416982506142176,0
2026-09-01 00:45:32,3.5562880860174353,1179.7921420260348,42.085401424832334,2.558881701532259,57.323689913147376,0
2026-09-01 00:45:33,3.4120185646497947,1200.0897436439054,49.08069319781298,2.893764758302068,55.353850512677624,0
2026-09-01 00:45:34,3.698706111169944,1205.885370923048,44.19096983071661,2.60324011144842,54.43167166742146,0
2026-09-01 00:45:35,3.4469029102188036,1116.4119363335917,44.63024964561082,2.687079858115604,54.18951968016348,0
2026-09-01 00:45:36,3.466486221882855,1335.5165822167446,43.46058580152429,2.975115263691862,53.08581097205161,0
2026-09-01 00:45:37,3.534233783448962,1225.9935509050956,43.740059936288624,2.5986300554323174,58.88558853070231,0
2026-09-01 00:45:38,3.6554160420714776,1210.5004154011294,49.54818713828648,2.463203469907714,55.037838503056726,0
2026-09-01 00:45:39,3.5853975976552226,1230.758199213929,46.8807393772466,2.2544425583049805,51.19233540894034,0
2026-09-01 00:45:40,3.541486550036191,1235.4705490293302,41.901595109704324,3.1066637688916257,53.84811939389548,0
2026-09-01 00:45:41,3.5463288530118104,1192.9723257248784,48.00842580137046,2.6579643337461043,55.385017081608815,0
2026-09-01 00:45:42,3.5043514668643465,1168.437943187965,47.386484550282866,2.2169194852242007,57.69341584433597,0
2026-09-01 00:45:43,3.5558139514518508,1229.972534316085,44.437575075423425,2.148649699659629,53.18614083844838,0
2026-09-01 00:45:44,3.24704399223057,1219.2855420265726,45.613393884059676,2.8759191180786736,53.386670332586355,0
2026-09-01 00:45:45,3.47033925409302,1159.5054950455296,44.97011184115785,2.1887674910775026,55.07029638144222,0
2026-09-01 00:45:46,3.524132193491678,1270.9517805683631,48.94515980889386,3.0561502472506663,57.62027445984198,0
2026-09-01 00:45:47,3.3848985916380494,1214.6676018161493,43.40741962201582,1.6730611608727868,50.89373639321191,0
2026-09-01 00:45:48,3.538632331781156,1236.4909681133815,45.29202121955145,2.926778559336993,56.51606389297524,0
2026-09-01 00:45:49,3.479552877901388,1269.5960443839958,44.14370933801439,2.6460684433485895,53.607812409614034,0
2026-09-01 00:45:50,3.675547569831549,1201.0944410582417,42.13391919076429,2.5355783269170624,54.02670225475454,0
2026-09-01 00:45:51,3.6573019725214855,1215.8476003492058,49.38327651010997,2.447362469487471,61.00472723538925,0
2026-09-01 00:45:52,3.4534194430881837,1240.501361925306,42.636866841795175,3.067218954578209,54.41059232634542,0
2026-09-01 00:45:53,3.4849162288433306,1163.7569458099974,45.44025837497555,2.712117657520361,57.26408125092574,0
2026-09-01 00:45:54,3.4926052434391606,1202.7025831423,41.51859878723933,2.2290389173313647,57.15674151161004,0
2026-09-01 00:45:55,3.4548340523840375,1206.2774293325574,44.20185892151381,1.9843270131913355,51.459928257704476,0
2026-09-01 00:45:56,3.5195024984028125,1152.1970724158302,45.84393764286691,2.5531891639441926,49.46381702433129,0
2026-09-01 00:45:57,3.424171793111241,1315.881839433694,43.350532040995276,2.499678659938776,57.46294627725073,0
2026-09-01 00:45:58,3.386938466506247,1129.6353278253798,46.17360370147131,2.0440395887873475,51.749361422654445,0
2026-09-01 00:45:59,3.562271122390027,1135.0948048156422,44.46191781622384,2.483381942355299,50.00745113628692,0
2026-09-01 00:46:00,3.5629529584221813,1265.711328785179,47.32016502479723,2.3278196100777397,58.078486644532596,0
2026-09-01 00:46:01,3.4195684240340007,1235.663312539827,47.72352182668045,2.502787020492008,51.94171979867322,0
2026-09-01 00:46:02,3.58953554307626,1148.7017591259612,43.82651047853998,2.7177770834945205,52.68244757294682,0
2026-09-01 00:46:03,3.4368422270834666,1230.3644507550846,45.15346571878592,2.9477829842392107,60.92311946526789,0
2026-09-01 00:46:04,3.5253165238037982,1273.3925222498656,45.366908452944465,2.7726667109107863,50.020793915855286,0
2026-09-01 00:46:05,3.5820344012612457,1198.4868471201507,46.2386985908694,2.283567775050938,51.23114187577922,0
2026-09-01 00:46:06,3.496638743529629,1329.9411450037292,45.02876399248853,2.6106745386487584,53.62090557257824,0
2026-09-01 00:46:07,3.5454740912141136,1113.7969094565983,45.380421918685684,2.5189321364476074,54.27922948049673,0
2026-09-01 00:46:08,3.448357035611243,1234.6911726929552,44.51318705040976,2.1003613136107298,52.31876415364704,0
2026-09-01 00:46:09,3.48035334165719,1258.3264168110502,45.23047973394404,2.6194698354076817,51.52403470803125,0
2026-09-01 00:46:10,3.479414056911966,1244.5671950802623,47.59588038707027,3.057001701375314,59.529982973295795,0
2026-09-01 00:46:11,3.425342165345976,1189.7822136677175,46.29216648242371,2.509727981256101,55.78895837231415,0
2026-09-01 00:46:12,3.482322583688422,1185.4779258994424,46.402511278886735,2.02174519608238,56.75550623262757,0
2026-09-01 00:46:13,3.3451381701136254,1222.2072585543629,46.446140648271154,2.509080601332586,54.588324470324395,0
2026-09-01 00:46:14,3.4508846252857897,1240.7877243326034,44.69238244423793,2.135886340308025,55.86836484657741,0
2026-09-01 00:46:15,3.471512450663033,1230.123671814118,45.63765408715906,2.7590816520658863,57.79870498332877,0
2026-09-01 00:46:16,3.474382024750462,1252.0028945396696,42.82965264332851,2.6574594975175385,52.011102956364,0
2026-09-01 00:46:17,3.4758502554129223,1149.0565021466632,47.53761531263392,2.448726983957577,55.79450798955394,0
2026-09-01 00:46:18,3.493823580013987,1188.6114510438183,39.43407913531356,2.4006507202432537,57.088126940223674,0
2026-09-01 00:46:19,3.5479441518086063,1152.9992033938122,44.82570321532915,2.436329709515336,59.63439203915278,0
2026-09-01 00:46:20,3.587451707413252,1180.6943611956929,47.28179195430055,2.502482348302696,60.84367293940528,0
2026-09-01 00:46:21,3.4350234773151733,1250.7610445907153,42.27226413274132,2.2683294935975375,55.20957939094529,0
2026-09-01 00:46:22,3.3796799144610854,1205.3991960362614,45.7995598352337,2.083674075699569,58.415916849061404,0
2026-09-01 00:46:23,3.39579555877569,1330.3429581574885,43.638467106841944,2.8416096840083944,46.98949619988536,0
2026-09-01 00:46:24,3.451279707880507,1209.670318359486,44.26239346962226,2.3843797070509125,59.65684872813014,0
2026-09-01 00:46:25,3.464807868218349,1202.9845940289867,46.89188192127887,2.550112931250743,52.82234901483759,0
2026-09-01 00:46:26,3.423000393380254,1205.3091459720108,45.3961138517703,2.585584585350248,54.276707653036325,0
2026-09-01 00:46:27,3.3703883335750104,1168.1095653570032,40.93128826423128,2.596606143896564,56.323313453101065,0
2026-09-01 00:46:28,3.454387917252581,1197.1081693811202,43.047148920536806,2.1478546008704726,54.53967289805346,0
2026-09-01 00:46:29,3.518142662011397,1256.3894013555823,46.95067146977752,1.9972479506344456,55.5893601387044,0
2026-09-01 00:46:30,3.5595029465835566,1205.6985334063886,45.897885436386,2.3233922425924023,59.76307890467843,0
2026-09-01 00:46:31,3.444257694689168,1160.3270135058265,48.49627114504857,2.618713459725086,53.847339863962084,0
2026-09-01 00:46:32,3.4587002177856565,1153.7457689760683,48.36529518802659,2.281615039757706,51.73922855049834,0
2026-09-01 00:46:33,3.407330169115269,1177.4899054167079,44.315509739706414,2.39352359389023,60.44039157189565,0
2026-09-01 00:46:34,3.4968560829625224,1203.6931717205441,50.00647561013898,3.1381892241248703,56.580292651014034,0
2026-09-01 00:46:35,3.4151571365809184,1259.679326773813,45.04895933970382,1.9463728345586393,60.76671692594039,0
2026-09-01 00:46:36,3.55731278132412,1132.9755679316781,43.07466293118195,2.2734898012268503,57.59088973173671,0
2026-09-01 00:46:37,3.321413350806589,1184.0086861055622,43.732720268178845,3.0689812205721783,51.029216823959686,0
2026-09-01 00:46:38,3.464037032754754,1207.215500971754,40.48654978942116,2.486620398401433,56.936154015270645,0
2026-09-01 00:46:39,3.5301107339191744,1108.3147116185282,48.21403801649856,2.2882044503503267,52.04815580235233,0
2026-09-01 00:46:40,3.5183834516322503,1158.3200858516798,48.18952397808773,2.850630675103336,55.022295407319,0
2026-09-01 00:46:41,3.7693033663980495,1166.0055730131908,42.96898512237336,2.516569130944333,54.77285678917673,0
2026-09-01 00:46:42,3.534980002456791,1160.201481307475,44.54423142323619,2.3955074814867983,50.14700858610083,0
2026-09-01 00:46:43,3.3995945403157988,1209.5944772510825,45.19121508822516,2.5577106781112535,52.56156853131464,0
2026-09-01 00:46:44,3.4904535752910926,1191.9720195249101,43.07929389571577,2.30256735718517,61.6155619004773,0
2026-09-01 00:46:45,3.322375366653355,1172.2356948699482,41.48979593745768,2.1947526811335765,55.71513221452349,0
2026-09-01 00:46:46,3.491940025070324,1221.3981313276317,44.579284792446174,2.4659209217095754,54.47321159601114,0
2026-09-01 00:46:47,3.416694394299924,1286.1537358823125,44.35784114108151,2.1967009119771976,60.438670659822776,0
2026-09-01 00:46:48,3.591539027556016,1281.9628258370876,44.22317751802245,2.503207993538944,53.811294069792496,0
2026-09-01 00:46:49,3.4450459725404463,1103.861411396883,45.44543212520193,2.6063219702423015,54.72573891409264,0
2026-09-01 00:46:50,3.4883234084204755,1228.853609191757,47.85903931705199,2.7559181368154833,57.97240856836855,0
2026-09-01 00:46:51,3.43644421585956,1191.098835496808,44.39381456061655,2.838377495655048,53.79779260415095,0
2026-09-01 00:46:52,3.673885135185333,1207.7577671432678,45.340885997442726,2.3782790495103243,52.7604377819425,0
2026-09-01 00:46:53,3.4678757233882087,1180.0858483228726,46.45374104748987,2.6498243823817207,48.23873075391785,0
2026-09-01 00:46:54,3.6832557043479204,1205.87943149436,46.1082858530255,2.647757033861907,52.190505059851716,0
2026-09-01 00:46:55,3.5814151762118267,1207.570369803601,43.77115295110431,2.598345614744795,52.16191676203116,0
2026-09-01 00:46:56,3.5482066727335386,1171.0524121325539,45.19275424622807,2.3561621767148626,55.47570008640583,0
2026-09-01 00:46:57,3.536873314731752,1155.181622608741,46.095079640338106,2.1915796562607666,53.16862520281667,0
2026-09-01 00:46:58,3.539379729821625,1177.5652158690257,42.74329732497844,2.6506005667199677,61.47405703257159,0
2026-09-01 00:46:59,3.307232742065439,1211.7129632228382,47.52707802159301,1.987941231342085,51.82711320929558,0
2026-09-01 00:47:00,3.4721116605849245,1229.9498170842132,47.86317781042822,2.4196481702295065,59.20194006057221,0
2026-09-01 00:47:01,3.5845157971184323,1242.6674488670074,43.55443948911101,1.7339106953054206,55.65925886538265,0
2026-09-01 00:47:02,3.4951102816525896,1175.2904988466544,45.38734003669634,2.099079272992521,57.42032210713717,0
2026-09-01 00:47:03,3.3594810153196426,1214.1922283651368,46.28455651334206,2.2368598184657724,57.23805878420761,0
2026-09-01 00:47:04,3.494759554942253,1248.125129597665,43.908771687342494,2.8290172622887853,48.34529340906275,0
2026-09-01 00:47:05,3.670410551625549,1258.2797447572063,45.96322769137619,2.7064324073212807,54.96534196307033,0
2026-09-01 00:47:06,3.624689171553472,1197.0583572934238,45.32651125258433,2.3338195948473275,54.21331558829851,0
2026-09-01 00:47:07,3.4937995990633968,1188.9534137530193,42.0641636447224,2.718810938538925,51.6010657159262,0
2026-09-01 00:47:08,3.5951449277058085,1209.5562116918195,45.91832263195712,2.7662868890141192,56.3788781116476,0
2026-09-01 00:47:09,3.463349297963195,1142.5146263551296,42.799715167457926,2.4518005454875835,60.149620947632414,0
2026-09-01 00:47:10,3.3296128413173283,1190.3195244482247,46.87840570332409,2.084686556735893,46.9809890683478,0
2026-09-01 00:47:11,3.4075534011870445,1237.2293199236565,43.65757784973222,2.4376263069801656,53.39659097247484,0
2026-09-01 00:47:12,3.65628887685082,1232.097356472185,44.67742913267771,2.470632278448359,51.26270150765913,0
2026-09-01 00:47:13,3.4726006918170698,1186.4866197818055,47.74455782689315,2.1302636827509325,55.21533347871308,0
2026-09-01 00:47:14,3.475661602062498,1210.8859100543584,45.99276329305769,2.6101140378789904,54.02313615055001,0
2026-09-01 00:47:15,3.470016180372512,1158.7674829854657,42.84105216085091,2.5839435562907065,53.18296836172846,0
2026-09-01 00:47:16,3.6904136589573007,1235.1746074112511,42.97016685840183,2.633512809968256,57.068520484987175,0
2026-09-01 00:47:17,3.6625958915362062,1196.1089281931763,43.80139442275255,2.583676929150233,59.90854390317129,0
2026-09-01 00:47:18,3.7218780233448134,1186.2024274151931,45.789288166713334,2.7189529105344947,62.98395595527351,0
2026-09-01 00:47:19,3.4840954789599947,1181.9138081953306,45.716599629865534,2.4462015916380904,52.781112854594234,0
2026-09-01 00:47:20,3.5295624488747097,1196.855306655007,43.31379539067426,2.560535532211286,49.53737334454579,0
2026-09-01 00:47:21,3.3483357450579208,1177.606117753402,42.665581028771285,2.3806779147263404,56.67758930223502,0
2026-09-01 00:47:22,3.6476934426118275,1232.907151800128,45.563166810171666,2.324650235313415,59.83145420596961,0
2026-09-01 00:47:23,3.3832220448732064,1180.235822599191,44.63627986841968,2.9014748892286226,57.441069901122184,0
2026-09-01 00:47:24,3.521677556376263,1279.648204801369,49.314431774895475,1.886869389542051,59.81904111859093,0
2026-09-01 00:47:25,3.3902697472367156,1273.260525174069,45.073207313126154,2.7630279967462794,54.323539988193644,0
2026-09-01 00:47:26,3.4411133173261303,1155.4228255072749,48.62850565540055,2.3138377373663017,53.17127668068061,0
2026-09-01 00:47:27,3.41627375689503,1203.485213471464,42.65923280379132,2.2749885467070636,55.34630772220394,0
2026-09-01 00:47:28,3.439212473932418,1167.4671689331904,41.85357412087659,2.578473245219622,54.008340437899335,0
2026-09-01 00:47:29,3.446087729685102,1183.6676218405694,42.75982973494893,2.053117116294699,56.98928206402103,0
2026-09-01 00:47:30,3.4451731205074925,1300.1213733822399,47.37825956290693,2.255193078416139,57.909303334010474,0
2026-09-01 00:47:31,3.5833333911780305,1184.62142914421,48.512203179387065,2.2452581060461023,58.14425099371566,0
2026-09-01 00:47:32,3.389513720693748,1218.0113018538714,43.435641092094734,2.4335805225444718,56.53177801241317,0
2026-09-01 00:47:33,3.5220541427013865,1227.066064700414,44.07886794048088,2.2587586935517936,55.7374669800259,0
2026-09-01 00:47:34,3.621795915230556,1149.968531375838,42.662038179575,2.9803356056917805,57.383280067752544,0
2026-09-01 00:47:35,3.4486803635486605,1157.2452262795398,41.37672030576323,3.0391049549493863,49.111024277041835,0
2026-09-01 00:47:36,3.42820811092524,1139.6988814295942,46.43682339555326,1.893401943175581,55.63171225700182,0
2026-09-01 00:47:37,3.476947537481975,1155.7014633051112,45.446040605924324,2.663296811429721,55.157434171511355,0
2026-09-01 00:47:38,3.617972520836071,1057.498494534141,45.02097596534775,2.7575990317232724,55.639241187914664,0
2026-09-01 00:47:39,3.519410763095336,1227.2291200396814,42.19988692567324,2.6628955607173315,54.73712936123731,0
2026-09-01 00:47:40,3.44687857053924,1302.7096920628035,48.27991336365732,2.3025659520724915,56.29556648038485,0
2026-09-01 00:47:41,3.548387665118804,1207.3910369518264,43.993286523901055,2.4267713313524375,53.27619123539795,0
2026-09-01 00:47:42,3.3897707850163576,1129.1865570329696,46.06725284963295,2.2755176035666915,58.38857028836089,0
2026-09-01 00:47:43,3.5681359510442947,1167.8611808550027,42.09087718951055,2.3739207906523516,56.420949332240426,0
2026-09-01 00:47:44,3.5408607307701767,1177.0561577487501,44.61894962075993,2.137010491399847,55.45205757365158,0
2026-09-01 00:47:45,3.4692191528861116,1149.1207611393313,45.582748912477165,2.465563353509635,52.90745028809164,0
2026-09-01 00:47:46,3.416141420155277,1243.009131919758,45.65415043610661,2.0491594866084792,57.44595065562372,0
2026-09-01 00:47:47,3.4113319077716544,1240.5130022187666,45.30929708647325,2.4399596337315588,55.61997909548347,0
2026-09-01 00:47:48,3.553481733634591,1142.227410309117,45.989044984097546,2.1254254932700705,52.73354981938925,0
2026-09-01 00:47:49,3.622898050248906,1236.2540522223753,42.73895908793408,2.562044908537421,54.830015372760286,0
2026-09-01 00:47:50,3.4362692252971203,1276.3406331788633,45.39474521087932,2.296174131717133,56.88724785772372,0
2026-09-01 00:47:51,3.5458386703551485,1295.127910261478,45.22751536696055,2.587174104362361,56.65472061645948,0
2026-09-01 00:47:52,3.291297298139793,1343.260601154298,45.46334536839012,2.8244742185094345,56.46102690342447,0
2026-09-01 00:47:53,3.4415382269342802,1154.9003675278402,45.14469043463836,2.9768340808314124,55.27759417522323,0
2026-09-01 00:47:54,3.49689410671291,1341.2110213197602,42.45357445217321,1.741598623293853,58.07745859990569,0
2026-09-01 00:47:55,3.4090316583018168,1182.2896805745606,42.36440049578205,2.249741771837865,58.71338951143483,0
2026-09-01 00:47:56,3.4063493625210404,1170.3767272309742,40.571463628230894,2.4090741768663957,57.21196784702662,0
2026-09-01 00:47:57,3.433222044353111,1216.3536187438922,46.6350690196906,2.638098345514445,53.23764617543288,0
2026-09-01 00:47:58,3.5292192728326373,1170.8969332953493,46.6553150194704,2.004893648753641,51.825814848128445,0
2026-09-01 00:47:59,3.4812670981593627,1219.9522070323262,46.68710058244424,2.205372277959935,53.36818069908522,0
2026-09-01 00:48:00,3.2761768766675026,1133.996140613135,45.6135799249229,2.539107160797133,60.86097024393017,0
2026-09-01 00:48:01,3.2879299847364933,1188.0623698968284,40.73376156456378,2.525466472458,55.84508774148206,0
2026-09-01 00:48:02,3.4393134822142826,1264.2791117180839,42.94657901642947,2.613285521926028,61.379325482579155,0
2026-09-01 00:48:03,3.5457686586053554,1197.1469354284422,45.340830835186225,2.633102718066435,54.63940496923769,0
2026-09-01 00:48:04,3.2252495157274765,1207.079789336994,45.27103600558359,2.6015783299347586,54.22355898852123,0
2026-09-01 00:48:05,3.450026982384837,1223.7629302358655,44.55450357369596,2.558096594989448,54.77783039006778,0
2026-09-01 00:48:06,3.447375214348258,1258.533081465883,45.73783440581649,2.5167219319979104,54.72347775984009,0
2026-09-01 00:48:07,3.6388337778208446,1117.2387643905283,45.02330341537049,2.699428926917309,52.67904726439683,0
2026-09-01 00:48:08,3.4614978188287138,1229.2262025918717,45.241540931102726,1.8282032000307324,51.55345519549997,0
2026-09-01 00:48:09,3.5382988984740926,1186.593043037912,43.72186933433597,2.9633000460913705,56.504009881542586,0
2026-09-01 00:48:10,3.5141257140087463,1208.3318947655919,46.96402197224318,1.8386553847359028,58.16470215279209,0
2026-09-01 00:48:11,3.28694335201928,1252.997508488119,44.13845678263923,2.1762514549286522,62.3349439019992,0
2026-09-01 00:48:12,3.5768207216631738,1140.2906674294077,42.338701833958744,2.4319717610049567,53.69886127992693,0
2026-09-01 00:48:13,3.5215396505456287,1149.3677779278455,43.458001974362546,2.7017838673269527,53.942033539407774,0
2026-09-01 00:48:14,3.550826863967459,1103.2285020143097,44.30306761727604,1.6014199327601153,52.686312116646945,0
2026-09-01 00:48:15,3.892623770643633,1172.5420529118112,46.98800557673769,2.4915627028174496,58.3771822881207,0
2026-09-01 00:48:16,3.291588706050141,1266.5216172189407,44.91546400313042,2.7377185118247205,57.44496236438879,0
2026-09-01 00:48:17,3.672469664976111,1193.9706405763266,44.6277035620687,2.798355434808543,52.36919625437642,0
2026-09-01 00:48:18,3.4712552480599643,1132.9937552172607,42.50267315047475,2.290801102450762,52.29340573908117,0
2026-09-01 00:48:19,3.528732890440301,1175.7160627712476,46.570965179659154,2.4097494139134903,57.857544275787696,0
2026-09-01 00:48:20,3.495448775469876,1125.606914825469,43.69609569195323,2.3151555613322117,56.14958845362522,0
2026-09-01 00:48:21,3.4575763666601955,1143.740694913442,44.79994428211733,2.3821976039421746,57.27516613903343,0
2026-09-01 00:48:22,3.443016707176124,1219.4409455131856,47.96036615376373,2.1904520347814693,52.35169456498326,0
2026-09-01 00:48:23,3.5329508735573008,1141.3063336846985,46.01752666209861,2.2332243512587246,49.36682540826938,0
2026-09-01 00:48:24,3.348282630332832,1255.631715260165,41.74349190456965,2.6303130766085103,52.37510494995949,0
2026-09-01 00:48:25,3.5750579167521765,1196.4439854584832,41.46097952729505,2.5394846119818224,57.06330019003368,0
2026-09-01 00:48:26,3.4583805595114745,1204.2797351972263,44.871379099761505,2.647475952277142,61.333173935904675,0
2026-09-01 00:48:27,3.386993066095964,1186.0813516196054,42.57451877025039,2.564204316910251,53.71160803141718,0
2026-09-01 00:48:28,3.4549987142004186,1238.642391927186,46.297093495266,2.7113015803442786,61.827567645630594,0
2026-09-01 00:48:29,3.6257149216862574,1239.1579943888505,45.084526129929955,2.7634641994464983,57.48945930247506,0
2026-09-01 00:48:30,3.4464664912983776,1216.7527175956086,45.330769538047726,1.9774850140401687,50.82090309487352,0
2026-09-01 00:48:31,3.535845361820962,1228.2394552953824,43.586513636715296,2.2437071048756914,55.6421015134331,0
2026-09-01 00:48:32,3.4269043724284525,1189.3955165039788,48.48276731057341,2.430587212752988,57.59192283523558,0
2026-09-01 00:48:33,3.5757921849923617,1227.1101503454524,50.68518745602092,2.4931967423537977,47.72355130434194,0
2026-09-01 00:48:34,3.5685507738790205,1183.1061112263096,44.44283055248657,2.29897282785459,56.93335347374015,0
2026-09-01 00:48:35,3.684860883329641,1200.1115811081202,45.70607849683,2.773607101296492,58.518163539469334,0
2026-09-01 00:48:36,3.4824436054500785,1186.2678125316852,45.19483468612862,3.0939845104871795,56.19660437239343,0
2026-09-01 00:48:37,3.5668654804757907,1177.1390730340402,44.48062627311786,2.55584858667452,54.81483636795573,0
2026-09-01 00:48:38,3.5098067539538946,1165.5444101139105,43.335859064534404,2.5253023096594633,54.48122025099578,0
2026-09-01 00:48:39,3.6295871781863016,1223.3845051929443,42.83006402503904,2.754836876531299,54.30603301692453,0
2026-09-01 00:48:40,3.428116761239127,1265.530295640673,42.72880546894895,1.940248073438969,51.472060588698675,0
2026-09-01 00:48:41,3.574500531287728,1258.555098583478,45.81048005109829,2.5085406821315233,52.937428504285094,0
2026-09-01 00:48:42,3.4805302703883316,1137.1717332027283,43.960651043592726,2.793710747640255,53.750217863043524,0
2026-09-01 00:48:43,3.4935811822891503,1264.4601525703438,39.84341429971894,2.3070538008396664,55.34048303867723,0
2026-09-01 00:48:44,3.509175248444837,1184.0920749191037,45.88971644119665,2.13203182602941,53.329555727028804,0
2026-09-01 00:48:45,3.525224039642668,1230.0366507572796,44.92347743507169,2.4442583169700667,52.39261227250621,0
2026-09-01 00:48:46,3.488377095687804,1154.6892333976396,47.69334600280229,2.481794370039424,57.27931257737754,0
2026-09-01 00:48:47,3.5214713183170527,1207.0989956937003,45.74624479418202,2.2274043154253627,56.11184191584357,0
2026-09-01 00:48:48,3.6578118057562183,1215.6861591448453,42.042652807379405,3.1288483828152853,53.3823113896313,0
2026-09-01 00:48:49,3.598544968561522,1125.7697604040175,40.54064671854004,2.3563910856976165,56.518835414462764,0
2026-09-01 00:48:50,3.5869154592496897,1230.4133583172095,43.561055231324126,2.1539021945720296,53.64052631894219,0
2026-09-01 00:48:51,3.454446047397613,1267.2967503919158,43.749785158612696,2.4719136042788166,55.18919508846436,0
2026-09-01 00:48:52,3.4110759171771674,1191.2676027159187,46.886318402000335,2.7723581913113473,57.9251321641686,0
2026-09-01 00:48:53,3.5955300558237755,1268.0084065414007,44.98225813542086,2.5052242746994695,53.18877672050121,0
2026-09-01 00:48:54,3.5876046792529794,1190.5153253273795,47.267376996197015,2.6456781760132007,51.48276517649877,0
2026-09-01 00:48:55,3.647267067575098,1242.4792265523308,42.35033388859473,2.238546821700053,54.56459625093598,0
2026-09-01 00:48:56,3.439601937403077,1089.071501702445,46.930528768760894,2.946306533921054,50.90960495144361,0
2026-09-01 00:48:57,3.4770451344639652,1320.9388889656732,46.44197830686184,2.668513308375533,54.167654471947074,0
2026-09-01 00:48:58,3.3360515837474565,1274.7729122621479,40.963531777137604,2.814310470663283,54.15808756205963,0
2026-09-01 00:48:59,3.4607528893939126,1185.7687247873162,47.645235682521545,2.6095481897425508,47.60894762828331,0
2026-09-01 00:49:00,3.5996570510579446,1101.3955486678092,45.186916983532704,2.747465211318635,56.59190549123353,0
2026-09-01 00:49:01,3.45335046207718,1214.4014184152745,45.78408900773701,2.2380842320968317,54.45193069995604,0
2026-09-01 00:49:02,3.5640479795200823,1127.803722646312,43.270207775143156,2.3525768749931313,58.545689358315805,0
2026-09-01 00:49:03,3.480949689400219,1222.2426768778744,47.550494025843946,2.903944178666809,55.646595939382244,0
2026-09-01 00:49:04,3.5324057028221563,1220.578285958214,42.62829534152226,2.9679225841851893,57.206825710946646,0
2026-09-01 00:49:05,3.3852308610184334,1152.9298415498988,46.66418403674789,2.155880320084277,58.57011625962113,0
2026-09-01 00:49:06,3.50852094496339,1256.0483511807188,46.64121495181734,2.574920820359144,54.60484875168776,0
2026-09-01 00:49:07,3.2008864029099278,1240.2787351403088,43.051665143655555,2.370716859854432,54.99753043340829,0
2026-09-01 00:49:08,3.4813103841838013,1248.791166864428,48.96674719884515,2.2908905591905415,50.279370329829305,0
2026-09-01 00:49:09,3.3369526756284857,1200.4428851834448,45.46305696043504,2.585451908606635,58.718613235702726,0
2026-09-01 00:49:10,3.6205994516546816,1129.2237966543146,46.30778522054205,2.8422888797096224,54.56290780083533,0
2026-09-01 00:49:11,3.577740735276451,1248.893613610557,41.94575840932849,2.6354987419852582,51.982808348956056,0
2026-09-01 00:49:12,3.546667098196608,1186.4814300432104,49.23546000601713,2.4041462650242895,57.219167459462284,0
2026-09-01 00:49:13,3.652100622715938,1130.5109928403665,42.55088611954982,2.654458353980548,48.46065642410724,0
2026-09-01 00:49:14,3.4051083479175164,1267.6019682987162,47.049772865531864,2.39200714792573,53.71217733138047,0
2026-09-01 00:49:15,3.6747363197915557,1304.9703760251255,43.01045656413661,2.6236342902191807,57.72493312363552,0
2026-09-01 00:49:16,3.5932191564260383,1197.9375935510398,43.76202239430464,2.91893971013672,53.68683444410228,0
2026-09-01 00:49:17,3.4763444712781055,1307.9560577301645,46.577508087770894,1.8768521022097517,52.846234147154256,0
2026-09-01 00:49:18,3.6135620147182945,1204.5657364305675,47.05510542735031,2.73917568956201,53.75153560866115,0
2026-09-01 00:49:19,3.3893706487588364,1180.9772047916824,42.457431501771794,2.038283523528859,48.970212206594276,0
2026-09-01 00:49:20,3.417548583847233,1168.4770772907261,47.18094433811399,2.8684983131633386,57.1464352953491,0
2026-09-01 00:49:21,3.43914102767603,1281.8541203996372,47.08996099026639,2.3088923170381417,54.631341874069264,0
2026-09-01 00:49:22,3.4471022291935984,1160.9928059306114,43.12409318231022,2.134698586718055,54.183026170015715,0
2026-09-01 00:49:23,3.394344235723975,1236.7634654987494,48.19729518718222,2.708580768126624,54.19399415077287,0
2026-09-01 00:49:24,3.6223083067095323,1172.0418082470396,42.086284743503924,2.6092510189427234,55.04223939539375,0
2026-09-01 00:49:25,3.474114559963017,1176.9846618712818,43.75045483444477,2.200243929111503,56.9603121120162,0
2026-09-01 00:49:26,3.535250496835688,1251.5124846984784,45.95800524818398,2.124100072849482,54.843809376402255,0
2026-09-01 00:49:27,3.442964863358632,1180.9981576855323,43.29286743059479,2.443755553752615,50.91509035546056,0
2026-09-01 00:49:28,3.317939669945148,1179.7602310289853,45.52763817135868,2.138773914948641,56.7265483646322,0
2026-09-01 00:49:29,3.527005735839142,1256.6402348587403,45.48215215760659,2.181558108122912,56.49570907301268,0
2026-09-01 00:49:30,3.3087745024580224,1279.8698646610812,44.62585146015456,2.5346862371264303,55.61658099464938,0
2026-09-01 00:49:31,3.4931365953914533,1232.2344901642116,46.66480107718112,2.210238509723471,58.22572392088396,0
2026-09-01 00:49:32,3.3631684961167188,1167.2615112188025,44.54327841468472,2.627961787007963,55.091136029238875,0
2026-09-01 00:49:33,3.698727599923081,1174.4695750351211,45.46308213762761,2.9470430787650432,58.33412826696777,0
2026-09-01 00:49:34,3.5911362722174722,1203.9957631870018,47.2929437549758,2.455433375529825,59.22163306443519,0
2026-09-01 00:49:35,3.510575379127148,1216.0465030962828,46.58137242005168,2.5390453185956754,56.74693865657345,0
2026-09-01 00:49:36,3.626370667765467,1150.6067044930114,46.572034581628415,3.105429019850646,52.75619913436619,0
2026-09-01 00:49:37,3.4153684022534265,1236.1518969789931,42.70164079556644,2.1437196647867958,54.60764284449268,0
2026-09-01 00:49:38,3.5543479378670093,1204.27566648198,46.049585151002645,2.8573705585542224,58.716568102175124,0
2026-09-01 00:49:39,3.5199810433718715,1114.2145840680935,43.24300241806099,2.8212572793737447,50.50711640179148,0
2026-09-01 00:49:40,3.526402008133367,1153.5536758769636,42.437170040443945,2.7562952017521347,53.824138995464175,0
2026-09-01 00:49:41,3.6272353500106767,1174.793566317417,44.85658730743006,2.8875243552197896,53.97110549065977,0
2026-09-01 00:49:42,3.57324921027798,1196.3571155579473,43.19140962669682,2.5841724897875857,52.4043681989388,0
2026-09-01 00:49:43,3.5288723662825023,1294.4639397751998,46.58123543767996,2.3251211513202197,57.618636849756356,0
2026-09-01 00:49:44,3.33451125637717,1211.9085653069815,46.62907091939065,2.8283719873661703,56.13044521312233,0
2026-09-01 00:49:45,3.4039953704720536,1157.9614055050688,41.19474752713712,2.8398526635138683,52.866824930198526,0
2026-09-01 00:49:46,3.4877291066404275,1211.031540215358,43.34339492084622,2.8315941704479863,56.816538760707516,0
2026-09-01 00:49:47,3.509337237427665,1182.395612627306,42.080426656164,2.513350624695771,54.524751295995344,0
2026-09-01 00:49:48,3.3869796275326074,1216.2379119766772,44.074741446814215,2.285141645916002,52.32941628033297,0
2026-09-01 00:49:49,3.7411676675578422,1229.0283843517807,45.91035133973765,2.5574086762334836,52.8612447692714,0
2026-09-01 00:49:50,3.651639405525357,1260.461532361197,44.51542380364322,2.7826690052703507,56.30815322432782,0
2026-09-01 00:49:51,3.5602118320392484,1198.7856752164987,43.82048151866573,2.8073055369579896,57.81702963556552,0
2026-09-01 00:49:52,3.5072036861283746,1281.9480263799917,47.60035305362628,2.3710971618776213,53.539695301135644,0
2026-09-01 00:49:53,3.478779103009885,1245.4011331268096,40.39028565480742,2.594611868838217,56.63332400100703,0
2026-09-01 00:49:54,3.4048081539977764,1164.6280227593907,47.47374378703645,2.1073665086542133,59.74526247273245,0
2026-09-01 00:49:55,3.507748051851886,1310.4927832874232,43.91142341368903,2.795485030901755,51.22338833088924,0
2026-09-01 00:49:56,3.5257752540142753,1216.3497256635048,44.84378197977442,2.265007372982481,56.06700961851587,0
2026-09-01 00:49:57,3.3758239424518375,1158.2437748013883,43.945273324559786,2.7355766078714643,57.49196707388622,0
2026-09-01 00:49:58,3.5334176417244896,1282.645652561521,48.08577621107824,2.1552086267829513,54.714550550203505,0
2026-09-01 00:49:59,3.484474095117525,1303.8888792599223,42.53804300638948,2.8094247719302023,58.71484963256694,0
2026-09-01 00:50:00,3.3092192442122608,1198.348736814022,45.023472739443875,2.596550557006831,61.59651111478385,0
2026-09-01 00:50:01,3.41396149892205,1174.81748698122,46.05487730371999,2.2655926913149163,56.03006604515891,0
2026-09-01 00:50:02,3.4586394466578354,1191.3812521273169,41.777994464229664,2.7074069143241575,54.299230803166004,0
2026-09-01 00:50:03,3.688768765734019,1235.736586375885,43.160203659107694,2.322891492458401,57.93094842298587,0
2026-09-01 00:50:04,3.555655312453376,1263.8928327515257,44.70364293300354,2.7248665112335386,57.52620658113371,0
2026-09-01 00:50:05,3.3664518430900108,1228.5243665431788,43.22666993063125,2.4177665573857836,47.44350713524545,0
2026-09-01 00:50:06,3.5486036289417635,1205.0861604235886,43.3688164575617,1.9836858623111011,54.99179333172666,0
2026-09-01 00:50:07,3.3452696011061636,1274.9005885152214,44.30027467384713,2.2052751278557188,53.81620159978266,0
2026-09-01 00:50:08,3.6082691053887075,1184.358176347424,46.29916266329235,2.3708755873938148,56.19011707454175,0
2026-09-01 00:50:09,3.452887534818212,1251.5459669183454,44.31456444624371,2.9104567071245735,54.41902515911863,0
2026-09-01 00:50:10,3.490636381126083,1185.596860082436,47.15685238894589,2.7703430891587675,54.744471723187,0
2026-09-01 00:50:11,3.632579664754219,1221.5511479005447,43.00448443468129,2.9871584236966426,52.41036172161675,0
2026-09-01 00:50:12,3.371283643141575,1194.3218717604775,42.496155479053094,2.9960905648089575,57.20358765527346,0
2026-09-01 00:50:13,3.3602881814887007,1197.2073908673594,48.852690811442265,2.3395747586227253,59.9651266644062,0
2026-09-01 00:50:14,3.4416400673653995,1181.1306741268895,43.684083744668975,2.443453942072351,52.45698415235489,0
2026-09-01 00:50:15,3.6038378851019317,1267.2427015590347,42.37817598585568,2.3766160227008384,50.80883493055908,0
2026-09-01 00:50:16,3.3480653924523156,1163.3536980945732,41.51589211645634,2.298546818409677,55.06000965948239,0
2026-09-01 00:50:17,3.216784440188943,1162.9883873725646,47.15020690761788,1.9475515871990625,54.91403301689421,0
2026-09-01 00:50:18,3.4548841141591002,1306.0496782922555,44.31739097067988,2.4955756845949475,58.51279835836108,0
2026-09-01 00:50:19,3.555174079991092,1248.8923782327165,44.492580529867205,2.114330321886667,51.3124151428644,0
2026-09-01 00:50:20,3.620026174973883,1080.7443150653482,44.68159657682672,2.4897484355397017,53.38613447492771,0
2026-09-01 00:50:21,3.45368386379146,1171.7370630394798,47.02588576933956,3.134731242868895,48.55689028219944,0
2026-09-01 00:50:22,3.4588573392883997,1109.4005331218973,44.64094033204816,2.3471964711007876,59.12495090863547,0
2026-09-01 00:50:23,3.6153900734255746,1152.4654653292373,49.688107557665255,2.55843220168842,55.75163388497009,0
2026-09-01 00:50:24,3.313025830030458,1043.074266688298,45.26752114810846,2.7719945157427848,53.60970125805761,0
2026-09-01 00:50:25,3.461147922481699,1193.1505211153028,47.123569533916644,2.584087387589772,51.03318556422647,0
2026-09-01 00:50:26,3.519042388992506,1142.9029090419344,46.610479715808815,2.587745256382689,51.30857182546825,0
2026-09-01 00:50:27,3.5449218721285036,1202.9952628398219,44.927105359483924,2.391279269893576,56.24280069937417,0
2026-09-01 00:50:28,3.449019330680912,1118.7439370558739,43.82605802795907,2.43043660748163,51.67772486319787,0
2026-09-01 00:50:29,3.503444101170584,1204.145592658602,45.66392785713311,2.2119968433436514,55.31201626944571,0
2026-09-01 00:50:30,3.251167264658701,1179.2541860939837,46.020197462414544,2.7538135026668225,61.128834583405094,0
2026-09-01 00:50:31,3.434175158766615,1275.09764825943,43.854827903746944,1.9775525030157712,53.95723713116554,0
2026-09-01 00:50:32,3.545350871255447,1270.5678430872813,45.33267773190131,2.7913265015146607,52.11566666807686,0
2026-09-01 00:50:33,3.401770596574532,1239.2672801505141,47.47240995651919,2.0788904845764273,56.14602161635829,0
2026-09-01 00:50:34,3.5058984221589595,1183.6693109669393,49.13989547813936,2.7887821822229957,51.322624777654816,0
2026-09-01 00:50:35,3.54468725008027,1299.2690197630147,46.70873864069884,2.393854742136346,60.15995359098821,0
2026-09-01 00:50:36,3.4657450799142233,1122.348236108009,48.725519372760566,2.130439393560076,59.21085900558501,0
2026-09-01 00:50:37,3.517046377099657,1129.8220685218168,43.741251577587086,2.673789593523891,54.50748514313907,0
2026-09-01 00:50:38,3.403726743471539,1195.8108450055468,46.40376450411859,2.7786302605227324,52.30812045572734,0
2026-09-01 00:50:39,3.4793388720303953,1312.701905446056,47.67703901716254,2.368576405568939,53.72269038167392,0
2026-09-01 00:50:40,3.5610216169589224,1189.8830546564957,43.20733333405601,2.71618316460368,54.11300316374371,0
2026-09-01 00:50:41,3.5156972960968433,1190.837737839536,44.02881977590998,1.814474651599195,56.150701395121196,0
2026-09-01 00:50:42,3.4413468730436065,1127.9044821944096,48.4758095236705,2.10382111307602,58.11889698790335,0
2026-09-01 00:50:43,3.522421640429079,1247.296479263519,43.04980228842612,2.8877226791406185,51.89046210772423,0
2026-09-01 00:50:44,3.571460979063662,1247.6588127164678,42.317739934688575,2.432899217740625,58.03272869602824,0
2026-09-01 00:50:45,3.2950058721422524,1239.4537600699955,48.05596314727902,1.9413360020653458,56.85305683843389,0
2026-09-01 00:50:46,3.6159074064955896,1168.5389663576318,47.39352644996087,2.2903401458674018,53.47663152758018,0
2026-09-01 00:50:47,3.466374526131893,1164.6646615813497,45.864240487967535,2.222979858242476,51.73986431296897,0
2026-09-01 00:50:48,3.542548993324023,1135.3438874797514,44.908578490708344,2.4502114805581225,55.348698151877706,0
2026-09-01 00:50:49,3.6197246923645228,1204.1936250880467,44.12295098879004,2.3887747048577057,51.82123454889375,0
2026-09-01 00:50:50,3.3628326302769533,1145.979633536075,45.5638977476181,2.5536795186814483,58.07104254748782,0
2026-09-01 00:50:51,3.4290558997572456,1141.1291747375355,48.1596139148031,2.4791601845162274,51.628351683603384,0
2026-09-01 00:50:52,3.4711451304124297,1178.815464154466,45.47713225228415,2.9079217765111056,56.64311857948943,0
2026-09-01 00:50:53,3.4216246478875574,1175.5421912407892,49.33391853449393,2.6273645799159007,54.75815090555476,0
2026-09-01 00:50:54,3.673493657583681,1173.1010735589023,43.20411602871954,2.6373014833580757,53.318125346874396,0
2026-09-01 00:50:55,3.414322790617321,1223.322229842013,44.96063849134346,2.8495471371683565,54.69150548104213,0
2026-09-01 00:50:56,3.444445322051313,1203.952390107514,44.25388266467217,2.3833693748711253,58.239949508902605,0
2026-09-01 00:50:57,3.5204389031602976,1185.592198474444,42.829716913675334,2.1214367669924545,51.42322777301863,0
2026-09-01 00:50:58,3.379785047392391,1209.150646415574,44.69383253398069,2.862091097389675,53.76353033442455,0
2026-09-01 00:50:59,3.4604319288243737,1150.4236479447684,45.83465860332088,2.540752524432434,52.74476930593843,0
2026-09-01 00:51:00,3.5317453261250176,1205.2639311954838,46.04846035990406,2.5418053623696784,54.88414859935386,0
2026-09-01 00:51:01,3.4667139595617487,1207.5301246422316,49.340904357889116,2.310001023540929,52.945957322462036,0
2026-09-01 00:51:02,3.4906613141100054,1124.8476570321259,45.92893493944712,2.314943400068927,49.69575627284016,0
2026-09-01 00:51:03,3.447066788755163,1249.7846877185182,47.30027360735923,2.754016701631253,51.834587359202914,0
2026-09-01 00:51:04,3.3485529690819233,1155.9283147386502,45.132188492597955,2.795396739441283,59.91326505561433,0
2026-09-01 00:51:05,3.532159321133924,1204.5154899603217,48.35611120090519,2.7351470217239977,55.74018463385882,0
2026-09-01 00:51:06,3.675493307164724,1258.2205870267635,49.796898571176136,2.7378884816336426,55.637086161424236,0
2026-09-01 00:51:07,3.501840163078344,1246.2838378856934,46.0621702619519,2.6707088611779275,54.15216282997409,0
2026-09-01 00:51:08,3.522526411724755,1201.7166694284417,43.014681969096834,2.5394568190234468,54.845123727672494,0
2026-09-01 00:51:09,3.569272275511686,1181.8750498558966,43.90238995444567,2.447386094703706,53.71056423150586,0
2026-09-01 00:51:10,3.37306695034533,1247.3755954287783,45.563868606410324,2.8630971549824658,56.580785593123196,0
2026-09-01 00:51:11,3.6702514658129606,1233.734748890431,45.91299607050129,2.38788373885287,55.302426562778116,0
2026-09-01 00:51:12,3.5202328796422804,1169.0817489977935,46.396850268768745,2.610993764164224,51.486195369524154,0
2026-09-01 00:51:13,3.663185689908911,1160.2553176499155,45.920395362460084,2.258796100613726,55.76117350931258,0
2026-09-01 00:51:14,3.426696700447601,1096.3822409152,45.013969832511876,2.302210288944865,47.62377423018535,0
2026-09-01 00:51:15,3.6818061922557823,1207.7015920841793,43.72760311759574,2.429153629642832,56.241577599033356,0
2026-09-01 00:51:16,3.5775155494034783,1195.86511274908,45.80227652252846,2.258818486981851,50.771929429490434,0
2026-09-01 00:51:17,3.5553040085852357,1256.8095687321272,48.70997471496131,2.7393555476434903,54.711834741489774,0
2026-09-01 00:51:18,3.523402445435315,1217.9527546740183,47.03985721085551,2.095589724536491,51.416117190411434,0
2026-09-01 00:51:19,3.475147138192555,1266.7114597086345,46.0694078992724,2.529768887014322,55.00846959859929,0
2026-09-01 00:51:20,3.6200531658473873,1165.1317886041916,47.059133847645505,2.5397524290526543,56.73483555782867,0
2026-09-01 00:51:21,3.514035986984805,1256.907516548381,44.25787194219829,1.9567601265040957,59.50848125574874,0
2026-09-01 00:51:22,3.3032930296412846,1173.5541810447673,43.98346970783336,2.367692853842917,50.375927034965564,0
2026-09-01 00:51:23,3.3882813538292997,1238.8798030896137,43.50442979126804,2.576709861414443,57.9264188670134,0
2026-09-01 00:51:24,3.4814154247807254,1127.0620803734653,44.749426754461126,2.6286183979882205,55.393458116132415,0
2026-09-01 00:51:25,3.5309998983165554,1211.7567649683094,44.15598820658184,2.4387078374199502,53.64799854152613,0
2026-09-01 00:51:26,3.49434115111001,1100.7656029277045,47.41654948130428,2.7030664613442146,57.27956951517838,0
2026-09-01 00:51:27,3.6218970789793663,1186.6431257029124,44.04935316463562,2.4672051228291876,54.29222544674438,0
2026-09-01 00:51:28,3.3048898135961373,1222.0176996938958,43.39455656755017,2.504095873622517,57.152591549202036,0
2026-09-01 00:51:29,3.514358793650516,1173.9515724384453,48.885154357661264,2.575496160695966,52.02319086061601,0
2026-09-01 00:51:30,3.3182020774612844,1147.4781185622016,44.097249537837314,2.7780998886202504,53.10100890311112,0
2026-09-01 00:51:31,3.5759712295484167,1242.3059234647967,45.3070569145007,2.2972845992753403,57.830800158383795,0
2026-09-01 00:51:32,3.4905541285557997,1194.826860507654,45.90264564948682,2.3539534382445106,59.456201570711265,0
2026-09-01 00:51:33,3.5419609972024118,1175.5214676484663,42.72661376215837,2.299331052481236,54.894904302541455,0
2026-09-01 00:51:34,3.413611703941023,1202.094796057714,47.47096753900614,2.40034068515742,46.638133223932655,0
2026-09-01 00:51:35,3.627946493165775,1331.8334570972795,46.27423808082246,2.9278702774239296,54.40285215217464,0
2026-09-01 00:51:36,3.604172466405885,1257.6751424890772,48.116768023761566,2.6718175957989465,55.09727835346729,0
2026-09-01 00:51:37,3.558354430301189,1258.1286834093921,43.6415561255638,2.1606730764493474,54.301679869920484,0
2026-09-01 00:51:38,3.487048275313656,1221.7773159496182,45.19825158495232,2.3198659103233976,56.00901568499659,0
2026-09-01 00:51:39,3.557985728529513,1208.3242636288574,45.07871150998839,2.6118301672829207,53.569270217208036,0
2026-09-01 00:51:40,3.429310743201265,1080.1958855834791,45.52777698870004,2.228047665720169,57.516612582034085,0
2026-09-01 00:51:41,3.5855555659020713,1166.0509826768434,42.09077050284568,2.282397987755573,51.49986018180687,0
2026-09-01 00:51:42,3.664948089432392,1175.9712793398762,45.22167275738445,2.9034878998522444,58.710546122062425,0
2026-09-01 00:51:43,3.6070610559979186,1106.2553967976232,42.14707217715251,2.315987311458044,59.650236471883275,0
2026-09-01 00:51:44,3.427039753019259,1142.1292104892284,45.71666814239384,2.786400044808816,52.26082078581908,0
2026-09-01 00:51:45,3.5361417317273105,1100.9581764538684,40.74270175096296,2.8765969568592817,52.25920052319081,0
2026-09-01 00:51:46,3.370685845624135,1198.0838082151313,41.29682633141883,2.2799613726493106,56.232085941332585,0
2026-09-01 00:51:47,3.5572390311175677,1240.9382985424409,46.63709743288,2.2330112330328578,51.43833877077133,0
2026-09-01 00:51:48,3.545060341286254,1255.3387259312165,43.90632308961043,2.4171603740556504,53.52219138669304,0
2026-09-01 00:51:49,3.3130183660467836,1220.739223103962,43.02428385273552,2.1734116837979123,58.307580869368046,0
2026-09-01 00:51:50,3.3838216156087637,1151.8301829400716,47.541691242151096,2.5363101635508225,57.21282029343089,0
2026-09-01 00:51:51,3.4716861103256234,1103.396742074002,45.65525243465683,2.438304426443984,60.94058902506877,0
2026-09-01 00:51:52,3.4699140252859175,1112.1565650299249,46.744180391067566,2.6081740047658903,55.512352442800626,0
2026-09-01 00:51:53,3.3790523064581195,1136.5508711372752,44.66751585535834,2.9190830368698464,53.16748599316544,0
2026-09-01 00:51:54,3.5388978729352183,1155.5570150982162,50.35925738780001,2.7452454942310958,55.15373053495906,0
2026-09-01 00:51:55,3.525147360894051,1192.0125751004207,43.79097227888041,2.646771932623707,54.548234981774094,0
2026-09-01 00:51:56,3.4805730868021483,1149.2917890936517,48.48899109871978,1.9101854761096246,54.59032867239059,0
2026-09-01 00:51:57,3.4244208499841635,1216.948794683413,44.877267919800175,2.6330127946307127,54.9285888757128,0
2026-09-01 00:51:58,3.6048707126416564,1188.3863248600264,41.69097921017451,3.016788298211365,52.204699873461294,0
2026-09-01 00:51:59,3.6655407113088296,1200.5272855870512,45.965697491496215,1.596843245105945,55.84665326491193,0
2026-09-01 00:52:00,3.4516438516153465,1257.0125276335602,45.62952512291033,2.7068147628926877,50.77401019672423,0
2026-09-01 00:52:01,3.438783308284518,1140.9884132899815,42.89735637152154,2.4521924275730607,52.849520176275654,0
2026-09-01 00:52:02,3.5491207665411997,1220.9352289146184,43.15556144573057,2.245061499093117,54.643363710580545,0
2026-09-01 00:52:03,3.4641970620253013,1199.3013385761963,44.95060471383002,2.740338575173586,48.22134006203323,0
2026-09-01 00:52:04,3.4860602799336764,1183.3256859515152,45.69949563049596,3.0129117701821992,57.306974609034754,0
2026-09-01 00:52:05,3.573965315172467,1244.262816043298,40.0586734342412,2.732569218651326,48.84053647045749,0
2026-09-01 00:52:06,3.3090643912492705,1243.9507077278504,47.10624290504761,2.388642414621542,57.008763072694535,0
2026-09-01 00:52:07,3.631830232485267,1152.6754602005785,44.01100405237005,2.216959052677553,51.12157213021551,0
2026-09-01 00:52:08,3.5072680524329343,1190.8919708071037,42.33650503120365,2.543388290136863,53.7852439278895,0
2026-09-01 00:52:09,3.458850685543782,1214.0605841292033,46.882133102903865,2.7619507877144764,56.55739194084829,0
2026-09-01 00:52:10,3.491076584577855,1186.3496625988707,44.952764041163086,2.3838840921298816,61.59441855843845,0
2026-09-01 00:52:11,3.496242935502052,1229.2510666143899,47.43233155356451,2.412885102504761,55.34935593312205,0
2026-09-01 00:52:12,3.3268798696555075,1214.0596008955138,45.87590452595951,3.3466000749515197,49.052121015401475,0
2026-09-01 00:52:13,3.6494938227453235,1291.6280620178006,44.99697099410391,2.8235955837879176,57.861085397907324,0
2026-09-01 00:52:14,3.5041325632270617,1123.4860432035107,44.69454011003969,2.8450386035180895,54.304244785422945,0
2026-09-01 00:52:15,3.5443002130447376,1193.8782005126302,45.96542552111227,2.0619142281823564,55.20971996337647,0
2026-09-01 00:52:16,3.5951549770574043,1154.5748744243904,44.17293748238134,2.287843396211962,56.67358908966284,0
2026-09-01 00:52:17,3.39788375424397,1230.2053727719522,43.294854822507,2.5224044918362716,48.323866129282855,0
2026-09-01 00:52:18,3.547347189903523,1119.1414054977229,46.21981824530929,2.199658732634455,55.01961054320559,0
2026-09-01 00:52:19,3.4732358909101206,1217.3156355112444,44.71102431711114,2.9801191896667882,53.77091833014191,0
2026-09-01 00:52:20,3.584677077521649,1168.497578432583,45.06713529613801,2.9230936919771935,58.66550471801656,0
2026-09-01 00:52:21,3.2872772579648504,1163.2919066939494,47.17875967230921,2.3399363987847837,57.18134129001623,0
2026-09-01 00:52:22,3.490090569975873,1127.6750898229657,44.77224678452852,3.0351755819822452,50.11899423165536,0
2026-09-01 00:52:23,3.439717934421604,1176.7462026899498,45.03006785108358,2.4987243709840175,58.787877557047146,0
2026-09-01 00:52:24,3.5432262950634157,1254.2250265145462,43.80070097709814,3.2768169152167146,56.34857526448064,0
2026-09-01 00:52:25,3.54700441873682,1198.7405658235261,45.8614798679637,2.543405839157511,50.35827520764035,0
2026-09-01 00:52:26,3.429237410517797,1231.3840208937238,45.699655825360175,2.6728578250985264,55.16725931047832,0
2026-09-01 00:52:27,3.4287826135823956,1283.2320910983137,46.80155026358111,2.9199710323508676,58.104478341567564,0
2026-09-01 00:52:28,3.488933463144267,1213.1877792411287,43.841742325986246,2.8832900049423427,51.35786838227982,0
2026-09-01 00:52:29,3.4103357772684793,1172.060021396883,44.084366060819626,2.653219619840768,59.13273200753625,0
2026-09-01 00:52:30,3.584198369545213,1223.3626107591394,46.58427479829094,2.457657904166849,50.462113677617424,0
2026-09-01 00:52:31,3.4630792799552554,1172.7851926842854,45.50442600672573,2.654239809997936,52.62631847005905,0
2026-09-01 00:52:32,3.209301178067836,1174.7788658351415,43.18756374761461,2.2551447484371656,52.17138749383092,0
2026-09-01 00:52:33,3.4625177943378196,1124.0053600190508,47.613108135469,2.5456401156592348,59.130801194765986,0
2026-09-01 00:52:34,3.396145617915603,1246.3128745542197,41.6030988631995,2.1672077402506016,53.52695159035241,0
2026-09-01 00:52:35,3.3368724184539054,1180.699871217528,46.5685695065275,1.9657355079759096,51.511548992017005,0
2026-09-01 00:52:36,3.376257336177743,1209.1049122907932,42.46957592800361,2.5151280292418328,56.33563263674218,0
2026-09-01 00:52:37,3.510940847183297,1148.201903569668,48.77157703297105,2.8786833672015018,56.98354297177816,0
2026-09-01 00:52:38,3.632864082824823,1221.7973814857737,41.91080054618875,2.7777413924788177,57.0026082843824,0
2026-09-01 00:52:39,3.531318447386498,1161.902938093246,47.304501303745496,2.4754263112823174,54.18598250432197,0
2026-09-01 00:52:40,3.439349661178426,1192.9145639149087,44.83673127997751,3.024096909452649,55.763602903110844,0
2026-09-01 00:52:41,3.54559041951707,1243.8913015619562,44.26679486032251,2.329281582746028,53.049300741312145,0
2026-09-01 00:52:42,3.4540909689781008,1239.5379656116265,45.370793312935525,1.924650201460593,60.02440503380719,0
2026-09-01 00:52:43,3.4305399630836857,1198.898496374153,46.263800678315626,1.8453696117397114,58.4326154759738,0
2026-09-01 00:52:44,3.3845637331767016,1111.593448364664,43.19119899533826,2.1456427178212847,58.248870487122026,0
2026-09-01 00:52:45,3.324817119324828,1349.640528503032,43.368424549662855,2.7449874229786686,57.382347803720634,0
2026-09-01 00:52:46,3.4610076293440555,1287.2929485136567,46.29920973022577,2.309559194959784,56.559199917985005,0
2026-09-01 00:52:47,3.5158053489920134,1236.133741244415,41.5853140927008,2.6382875925571905,51.26691254755064,0
2026-09-01 00:52:48,3.490337632998511,1162.3398109204516,43.83154181361583,2.9938850150751932,56.89990370876694,0
2026-09-01 00:52:49,3.458403307205264,1194.3203919149018,51.08137390831888,2.1699709112266583,55.34279569018996,0
2026-09-01 00:52:50,3.405425393930322,1172.8289785111742,43.06397407082144,2.643549919538767,58.79009225485276,0
2026-09-01 00:52:51,3.5608246191684967,1263.1927969548194,47.2956055835195,2.6616889217967166,57.42225754714728,0
2026-09-01 00:52:52,3.3682868080053416,1213.1251445425917,43.82809846257238,2.241778603458069,56.65114141045906,0
2026-09-01 00:52:53,3.5776027913843476,1160.7918070820083,46.01809028959429,2.906263277573525,49.94732560740953,0
2026-09-01 00:52:54,3.3997782981073277,1176.462245043761,46.30871138119244,2.413687883335157,54.732998390174586,0
2026-09-01 00:52:55,3.4247564762646965,1256.0594071284952,47.25791347036589,2.384874105726097,53.326323220289034,0
2026-09-01 00:52:56,3.3533214809384324,1280.0048923410238,44.59949234637445,3.1334839655253917,55.75709777254922,0
2026-09-01 00:52:57,3.4498597853114363,1276.4165781743122,48.97776927750971,2.6568300227100154,53.75335518567207,0
2026-09-01 00:52:58,3.5975312458477977,1237.8516032526989,43.82132687082964,2.7775871649056496,54.17216267172008,0
2026-09-01 00:52:59,3.5515628088443956,1187.3687565598682,45.46844082719912,2.9064678794565517,56.37710171472011,0
2026-09-01 00:53:00,3.5978422112028037,1037.924308733544,45.49055386443521,2.304857800162235,53.70358565929367,0
2026-09-01 00:53:01,3.5522142545933937,1214.8580011904112,42.75606376010117,2.8749463291161037,55.36477461872204,0
2026-09-01 00:53:02,3.389633017146963,1199.908562057795,44.42825549004176,2.349431765500699,50.44176432737708,0
2026-09-01 00:53:03,3.4669210775672443,1206.9991048160678,45.32302699847681,2.3366129831985107,52.50279556971982,0
2026-09-01 00:53:04,3.4219800870882535,1202.6948673516604,44.13575791374116,2.418400008307559,56.96813070160888,0
2026-09-01 00:53:05,3.633057490403904,1133.6868919025421,49.88184793091307,2.3133805495165136,51.30942364991058,0
2026-09-01 00:53:06,3.380321135357369,1227.8704278425594,43.322752652800936,2.7466469297971488,58.737175232808994,0
2026-09-01 00:53:07,3.5893697689389112,1231.6108157015924,47.35884893628086,2.580163196543517,57.92319806590396,0
2026-09-01 00:53:08,3.589295387010877,1234.116939102983,46.71291962629757,2.352632675614866,54.19531019398064,0
2026-09-01 00:53:09,3.6829620201716087,1247.3288501786694,44.972275730991456,2.7023515099464466,63.99620231650739,0
2026-09-01 00:53:10,3.45903134073705,1230.2025822460812,43.269581892295506,2.417445268784096,58.72931073354488,0
2026-09-01 00:53:11,3.571232215958016,1179.4985294230544,43.46348935921646,2.401578888890597,52.15216147988279,0
2026-09-01 00:53:12,3.7281651836538843,1196.4581576041955,43.964065401566984,2.514605165470463,57.23852216110014,0
2026-09-01 00:53:13,3.4382358323066304,1204.5562433626687,41.42851743610748,2.639038106699865,55.19758919895927,0
2026-09-01 00:53:14,3.3464959752467642,1205.3849724553309,42.99306914840142,2.616954294813226,52.66986372742177,0
2026-09-01 00:53:15,3.3119989966092236,1249.9108827985865,42.03504696927271,2.3910252453241507,51.79027257050137,0
2026-09-01 00:53:16,3.571271202886133,1232.1834376511244,47.691750006355434,2.7541333622318205,57.98468000466514,0
2026-09-01 00:53:17,3.3116849791941414,1303.8671719784977,46.236924784776434,2.433281754676103,53.206163606127596,0
2026-09-01 00:53:18,3.462768094706208,1310.3234489942336,46.57194819773092,2.3035046534173844,54.694370934888845,0
2026-09-01 00:53:19,3.543731318703896,1203.9824791306962,46.1776639030839,2.0595935053697945,52.23692221532041,0
2026-09-01 00:53:20,3.5185175536829916,1008.1672225770316,45.333935246668325,2.794953544299706,52.75552618810423,0
2026-09-01 00:53:21,3.542544486418417,1261.8416233063633,47.92136066425827,2.5037170228582024,54.61921239978558,0
2026-09-01 00:53:22,3.5222289855800852,1172.9811830506474,43.77847468853653,2.5632617075531545,56.16454687817245,0
2026-09-01 00:53:23,3.6278865813313392,1159.9258039084496,45.21333931073409,2.8137408747098545,47.23492250934565,0
2026-09-01 00:53:24,3.4047683619261204,1180.0777362505316,46.494117655648246,2.356778130520655,55.05075939750025,0
2026-09-01 00:53:25,3.432300486154147,1177.6678476592697,42.35758153628774,2.0876802254577616,52.76163696224489,0
2026-09-01 00:53:26,3.4227340554729175,1230.6134905052697,51.1931777922851,2.5209342106645654,59.20708796035068,0
2026-09-01 00:53:27,3.583019181186261,1122.0282110436888,45.05713152555517,2.5923884656240888,63.82825793801631,0
2026-09-01 00:53:28,3.590039858839506,1146.1139627104199,45.28397890115119,2.421145280151888,53.922162895138854,0
2026-09-01 00:53:29,3.5451225319318507,1217.1579277098708,47.513756063349845,2.942121273422851,49.83331431786041,0
2026-09-01 00:53:30,3.6183493666889928,1231.1472015206655,46.829910666020446,1.754150029683593,55.3506309097557,0
2026-09-01 00:53:31,3.382195913262362,1232.0770822468005,45.07615603879292,2.836016991369935,54.38371201152039,0
2026-09-01 00:53:32,3.6667224111551135,1160.648186053335,45.26025887619608,2.7373460951092676,60.91405194700387,0
2026-09-01 00:53:33,3.652323862171226,1151.086717536688,41.99170293810404,2.637031233310138,59.99976803012663,0
2026-09-01 00:53:34,3.5735621997245746,1174.668258310604,43.88706844430005,1.4992295351592713,57.596124911789694,0
2026-09-01 00:53:35,3.678179890877106,1211.9936376142361,46.03442043231792,2.8851666349810805,53.239917756362026,0
2026-09-01 00:53:36,3.3343376792322226,1274.2738684636274,45.88778567808577,2.1920697668092344,57.03329969854241,0
2026-09-01 00:53:37,3.4475551863737346,1097.6281407114625,47.44233150000817,2.347692406484984,55.79501907720491,0
2026-09-01 00:53:38,3.4264696539318047,1188.9635621520817,44.75899788355335,2.4488222005629794,55.72396960989817,0
2026-09-01 00:53:39,3.572147932375734,1133.3660779487398,42.22542697313827,2.6222254103955924,50.325310454296385,0
2026-09-01 00:53:40,3.3949859260397854,1117.3878661323256,47.11346086155135,2.691828412657765,58.18538601536094,0
2026-09-01 00:53:41,3.5757495149337486,1248.3478322672408,47.87217869236403,2.767852166295789,55.32342498493371,0
2026-09-01 00:53:42,3.6370536143996715,1227.231228724967,46.79648914571246,2.7447560530235546,54.69747595736627,0
2026-09-01 00:53:43,3.5695202900083998,1222.471675797363,44.672732658285014,2.5758781612639376,53.19953051497352,0
2026-09-01 00:53:44,3.5283751023661503,1246.0512919865496,47.08877210375316,2.6247767977172773,52.61915050103987,0
2026-09-01 00:53:45,3.401212665909925,1176.0140551616932,51.857820956016425,2.172773885253326,55.95177574383695,0
2026-09-01 00:53:46,3.4153149033874635,1178.3681241833235,45.23030462888095,2.2746919579542935,49.752511594425755,0
2026-09-01 00:53:47,3.6249618905296668,1309.2865308361288,42.37652661550975,2.7686380671024495,57.368496278950126,0
2026-09-01 00:53:48,3.577934900390533,1187.6714472870212,43.827429900895694,2.7511628460186044,51.83768368901294,0
2026-09-01 00:53:49,3.4960980480622457,1236.7566056527046,46.2509520006081,2.717139824933326,48.82395794138412,0
2026-09-01 00:53:50,3.458209045423411,1200.3190770481658,41.79039137820387,2.345674971503042,60.46568594777806,0
2026-09-01 00:53:51,3.297419212688862,1107.5870734960793,45.33880614982414,2.773147639583109,52.42573885196327,0
2026-09-01 00:53:52,3.392914758131556,1097.7685498099365,45.760673300631765,2.1516266642558928,52.833522515434915,0
2026-09-01 00:53:53,3.6911419087139725,1171.0507890030049,48.070243479625304,2.823207942958682,58.40361499302422,0
2026-09-01 00:53:54,3.3719544428997534,1252.8050625834994,47.620389712108604,2.421738759626233,60.563292701549926,0
2026-09-01 00:53:55,3.518947982122108,1239.4145828318,46.72916958350354,3.0052511219021896,50.40099526418971,0
2026-09-01 00:53:56,3.6007443973195197,1245.7038582112016,40.67464197897094,2.0435673723803545,52.13149581924799,0
2026-09-01 00:53:57,3.3745077331997706,1150.6476910531842,46.84210625609585,3.0290212137755566,52.35196353351821,0
2026-09-01 00:53:58,3.5184710474781085,1280.7936245061157,46.41102677212049,2.3915607012509614,57.804404988086965,0
2026-09-01 00:53:59,3.5937915537510654,1151.7553349906807,45.51188875415669,2.3861562231964766,59.9173963837886,0
2026-09-01 00:54:00,3.501249932190725,1210.6412199334984,41.53955574770903,2.558451645695679,51.759242315265766,0
2026-09-01 00:54:01,3.7868403055666766,1199.4823855046131,43.44645218162588,2.290876326159791,59.24423601390466,0
2026-09-01 00:54:02,3.3331400741121806,1191.3063089842706,42.66635446093187,2.478301299609308,52.872897665413895,0
2026-09-01 00:54:03,3.605872852988388,1266.9296069147804,40.969983120985816,2.2787121204187435,56.00836870883672,0
2026-09-01 00:54:04,3.4827198262603534,1164.744473991702,44.99416969717041,2.2896809407062437,51.185638901716544,0
2026-09-01 00:54:05,3.5771920154836674,1132.5197372144037,43.40435575711444,2.6460657850901717,54.63420875925401,0
2026-09-01 00:54:06,3.5441307151699246,1200.999774310321,50.25061116053782,2.229530351408945,54.666661857781854,0
2026-09-01 00:54:07,3.426684380289,1180.0086632856737,44.66245612112418,2.2695417294983553,54.05452508105418,0
2026-09-01 00:54:08,3.522899639245934,1368.8691459541324,47.58750631173192,2.088162625076077,56.15491294395909,0
2026-09-01 00:54:09,3.314209854860171,1233.8253738219987,41.861801950613554,2.3488207960115983,51.97890740544242,0
2026-09-01 00:54:10,3.5603247500571396,1179.5329712390687,43.93982082799026,2.8934806089171765,52.348830105439475,0
2026-09-01 00:54:11,3.5298158465990523,1147.1944215406456,45.19379575206863,2.2462199079691096,56.313616434848065,0
2026-09-01 00:54:12,3.5638660168643104,1105.9855794715609,43.18369210278466,2.2805100204438276,59.026105992927185,0
2026-09-01 00:54:13,3.605811832508715,1148.7390457131282,44.155598630390514,2.558176583944461,54.93155891785623,0
2026-09-01 00:54:14,3.536761984020971,1205.7470885879566,44.564098187512926,2.3887610698601422,56.51101232038652,0
2026-09-01 00:54:15,3.5148089419798274,1271.3664325797386,44.53218402911021,3.168446330004895,57.27424003089202,0
2026-09-01 00:54:16,3.4118931663338707,1256.084457119396,48.710237146070696,2.451241610597123,57.49151556590047,0
2026-09-01 00:54:17,3.428777923635095,1211.454741582319,45.75645257086302,2.6005655038652113,52.13942582249008,0
2026-09-01 00:54:18,3.618673462017733,1183.8416167148757,45.95902112588261,2.7831306354397967,52.66896930938529,0
2026-09-01 00:54:19,3.643633540570598,1213.4406178206077,46.07930954869014,2.777373359758855,52.929776218169394,0
2026-09-01 00:54:20,3.4761889563687944,1174.0681001257713,46.22525275467422,2.569986274467214,60.785901402681894,0
2026-09-01 00:54:21,3.5046002747253273,1285.9181997881938,44.83422603225027,2.4516617539941996,56.52457881751571,0
2026-09-01 00:54:22,3.4095385625006234,1190.540490936246,44.358507257042305,3.107208560913777,56.38994716115505,0
2026-09-01 00:54:23,3.6172756845267444,1195.6831070876638,45.33363211903656,2.47007191740572,56.09870725955122,0
2026-09-01 00:54:24,3.566541682369178,1089.2088787489665,47.31360789782695,2.367492968671456,51.0376197891415,0
2026-09-01 00:54:25,3.6941217436463747,1190.228257673862,47.252476376872764,2.3062453035117945,60.81457141233112,0
2026-09-01 00:54:26,3.412167692282026,1241.824206898247,44.519203048623176,1.9819590391879731,56.437562592360884,0
2026-09-01 00:54:27,3.4621992100981784,1146.6138711480728,46.535687389336225,2.746484725671149,57.169480337964856,0
2026-09-01 00:54:28,3.523144592252557,1162.4639832753594,44.61083067392067,1.795579480869752,49.703436133252595,0
2026-09-01 00:54:29,3.564648953772577,1239.6355508866832,45.067741098870485,2.498283147728524,57.33893155708456,0
2026-09-01 00:54:30,3.4784332362452366,1126.1671388240973,44.052953236891604,2.4385418097185845,53.93136264961712,0
2026-09-01 00:54:31,3.41270389095463,1252.890050377096,44.63670972218753,3.171989557669434,51.03165107582129,0
2026-09-01 00:54:32,3.588140752892357,1173.392805491345,47.68266013909936,1.950504631385912,52.13870900238461,0
2026-09-01 00:54:33,3.572113536254558,1180.57158897544,45.184842294678475,2.229669013904693,51.205317374639904,0
2026-09-01 00:54:34,3.4083725899436277,1143.8060797437204,45.27056501710464,2.459171062395505,51.15464741465617,0
2026-09-01 00:54:35,3.6355442801105498,1218.902313021394,42.105564441484084,2.4407411987592496,55.181643461092634,0
2026-09-01 00:54:36,3.6170198709196604,1322.993599251469,44.38151218473454,2.3351366227569867,53.839711633805045,0
2026-09-01 00:54:37,3.5134296497247792,1239.0748619730316,44.51737019251054,2.47570362717935,56.00220808648416,0
2026-09-01 00:54:38,3.5079597862376035,1156.7857369029732,43.34171302911319,2.1221311813390775,60.027927613204014,0
2026-09-01 00:54:39,3.5554057771115906,1256.7810292745737,45.043330823407125,2.6071578636984816,54.61148885911799,0
2026-09-01 00:54:40,3.413829692974374,1184.1660227032876,44.14163541954469,1.8035543973767265,48.26533211812472,0
2026-09-01 00:54:41,3.503003147916408,1268.724249071378,45.15999171048716,2.492269193236823,54.274125365356554,0
2026-09-01 00:54:42,3.284761645539082,1240.333820108218,45.24300601963787,2.319892991720928,58.580183309193615,0
2026-09-01 00:54:43,3.5876455645502934,1052.8429217264134,43.08849128435471,2.8048863828269908,54.74218158250951,0
2026-09-01 00:54:44,3.343850677755814,1149.7960183522487,44.20259643503362,3.026593321189991,59.587991961075105,0
2026-09-01 00:54:45,3.6503419828429,1247.2192611417695,45.154748565521665,2.4006843493748926,56.35882477941345,0
2026-09-01 00:54:46,3.466987990603355,1207.5828636072508,47.36859886231345,2.917217778742429,49.485190796807835,0
2026-09-01 00:54:47,3.4788333018068824,1148.8122026146075,45.51343834559148,2.4051651158108767,55.32874675131507,0
2026-09-01 00:54:48,3.4372266093915496,1168.3205242253093,43.67612964016514,2.210162043061273,55.89100388279419,0
2026-09-01 00:54:49,3.4711961126077924,1104.688168995531,45.7980095184877,3.023771089655686,58.241067403820935,0
2026-09-01 00:54:50,3.6418531345148035,1195.5813356236802,48.41509777864352,2.656232933420202,60.458909714834704,0
2026-09-01 00:54:51,3.251219134346492,1310.534486300788,46.83341294517804,2.501331556782944,57.723176559126095,0
2026-09-01 00:54:52,3.6276965386088187,1240.2466695366163,46.09505306087124,2.7061532425295947,56.32143939216165,0
2026-09-01 00:54:53,3.533802348110171,1309.5208500594213,46.45118035096464,2.58226451053905,57.02856481473504,0
2026-09-01 00:54:54,3.3792978352142784,1244.119854489499,47.87990808285726,2.4792341776175446,54.495979580651294,0
2026-09-01 00:54:55,3.3924687606950763,1251.3739671676346,47.15125358803532,2.102069551807601,50.61136648957771,0
2026-09-01 00:54:56,3.6676393027208203,1298.7039343872511,46.133520762235314,2.41883897885162,55.12448825866858,0
2026-09-01 00:54:57,3.405449312005727,1218.8631629671113,47.13728443918017,2.686976627037542,56.09587098237672,0
2026-09-01 00:54:58,3.384664948940404,1190.638633924656,42.83669780747188,2.4631685722939567,51.38902712226423,0
2026-09-01 00:54:59,3.613731454236473,1251.6328758311006,41.99546949531944,2.770697728339116,58.97986491849983,0
2026-09-01 00:55:00,3.5338552876285916,1272.6920118560943,45.31419730128766,2.6150965071600365,58.0162330464473,0
2026-09-01 00:55:01,3.40620744234636,1176.0017678643896,45.13736141930108,2.236559104574378,50.884715754136394,0
2026-09-01 00:55:02,3.521662497540462,1163.9215458829985,43.912179892973484,2.104248412650363,59.097496866369625,0
2026-09-01 00:55:03,3.3974247316359723,1206.942801621544,46.65170533965542,2.4528464500209495,54.075056892370455,0
2026-09-01 00:55:04,3.6100821398422607,1241.574943346583,41.274272827097526,2.3427314655686238,52.664525304644954,0
2026-09-01 00:55:05,3.606137096487313,1239.9045524330782,43.930455487884394,2.6008965428865056,58.237833078239575,0
2026-09-01 00:55:06,3.5532006198821944,1128.7916199906201,44.03008891024477,2.284558702371181,54.84683676171983,0
2026-09-01 00:55:07,3.5361661061247016,1295.580303353166,41.72739642980108,2.315382302273537,60.697555962510606,0
2026-09-01 00:55:08,3.676118812486737,1167.9417535301575,47.98946201453861,2.8159209152784737,52.44133586833975,0
2026-09-01 00:55:09,3.4999686327388226,1186.7467501555711,42.28159746267335,2.544460890588369,49.805027428082035,0
2026-09-01 00:55:10,3.3818125874579197,1154.867282000609,43.82331988538463,2.289181880371812,54.158685156501576,0
2026-09-01 00:55:11,3.5449473912832308,1334.9164417968543,46.81595951561027,2.5052925426205057,57.367667497181415,0
2026-09-01 00:55:12,3.708604704953711,1212.1035335143984,46.29209068685746,2.913673372900505,52.21857104339337,0
2026-09-01 00:55:13,3.3985240506814147,1157.4512459659218,42.78365060703051,2.588136006482417,51.00969885160036,0
2026-09-01 00:55:14,3.4638537233306015,1243.1961774981223,46.364978418521275,2.677885242827539,55.68678220810826,0
2026-09-01 00:55:15,3.5416446038101452,1238.4567889655016,45.57956895731645,2.2743296390417673,50.60893836949745,0
2026-09-01 00:55:16,3.4946095150994263,1190.6136488210059,49.66607112422294,2.80792581314038,55.92007809884024,0
2026-09-01 00:55:17,3.4017696419622685,1242.0303356391692,45.80788083213661,3.1954306781391404,53.978130846315466,0
2026-09-01 00:55:18,3.6121857856230473,1158.7354019584568,44.717516357862934,2.262559707246144,56.48339946505712,0
2026-09-01 00:55:19,3.732004072201726,1175.3540862525374,43.28699608576115,2.145431807688403,50.8485135882262,0
2026-09-01 00:55:20,3.5196131459023907,1099.489167271697,43.511513266088855,2.5526626731505444,58.89448945433171,0
2026-09-01 00:55:21,3.4095931710264,1133.802445789022,43.348461809063686,2.762651514953323,54.45089654501893,0
2026-09-01 00:55:22,3.3451039474946525,1290.3815402835344,47.74219762782384,2.4725830983849217,57.29056800371447,0
2026-09-01 00:55:23,3.525797598122118,1282.0714313861158,45.035939830032945,2.184038081187201,57.87962638385467,0
2026-09-01 00:55:24,3.610387734331626,1203.2894324324482,46.13049424794946,2.467424751465883,51.52766514290213,0
2026-09-01 00:55:25,3.547516774649538,1283.146572359492,48.028495199961775,2.6794276818332365,57.64677252882423,0
2026-09-01 00:55:26,3.499759615908115,1191.9962756695847,40.283071715585066,2.377890451916182,50.72479967456702,0
2026-09-01 00:55:27,3.4410728348210693,1187.8294848716046,47.55774752940075,2.6821765053264763,50.88958677172032,0
2026-09-01 00:55:28,3.390783636728191,1202.8255324232778,45.11079382356667,2.849413235571973,60.8919977079653,0
2026-09-01 00:55:29,3.583475132632488,1193.7539202338216,45.87009674328089,2.572069187731134,58.33556010638988,0
2026-09-01 00:55:30,3.5913771621385586,1189.240183821991,43.3431935565035,2.4916156686165123,61.220992526301266,0
2026-09-01 00:55:31,3.3454270213309267,1257.1699053574775,43.48975120310296,2.7488031775678845,53.889357908176265,0
2026-09-01 00:55:32,3.6589838978180684,1207.5067826978102,45.97769177962598,2.2431697517688307,55.30728599223403,0
2026-09-01 00:55:33,3.5574071220894004,1235.6240882216903,49.76919560066294,2.2135870498921233,56.58206424025709,0
2026-09-01 00:55:34,3.6399594645145794,1251.5690262638666,47.006626625629806,2.4200283145213044,54.96341330021831,0
2026-09-01 00:55:35,3.3657872251514886,1219.4092897827368,47.53104584283708,2.3524361635556597,52.761591937912286,0
2026-09-01 00:55:36,3.363417584458456,1151.486433704588,44.61599745947716,2.2589974074128576,52.31174590635985,0
2026-09-01 00:55:37,3.4851030690232703,1132.356705551798,43.799591550828744,3.0491405424996323,55.64158669848685,0
2026-09-01 00:55:38,3.5502784426895193,1207.4390317403652,43.438390096842014,3.1515979628482875,51.799420475013086,0
2026-09-01 00:55:39,3.6796360822926966,1191.4371847587533,44.02345255060662,2.3938884873233253,51.71540952289944,0
2026-09-01 00:55:40,3.5706078913815134,1204.3695714460061,40.89443513365895,2.5275156849245097,56.18071603346378,0
2026-09-01 00:55:41,3.475731872318797,1199.1972980375706,43.550161314216794,2.4436471539808626,54.714521945543154,0
2026-09-01 00:55:42,3.397363079233411,1329.1786830083283,43.87929368788031,2.8322497720354467,57.811618811745056,0
2026-09-01 00:55:43,3.623000057271915,1133.4886872179331,44.64928365121032,2.8916936685520143,53.72526576975147,0
2026-09-01 00:55:44,3.4035294574249284,1100.5026865089437,45.26350021949458,1.9668208603931059,53.256232150073394,0
2026-09-01 00:55:45,3.662846855477232,1216.6188416759805,45.72490173725122,2.6428032400196875,56.27066018810641,0
2026-09-01 00:55:46,3.471561535039349,1181.1788722705903,44.97014925511408,2.1079535976516555,52.56392537633852,0
2026-09-01 00:55:47,3.659058207261785,1215.8033934864975,43.83711382731449,3.0274816473625834,53.02561682332994,0
2026-09-01 00:55:48,3.567893129005928,1229.1941511142002,41.073282713468956,2.6320744090631196,53.144636828861756,0
2026-09-01 00:55:49,3.486300451055754,1264.205234758945,43.84938278319641,2.252995138491209,54.370893681113344,0
2026-09-01 00:55:50,3.448060362817387,1124.6387089808031,43.05509872462599,2.427603583618644,60.31730962988771,0
2026-09-01 00:55:51,3.465909212265392,1172.164105107142,45.932133496557206,2.4133068225201524,50.86963352512853,0
2026-09-01 00:55:52,3.5428316692375237,1221.4380629440382,46.818574793387384,2.657533882865745,58.88652274635238,0
2026-09-01 00:55:53,3.5077156496217716,1238.5231797843612,46.87714213411988,2.8125737812532434,57.21336026886975,0
2026-09-01 00:55:54,3.4406188591931297,1309.6724775144194,46.513905472255644,2.155537812408487,59.70093654210998,0
2026-09-01 00:55:55,3.4834368589682367,1247.7851985556933,44.732948529095026,3.0516263502736343,64.41005814496683,0
2026-09-01 00:55:56,3.507857702971915,1197.160570205686,43.95608886904821,2.981707032346253,59.29435906236357,0
2026-09-01 00:55:57,3.2871265905585187,1155.4782123528669,43.50579449266587,2.2374029297226863,57.777000843723584,0
2026-09-01 00:55:58,3.5458168114788697,1171.785507364049,41.9850021667965,2.521840538308693,51.06251094512495,0
2026-09-01 00:55:59,3.4020278775283193,1170.3648588521446,46.983707401015714,3.0132425632342947,51.44133321546687,0
2026-09-01 00:56:00,3.3846667596794253,1232.761681425688,44.65057792414005,2.869875576003245,56.08057055309566,0
2026-09-01 00:56:01,3.331265565288929,1212.8498722792915,42.50731941275825,2.3989770909856314,49.905771556241305,0
2026-09-01 00:56:02,3.320610750213211,1133.817521457891,43.34701724857953,2.744301944370362,56.846317753873656,0
2026-09-01 00:56:03,3.364455249688771,1178.2049265454784,43.26605308713489,3.3991594875157416,48.595234327716966,0
2026-09-01 00:56:04,3.429097904236951,1243.8773776725711,45.086048970030255,2.5315479945553636,58.45670015669385,0
2026-09-01 00:56:05,3.695325913752657,1217.583117748703,47.13493570214137,2.310205524567994,54.0348990641992,0
2026-09-01 00:56:06,3.4474120324104796,1228.4322308006385,44.30402090080884,2.5517259556274197,55.379790836410564,0
2026-09-01 00:56:07,3.5177750106268033,1219.1460855028631,40.4949329704327,2.573965628649195,52.754883110738554,0
2026-09-01 00:56:08,3.540048138650633,1281.3215367304429,44.62163932968216,2.3426389782999704,49.30442076933228,0
2026-09-01 00:56:09,3.513106518621585,1211.8021531912184,44.687612199805606,2.6324875203442653,58.70408583758279,0
2026-09-01 00:56:10,3.492255653927401,1180.6988601064652,44.55015953812896,2.1236796820817494,59.00710418486414,0
2026-09-01 00:56:11,3.3804706236400754,1154.212247943322,43.7450776670486,2.300339839897396,53.94553670438891,0
2026-09-01 00:56:12,3.645092754827921,1212.4804729104856,45.434878161451685,2.7274734328464394,56.98578869420202,0
2026-09-01 00:56:13,3.6807196643637887,1077.9647992612458,45.132282230298,1.9735387445373247,53.82732573936879,0
2026-09-01 00:56:14,3.3317341305877313,1190.7855499083644,44.95033937174671,2.770950277598433,55.86546953279874,0
2026-09-01 00:56:15,3.397597140911362,1189.7080070039328,45.82528272288593,1.896405590288289,57.27741759676033,0
2026-09-01 00:56:16,3.4720189657622993,1131.776457319136,44.14033435370429,1.9806026263371055,56.66525477372162,0
2026-09-01 00:56:17,3.403546220508981,1153.5867080672,44.026828660598696,2.350306377083234,59.022908840228034,0
2026-09-01 00:56:18,3.5505965553455865,1240.4828765074121,47.7602465791708,2.586059152845805,56.556642027116006,0
2026-09-01 00:56:19,3.4271727797593385,1211.5355874537481,46.11871081943087,2.8975790809382165,55.08425385111578,0
2026-09-01 00:56:20,3.71650560678066,1205.0894166853664,46.6538921218856,2.5172868289478787,52.71574309636773,0
2026-09-01 00:56:21,3.6190548594343595,1215.317376696601,47.452209170668134,2.426033917727203,53.564483859028236,0
2026-09-01 00:56:22,3.5212574030632213,1204.6313793974462,46.0518883612496,2.6738743743954414,57.430154190175045,0
2026-09-01 00:56:23,3.602698626331973,1262.1431281429157,46.85677735827234,2.2387303538596197,50.49452044325764,0
2026-09-01 00:56:24,3.6105900424357307,1206.1714590851825,41.84130967585948,2.541824547803922,58.31742191023839,0
2026-09-01 00:56:25,3.4436052511941755,1127.0893443090624,45.408307743992054,2.140166122613392,54.1565688219564,0
2026-09-01 00:56:26,3.4183782755458036,1281.5064982437204,44.63456307637134,2.524777155062624,52.54418228677633,0
2026-09-01 00:56:27,3.507814306296965,1218.5170133664424,48.35536818179962,2.461049102245179,51.7038274696556,0
2026-09-01 00:56:28,3.5861636124497944,1170.5373134602467,46.8552910636066,2.2587196235651748,57.023103356945164,0
2026-09-01 00:56:29,3.5139060398653417,1137.3299140852491,43.73910961841364,2.549512190961322,54.95607593859005,0
2026-09-01 00:56:30,3.3423003517809002,1219.7957110479022,45.74558831705841,2.5475648959478927,59.76629566968946,0
2026-09-01 00:56:31,3.4197175556049157,1194.1413997512811,45.33536266689848,2.8526362037017403,51.21077304842224,0
2026-09-01 00:56:32,3.4926027136405624,1278.7073393016203,45.90866286630446,2.0183099790811636,53.26550913081441,0
2026-09-01 00:56:33,3.492433439567417,1182.7046359666585,42.9623150612507,2.4771853276908873,54.72333652561776,0
2026-09-01 00:56:34,3.6972542176789807,1158.1309605158767,45.72003293047645,2.2719212800889563,52.7444297680902,0
2026-09-01 00:56:35,3.3614012057601004,1244.7898109117964,44.543697301423535,2.7609286174528878,55.018355992425406,0
2026-09-01 00:56:36,3.5505589241835875,1246.2640946358415,45.5648995281112,2.72617361955764,55.958502299246554,0
2026-09-01 00:56:37,3.648911310832829,1208.4325683805098,43.551229669755664,2.6523639535205863,56.45345271738922,0
2026-09-01 00:56:38,3.7271449745422798,1233.8178523837455,43.829873657206804,2.2888500225791613,59.518501392653384,0
2026-09-01 00:56:39,3.459560257681604,1198.115643962888,47.347684040733405,2.7656411748820284,51.08958271365526,0
2026-09-01 00:56:40,3.54914294527202,1211.6932550504623,42.89690488331968,2.0409607213770005,56.01328095980593,0
2026-09-01 00:56:41,3.5569760357198645,1258.2495441281962,43.0444911979159,1.9794067889221685,53.0591715412355,0
2026-09-01 00:56:42,3.519548173155329,1231.2659167010752,44.896837485568845,2.117238700029423,56.29004014007075,0
2026-09-01 00:56:43,3.4901154798760694,1191.5362780833689,43.45621924962809,2.489957556901928,56.29399655905914,0
2026-09-01 00:56:44,3.5435975389500047,1267.6181272963076,43.2299427354744,2.7025493202964883,52.03924185030301,0
2026-09-01 00:56:45,3.2467753914780313,1081.7572313604244,45.21015194241659,1.6071902577971426,52.29654297209774,0
2026-09-01 00:56:46,3.5682069490062633,1302.6036655710968,41.98986828619259,2.896822849563936,56.534929190408725,0
2026-09-01 00:56:47,3.5126177903661966,1114.7020452554632,42.984075530172724,2.5393336588535305,55.070213532232394,0
2026-09-01 00:56:48,3.4777525103221736,1168.6453587613853,49.10819116584729,2.0296682957230674,54.341134477805184,0
2026-09-01 00:56:49,3.704686219571956,1197.9541232402466,45.91895011793802,2.5302840910868745,56.973960489324924,0
2026-09-01 00:56:50,3.432506598120945,1192.675966463592,43.50687329546018,2.827757624403526,57.19515542758639,0
2026-09-01 00:56:51,3.459692401093497,1250.3205520013278,45.836430156532394,2.6798323045918777,53.41110966189489,0
2026-09-01 00:56:52,3.6991553302204734,1147.1081690694882,46.13466095397326,2.82972191876619,52.4438405870725,0
2026-09-01 00:56:53,3.4167938695150144,1213.0383408741532,46.988828840180474,2.0901260111808666,51.214243069487075,0
2026-09-01 00:56:54,3.444988471706346,1171.0893950890122,44.74568794108654,2.3757984294584786,55.10036236060446,0
2026-09-01 00:56:55,3.485297457656915,1214.7570489668708,46.95299540554578,2.2225923308429403,50.73051916855431,0
2026-09-01 00:56:56,3.584073448212955,1196.761387010106,40.923106950235656,3.0152740615132956,55.298285374687104,0
2026-09-01 00:56:57,3.5207802507353314,1204.6467826341488,42.887383739048495,2.691808853045989,58.65051037427332,0
2026-09-01 00:56:58,3.370737465284774,1172.5037583767828,45.32774280347291,3.3541028766872922,53.93962068914115,0
2026-09-01 00:56:59,3.446783143687281,1174.4968024951959,45.65926706561558,2.3597171399748316,53.39138715837951,0
2026-09-01 00:57:00,3.4392645566787787,1214.3636257013713,43.176435424662714,2.2825977364953087,60.99353432088144,0
2026-09-01 00:57:01,3.4922778954776956,1247.1857752878022,45.518839982526316,2.457152008421455,59.529105457562935,0
2026-09-01 00:57:02,3.5425843658629828,1170.0860332901077,43.75231950262548,2.913507166426765,52.706206388333754,0
2026-09-01 00:57:03,3.541820575588797,1156.5616227713545,44.44608181154567,2.390164093187396,55.41703954317693,0
2026-09-01 00:57:04,3.32239882459516,1230.6730082835918,47.04954760133002,2.5373312793720832,55.98603472704425,0
2026-09-01 00:57:05,3.6063940987560854,1198.3748053471156,46.8178749937772,2.529007210866046,55.610981268178534,0
2026-09-01 00:57:06,3.525256884599662,1241.5249066992976,43.00587934527348,2.5118490283606567,60.44402034313836,0
2026-09-01 00:57:07,3.6384532047593905,1154.7101393314426,42.88549707595979,2.3042804618612567,55.26168967725826,0
2026-09-01 00:57:08,3.544419832729067,1111.0280537288284,44.17765320889337,2.45881267962689,55.71170462689305,0
2026-09-01 00:57:09,3.6101322957735764,1173.3497959086833,44.94650739765415,2.4459692195945926,57.065986885439244,0
2026-09-01 00:57:10,3.5466545311450126,1161.682369536749,43.68420302285052,2.4977306020976053,58.569759148143,0
2026-09-01 00:57:11,3.634622575620275,1196.060579995985,47.08128488559934,2.7830550454458125,57.81069758291232,0
2026-09-01 00:57:12,3.552225063601778,1168.1577392864806,45.69477968341711,3.0281884103873478,56.614254358934915,0
2026-09-01 00:57:13,3.4902084753557094,1237.0508475668225,45.81217021974886,2.247869571199088,50.32390058381827,0
2026-09-01 00:57:14,3.7272434720446883,1185.5924868788743,42.46692234211006,2.3824019125636857,53.53558682782472,0
2026-09-01 00:57:15,3.588903712227989,1207.523724938695,47.33458143476756,2.252496430478144,57.458263621615814,0
2026-09-01 00:57:16,3.5573744421004414,1207.8817279220473,39.359662355518616,2.5561304611666817,55.75119609183792,0
2026-09-01 00:57:17,3.3723695583461666,1209.7477546206094,46.66811090369874,2.3384951627467068,57.478385901468855,0
2026-09-01 00:57:18,3.3711692382536462,1198.7935444772513,46.86862347534154,2.5719390501225967,60.66149818501374,0
2026-09-01 00:57:19,3.529271548214185,1225.5300345205158,44.13519762544408,2.831088073133436,51.469110384822024,0
2026-09-01 00:57:20,3.514552119776824,1160.2172433087096,47.54582043449485,1.7422504942586174,58.41373052441375,0
2026-09-01 00:57:21,3.4385877434991685,1269.970896332694,44.87380489409131,2.647533966880207,54.008909612519105,0
2026-09-01 00:57:22,3.514098269961206,1188.1731308315732,45.12486340665489,2.3619438853306365,57.806049457824194,0
2026-09-01 00:57:23,3.6588626928043597,1134.4225431050659,45.67905757480843,2.6381266803953167,54.87633776989565,0
2026-09-01 00:57:24,3.5695402474550297,1209.4036678495886,51.37314982362211,2.23105916867494,61.381013616678985,0
2026-09-01 00:57:25,3.385899149024726,1157.4409758776258,47.68886781616601,2.8588782964920627,55.390260808785214,0
2026-09-01 00:57:26,3.4888491172857057,1233.2667267254437,46.40226240142584,2.7739841854120852,53.07845732693206,0
2026-09-01 00:57:27,3.4195033519147437,1310.4802788021188,43.17439102679761,2.670505644562793,56.2596238683753,0
2026-09-01 00:57:28,3.461230008359144,1160.6713954221075,45.28717965095898,2.7379677153430295,55.97182834215481,0
2026-09-01 00:57:29,3.4586384334370357,1216.6186166611992,43.373751812307226,2.276313859848348,58.41429128233134,0
2026-09-01 00:57:30,3.4522354417395995,1112.2247205647686,46.64422169456562,2.314112873593213,56.34415839581477,0
2026-09-01 00:57:31,3.3744864628026603,1222.6952614720674,45.28093395146971,2.725730860245244,62.42519391750791,0
2026-09-01 00:57:32,3.487234531848181,1155.7143100100154,42.75095664077221,2.2696812571694163,54.66578759379318,0
2026-09-01 00:57:33,3.443939236315269,1168.7582690782758,45.16224916683701,2.9336905139974263,54.70114015065858,0
2026-09-01 00:57:34,3.2070551309997732,1144.9356755080087,43.30116506056739,2.4029226786156905,53.18834184984084,0
2026-09-01 00:57:35,3.7052972024501662,1236.6075613027367,45.30243244267509,2.6505683169581866,55.25700501506253,0
2026-09-01 00:57:36,3.608876965421667,1250.3652178736631,43.28184536726949,3.129774855776527,55.693177363248864,0
2026-09-01 00:57:37,3.4623699275075004,1201.1692607329253,45.05497526672163,2.288132993779577,55.843631589867634,0
2026-09-01 00:57:38,3.5018819049740597,1156.778664733214,46.50093972387019,2.520628525253435,55.201563026482,0
2026-09-01 00:57:39,3.3828345652682437,1279.476151805193,44.89389601614979,2.816254949391192,53.17053634981811,0
2026-09-01 00:57:40,3.6695722877810866,1162.479493612267,44.21822346565522,2.7853832166629595,52.35500461575293,0
2026-09-01 00:57:41,3.689728869477311,1091.8983850036282,45.40655244211492,2.4016554069281923,53.874478825493334,0
2026-09-01 00:57:42,3.5156693728246524,1222.9194504978534,46.3943652415857,2.344980868743444,58.42461298070534,0
2026-09-01 00:57:43,3.6023530644185344,1144.761266317924,42.78563346023648,2.4300592202364846,59.070399056474436,0
2026-09-01 00:57:44,3.5175286778933925,1249.4304396749587,45.521312309410405,2.934357329845409,54.769106390678694,0
2026-09-01 00:57:45,3.366327456112407,1180.943115166329,47.6350816380348,2.416268243092016,52.17525110059773,0
2026-09-01 00:57:46,3.4588176631036345,1230.18566202721,46.14731392655343,2.5234347077450394,54.756479169049626,0
2026-09-01 00:57:47,3.513192796677196,1270.0750173276078,45.11550829333446,2.3719640587229724,61.27499630581024,0
2026-09-01 00:57:48,3.4545452281256557,1139.557056768964,46.27947501339779,2.711664569438796,57.99690350594986,0
2026-09-01 00:57:49,3.4781346722564965,1171.7031434553796,45.904992912205365,2.546657511275097,56.652228074597645,0
2026-09-01 00:57:50,3.4908600442490885,1196.2164463671468,46.50720221831963,2.198969856772531,57.88805475115771,0
2026-09-01 00:57:51,3.491912150213454,1276.877565951717,40.95213677803411,2.2093527657895016,59.621699834023936,0
2026-09-01 00:57:52,3.505225849049748,1167.0808641029778,41.89308773267347,1.900418330033348,51.54140139535864,0
2026-09-01 00:57:53,3.3939394933603397,1170.2748152025497,47.00965829896647,2.250603577262315,53.82388039390863,0
2026-09-01 00:57:54,3.4282983850872064,1223.9070287777904,41.98944164767712,2.7381837410896517,53.41383510148955,0
2026-09-01 00:57:55,3.371541573430003,1171.1385637144715,45.80307727143841,2.89712816140368,56.76134319121295,0
2026-09-01 00:57:56,3.59778155496862,1207.6262941448808,44.295900687935415,2.7056675089651554,55.480332671918795,0
2026-09-01 00:57:57,3.2894353058159673,1122.4231289515938,43.00762150880801,2.6663896601922046,57.268933872068224,0
2026-09-01 00:57:58,3.6153590343316924,1310.7164971278298,45.69929951429495,2.462042185141405,53.47933795039833,0
2026-09-01 00:57:59,3.6386349397262845,1132.61453848453,45.40206700743314,2.732474366474196,59.115856152037466,0
2026-09-01 00:58:00,3.4697819413017377,1183.9123648004895,49.220685304192756,2.585883466924565,54.791998875552096,0
2026-09-01 00:58:01,3.23968629121727,1198.3759482078954,43.750377590928224,3.0413346915961372,57.08363665587455,0
2026-09-01 00:58:02,3.463868943803271,1295.6344067178397,47.88022024013835,2.4704664057469756,58.58621949676882,0
2026-09-01 00:58:03,3.493581583871118,1133.757710953363,45.704845828768626,2.9029024251208395,58.34537294648491,0
2026-09-01 00:58:04,3.3989401780071087,1299.1852067739376,43.677956236914575,2.762234224545358,56.08248522520539,0
2026-09-01 00:58:05,3.448478160619176,1237.858841055101,46.59849291503449,2.7206329858612475,57.45804071914763,0
2026-09-01 00:58:06,3.6530195198863353,1220.8547662211622,46.1314770089079,1.8965526023614538,60.22498199191686,0
2026-09-01 00:58:07,3.566492716230174,1150.7683156491023,45.0716865897161,2.7787568684643134,56.54080370192409,0
2026-09-01 00:58:08,3.40754358856219,1228.5570621019037,45.532590712881245,2.461747606327254,52.81106079381526,0
2026-09-01 00:58:09,3.340240083040457,1163.82566887901,43.806025937908935,2.3668220516695326,56.74915219289166,0
2026-09-01 00:58:10,3.467298268239023,1263.3330626599206,43.348425749490985,2.055126087646626,54.888156345941226,0
2026-09-01 00:58:11,3.478654322064956,1151.4468985446133,46.51888434764517,2.498323859809545,47.95599659678697,0
2026-09-01 00:58:12,3.5496199187363318,1194.3420752771958,44.55212115137345,2.5100654790454726,56.38599407110928,0
2026-09-01 00:58:13,3.4464683287432343,1172.2363455993413,44.839834003501814,2.1090994234555587,55.34995195004682,0
2026-09-01 00:58:14,3.551149957536186,1150.6238518786502,45.559643191888554,2.0580159481318923,58.46925331449231,0
2026-09-01 00:58:15,3.693515404006023,1237.0659908453956,45.53057668956762,2.6459858440384334,52.74971902753508,0
2026-09-01 00:58:16,3.5815501022444263,1226.7729373704817,42.14134705805187,2.761511539318413,50.48287101286208,0
2026-09-01 00:58:17,3.4951911492669225,1260.4505099450498,47.57250417290972,2.5570848729767266,55.50604257823153,0
2026-09-01 00:58:18,3.4816849528946707,1111.0062445895917,45.24236430380136,2.845250394905309,56.14053216281634,0
2026-09-01 00:58:19,3.4643326865820128,1253.2085351170522,44.5946934743557,2.4740845046945505,55.28149883615671,0
2026-09-01 00:58:20,3.6180640912452144,1325.2724452678447,45.861692010339496,2.4836946176799395,55.06212605105621,0
2026-09-01 00:58:21,3.43726865540487,1177.4179455411527,45.473084387229726,2.2248915913777627,51.79381913738102,0
2026-09-01 00:58:22,3.504522270899998,1294.7574306054485,46.534125378979404,2.031927406733885,54.58324858907523,0
2026-09-01 00:58:23,3.5051197901881084,1186.8419363970086,46.07596734430188,3.0563986401578753,53.954782511486755,0
2026-09-01 00:58:24,3.449821580718847,1131.3795131219347,46.43569245799253,2.839389715074924,58.21812622230232,0
2026-09-01 00:58:25,3.36275344521159,1184.7183778796602,47.701987811455034,2.0822462298584563,56.13797609209184,0
2026-09-01 00:58:26,3.532297450361767,1252.4101983837638,46.76724909794194,2.5467255723493842,54.16600863476442,0
2026-09-01 00:58:27,3.4938996028144618,1158.0911758834234,44.67902755934288,2.4699861066689,60.171654629268296,0
2026-09-01 00:58:28,3.550024046943657,1169.9830670496756,42.754197687846336,2.417802258051087,54.19327697135497,0
2026-09-01 00:58:29,3.446639969356083,1229.6769716146596,48.33559586600903,2.3772946456555184,56.67336017165849,0
2026-09-01 00:58:30,3.6220821298813046,1200.1530058369287,44.524553253305776,2.6143807440903934,54.499235999232155,0
2026-09-01 00:58:31,3.4123226218788156,1229.2311476243372,44.05378517327895,2.7454526576414424,59.89345754508401,0
2026-09-01 00:58:32,3.6712040284017893,1211.8914770379167,41.52654636447112,2.620717350708462,55.26057932744083,0
2026-09-01 00:58:33,3.3252363490171737,1223.9812659775787,45.67694621062422,2.463844487686242,55.349242683672024,0
2026-09-01 00:58:34,3.543477006455689,1178.3849407095229,45.29777320790754,2.452831984932664,54.58038892368186,0
2026-09-01 00:58:35,3.5475430682526623,1211.5865471015197,41.969770127501036,2.7810442950768,55.58953577800364,0
2026-09-01 00:58:36,3.420444293205912,1153.6313497152032,45.906548084266355,2.6390334814348186,58.598613515943725,0
2026-09-01 00:58:37,3.5424393937861014,1264.4216811251695,44.00361615859712,2.52180683891063,57.53753153405406,0
2026-09-01 00:58:38,3.627951866976016,1168.2862641591344,50.380630014577385,2.489229610719968,55.084228543348516,0
2026-09-01 00:58:39,3.2783181160645936,1256.4423743774694,43.86127761581827,2.6035811528836867,60.103975319369965,0
2026-09-01 00:58:40,3.5502744807490814,1188.3196519508567,44.12961333560441,2.359495393432165,57.61895692402771,0
2026-09-01 00:58:41,3.2506729179669924,1210.099950537866,43.25044755149126,2.746461645192463,53.68545664240795,0
2026-09-01 00:58:42,3.4034335196476793,1175.251772455465,47.55575304208394,2.17724243144864,50.858954938798185,0
2026-09-01 00:58:43,3.6629166364900945,1149.2002284415985,44.25444841107049,2.3765630470700554,53.75495859461029,0
2026-09-01 00:58:44,3.4418217966607947,1112.761980619735,43.55017169246901,2.6833318286338073,56.24004633565076,0
2026-09-01 00:58:45,3.3826120035591027,1147.233792070377,46.41391001984108,2.160135155993718,56.79160111189428,0
2026-09-01 00:58:46,3.4802062271015317,1183.804557339204,42.23929412917363,2.02809743720515,59.077413049906056,0
2026-09-01 00:58:47,3.706790633816355,1210.5939589414443,46.250221092497895,2.518923302628772,51.716362074643,0
2026-09-01 00:58:48,3.316831775279397,1250.5189656641633,48.56279943320172,1.9910625536660587,53.68253399815957,0
2026-09-01 00:58:49,3.3948690088360656,1177.7121270101575,46.13321566567018,2.1103589337844415,51.46707199037646,0
2026-09-01 00:58:50,3.6497431683179626,1155.9019617866413,46.27579663251985,2.7269782355519294,50.98360236526166,0
2026-09-01 00:58:51,3.6857702343537735,1127.8642606998644,46.740120433814965,2.4385644227182794,53.11654376214005,0
2026-09-01 00:58:52,3.4896568775709715,1224.003180895205,48.419416057351036,2.8856460849126955,56.09983673288206,0
2026-09-01 00:58:53,3.3760947297473356,1269.159725766467,47.41978792003821,2.1385556977187634,57.31418330467095,0
2026-09-01 00:58:54,3.709584350180916,1263.3165133978143,45.87933944454605,2.4718142903103146,52.15493768013498,0
2026-09-01 00:58:55,3.6594442391749196,1235.496637407362,46.807782801272005,2.619875365962328,52.57217224183828,0
2026-09-01 00:58:56,3.5678946987762234,1231.92716586338,43.22813014906978,2.1488455209613275,49.6605304740297,0
2026-09-01 00:58:57,3.418759765106258,1284.8811889854671,46.552587181494644,2.809528571349887,55.64305662483099,0
2026-09-01 00:58:58,3.4950970659161964,1216.6040730708405,42.98888805763251,2.6532036649498116,52.80358329408779,0
2026-09-01 00:58:59,3.483963991895517,1232.3064838012085,44.265955162736745,2.0172138739937697,59.98909413463554,0
2026-09-01 00:59:00,3.533085130461558,1183.9608069074,38.834875649713524,2.48867746113742,56.22942639894878,0
2026-09-01 00:59:01,3.6451001438131336,1131.897831457262,45.802859318734924,2.61578702087759,54.48566276962968,0
2026-09-01 00:59:02,3.5879417041137405,1165.8075549750213,43.71225597778329,2.322982997941583,53.076662717366645,0
2026-09-01 00:59:03,3.3922623923015243,1199.5420480732673,47.222290430408925,2.056040528347356,50.51598933941731,0
2026-09-01 00:59:04,3.6376496450019538,1203.0392686250652,45.78038522121081,2.583537636834223,50.89638466916371,0
2026-09-01 00:59:05,3.5313132140013157,1296.3142927427696,47.24819178940325,3.1633728850847684,53.1335771362836,0
2026-09-01 00:59:06,3.5687065795858914,1204.0638583795535,42.832806910654924,2.383904770252693,52.90329135392709,0
2026-09-01 00:59:07,3.6466540859278602,1258.9421722012821,47.076772074319265,2.9707723543854128,52.00248447146202,0
2026-09-01 00:59:08,3.3888419750486447,1178.2461379211843,49.21171268872666,2.2743133534715594,56.131284182327036,0
2026-09-01 00:59:09,3.4964174421293537,1184.4162057117383,46.528316599863786,2.5646636905029854,56.542796777244575,0
2026-09-01 00:59:10,3.4468545448640784,1133.5496181388276,46.58069801738458,2.731456759262836,53.62410280809482,0
2026-09-01 00:59:11,3.3432140574634546,1162.8835993561713,45.33919535278987,2.4974759002085904,60.80545680479595,0
2026-09-01 00:59:12,3.534670997760492,1226.3490695681876,43.95066243886927,2.4106793053356306,49.75981190045172,0
2026-09-01 00:59:13,3.7511556551584424,1200.3780090197067,46.522384745403016,2.7178382564051122,55.17449169691679,0
2026-09-01 00:59:14,3.3159922255494245,1247.1469309948616,41.987834179195865,3.067436534580766,54.34425938773622,0
2026-09-01 00:59:15,3.496771938895053,1209.0626974172526,44.16448975015837,2.5901760773917393,53.34789735409823,0
2026-09-01 00:59:16,3.5640542935074775,1182.3773134181129,41.45788639532564,2.3451819470408957,52.90701146196082,0
2026-09-01 00:59:17,3.512307820165618,1307.414843189348,43.59268724536983,2.443074532822095,54.97912035126293,0
2026-09-01 00:59:18,3.488687194748426,1195.3048215643475,46.28409018378712,3.2559122936936125,54.32341651803481,0
2026-09-01 00:59:19,3.3700783636554177,1258.1500484852652,46.01078675244093,2.5404721349014383,53.82437041866232,0
2026-09-01 00:59:20,3.5232786742940165,1179.9395396727662,45.10182739107095,2.3216758904266084,51.103841095031875,0
2026-09-01 00:59:21,3.4243236022984074,1235.4799739691782,45.34080198812402,2.156479625055238,50.145664546568504,0
2026-09-01 00:59:22,3.2810078295021445,1246.4007829575844,41.228270764271585,1.9522296717662182,54.13445057441331,0
2026-09-01 00:59:23,3.6194592220513733,1210.4245985287791,44.25487543885817,2.609075282153857,53.793711686510406,0
2026-09-01 00:59:24,3.5958385819842045,1082.27585386517,43.63729678712958,2.696392597847351,54.40888941916952,0
2026-09-01 00:59:25,3.505166097685108,1200.9126230428055,43.681880618970915,2.380991146010438,54.67413460633147,0
2026-09-01 00:59:26,3.5229074688205704,1261.5230023879988,46.199157255627505,2.4955088745907137,53.43249297435155,0
2026-09-01 00:59:27,3.6074318012715563,1226.3740416513865,43.27898534698938,2.148861487213413,54.36277772854538,0
2026-09-01 00:59:28,3.5224339656778083,1222.2919437614623,43.790638299745176,2.5398785394482504,52.43941507568952,0
2026-09-01 00:59:29,3.5904017554761314,1113.887153302124,40.82586150858097,2.6444485961701374,59.571837427489854,0
2026-09-01 00:59:30,3.470251779912615,1163.9772464662472,44.411753639247664,2.3394507198497085,52.60077955555009,0
2026-09-01 00:59:31,3.6311983738573947,1220.567881557572,42.82432490457276,3.007135800875752,53.88705787160398,0
2026-09-01 00:59:32,3.532078572593268,1220.5191638393446,45.158405857379286,2.2488681019759267,52.82863363265836,0
2026-09-01 00:59:33,3.5194051943605875,1260.733339006645,43.09778390651507,2.5850429812056945,52.77825537938529,0
2026-09-01 00:59:34,3.3729938911287967,1192.7566622426953,45.20908449109843,2.754495165911382,55.07392469991384,0
2026-09-01 00:59:35,3.528695585430171,1220.2912043336908,44.71062847851531,2.476813149955185,54.69329737035096,0
2026-09-01 00:59:36,3.416804508250555,1200.8187120965647,48.34408354608464,2.4434569543316527,53.62161882887437,0
2026-09-01 00:59:37,3.4361717273471504,1150.6528631749222,45.99443596090639,2.0713401548651014,54.149572025337065,0
2026-09-01 00:59:38,3.418462437168388,1087.2104334452627,41.320724254875394,2.907202448714885,52.84055934702019,0
2026-09-01 00:59:39,3.3933765068100774,1221.550484606504,42.470222311794586,2.449032039499721,56.205176913178484,0
2026-09-01 00:59:40,3.7124771403016963,1208.6973604206405,45.11041601798467,2.6612096274804475,61.165578227772144,0
2026-09-01 00:59:41,3.6331339061988404,1169.0912478949915,43.140304103214696,2.701816146358042,52.375476168300345,0
2026-09-01 00:59:42,3.692036750214426,1119.0413471742067,39.063263139528296,2.311510452394674,56.18188967120381,0
2026-09-01 00:59:43,3.3777104980444435,1231.486975720437,47.69909262766749,2.4407414187126357,55.13484687106213,0
2026-09-01 00:59:44,3.507125374991089,1186.7039962902224,46.44044803381082,2.900344705223051,57.00588927439777,0
2026-09-01 00:59:45,3.3706492374795904,1227.8437361184074,46.041953746983545,2.1648407002778667,57.09037888148821,0
2026-09-01 00:59:46,3.4304305122802936,1293.202426520588,43.78535390905817,3.1383754224271767,55.61623809165598,0
2026-09-01 00:59:47,3.4081873016583426,1092.9284559840148,45.855353542019856,2.2765381644171176,54.8805382716547,0
2026-09-01 00:59:48,3.623958400644156,1165.019959564882,43.591279351558235,2.1461447630078463,53.696649401054664,0
2026-09-01 00:59:49,3.460377032189824,1189.5312193344043,45.40971460043538,2.5396927062065604,52.7051189406741,0
2026-09-01 00:59:50,3.606837933369402,1272.7413087073326,43.158833548327046,3.162504479301961,54.70946301714464,0
2026-09-01 00:59:51,3.5604120889588518,1118.1798490396757,48.03257690111203,1.9267102193223384,51.146233505746956,0
2026-09-01 00:59:52,3.730363875210479,1296.7930512840303,41.85952669183631,2.4576952844530924,53.218432029647595,0
2026-09-01 00:59:53,3.3520555776860275,1206.7927950783146,47.46456765902166,2.6428795051769667,58.320560873417705,0
2026-09-01 00:59:54,3.6259233239786797,1195.199966913307,45.07783165603466,2.5100949875606595,55.295536663239076,0
2026-09-01 00:59:55,3.6146440870400727,1190.0970118390546,44.021066009316016,2.614576501000903,57.67799325680665,0
2026-09-01 00:59:56,3.4026621161972965,1178.1868483909986,45.33400584339147,2.284590075348318,59.40893165997527,0
2026-09-01 00:59:57,3.600713333647316,1252.4058379634578,46.46669601435636,2.3200834462205857,54.46891163225555,0
2026-09-01 00:59:58,3.533614496302623,1146.5739622958781,47.73349347338879,2.45547320585224,55.621977502580926,0
2026-09-01 00:59:59,3.4772523740046593,1217.2707090821928,45.62628604626706,2.1610335736291746,54.09446231754173,0
2026-09-01 01:00:00,3.4176064513028,1180.7909167146513,43.218607829475445,2.486594079567943,52.56218271857318,0
2026-09-01 01:00:01,3.4280890548550813,1161.8933275742952,45.111260247531575,2.3833764118985497,52.14109522200279,0
2026-09-01 01:00:02,3.704981209578593,1329.298758784195,48.63358647332475,2.3589864444535396,57.52945111778948,0
2026-09-01 01:00:03,3.5000682818957483,1220.952536737673,47.695356171025246,2.5961519237795914,55.625881841456945,0
2026-09-01 01:00:04,3.578213000153146,1230.6632772330572,46.81752695624872,1.953802152040209,60.53980921624316,0
2026-09-01 01:00:05,3.420910061833245,1256.8888390334332,46.59137404024477,2.431272968985054,57.916156038771675,0
2026-09-01 01:00:06,3.422014705377836,1128.9325027340726,46.39890018121309,3.1952061296844585,52.80636103139089,0
2026-09-01 01:00:07,3.6081984809249943,1287.6145954561016,47.31750966901974,2.1741670941023123,57.52102654068031,0
2026-09-01 01:00:08,3.365042378844847,1074.5521410752463,44.08674242855619,2.885650148945324,54.084773382693236,0
2026-09-01 01:00:09,3.458478623209473,1161.561679498074,42.28982786844999,2.5163968362738096,58.650579127387005,0
2026-09-01 01:00:10,3.503402741107223,1177.048416341055,45.13800700147412,2.3191126573355745,53.54099836827094,0
2026-09-01 01:00:11,3.511137260184005,1229.0861682485254,43.364836826444616,2.1038075021410583,51.84272211927198,0
2026-09-01 01:00:12,3.4820906714983844,1210.9359133070743,42.88995848924563,2.5419045895855694,52.61273476881577,0
2026-09-01 01:00:13,3.5395819781095925,1191.6592629650804,43.55944284682413,2.936019131744403,52.76600529275526,0
2026-09-01 01:00:14,3.569285575581781,1199.4001327686137,49.97062784906737,2.383236656440971,52.47924470614401,0
2026-09-01 01:00:15,3.573463754545933,1151.0988488238715,45.27224926815169,2.475711572578968,53.28217517318468,0
2026-09-01 01:00:16,3.4014196191332173,1125.1383802757914,45.723815672721976,2.8031112550570993,57.570075610975714,0
2026-09-01 01:00:17,3.4715844902071202,1236.325581116803,42.555274385991495,2.602261237403884,60.38813262479855,0
2026-09-01 01:00:18,3.6194762861876937,1234.6853056268092,41.31249408241474,2.0283172660826265,51.00943145333949,0
2026-09-01 01:00:19,3.5894647187573874,1279.224718757853,43.36189471376239,2.5296661647565553,58.79053912849945,0
2026-09-01 01:00:20,3.3627140548518937,1160.4991451592396,47.8763911704175,2.9536704731996792,53.566888852076715,0
2026-09-01 01:00:21,3.5351479900352203,1234.6407605150462,45.66855093215304,2.4889176440597507,56.0436475936067,0
2026-09-01 01:00:22,3.302177475062519,1185.8146635817634,46.19719018288878,1.677553171156787,50.03756190828011,0
2026-09-01 01:00:23,3.504693490206037,1259.523749259674,46.477132078404125,2.6164644974773217,56.572105052034566,0
2026-09-01 01:00:24,3.6897767016745977,1251.0981388339071,43.817301240403445,2.4404630681367894,48.984062809551816,0
2026-09-01 01:00:25,3.4052107282731012,1210.560469961223,47.77593116794674,1.951271675823635,55.9418052169305,0
2026-09-01 01:00:26,3.416567695450842,1183.0234921667006,43.734384801555635,1.9962375729838646,55.77176814108801,0
2026-09-01 01:00:27,3.576402978157286,1248.0466089304132,47.812464718525106,2.7925321429866425,55.5730229028864,0
2026-09-01 01:00:28,3.3457198484790354,1232.3452261628283,45.88460431227068,2.280285176321476,52.79526954810121,0
2026-09-01 01:00:29,3.4367244970114963,1165.7779798956908,41.42190969150735,2.2277510857792024,56.64858002328893,0
2026-09-01 01:00:30,3.5596441137581754,1133.6100663260286,43.50398102679893,2.489308431720499,56.17324452825015,0
2026-09-01 01:00:31,3.4365714152310596,1185.57335496591,41.43012293425579,2.3067391005040183,54.37014164907664,0
2026-09-01 01:00:32,3.4764030012789027,1275.7706907674105,47.326564265588416,2.5300145883333234,57.01555092152558,0
2026-09-01 01:00:33,3.5744185710315035,1257.324357936652,44.9505291583952,2.4391839911689988,54.71318756030348,0
2026-09-01 01:00:34,3.542154608353656,1144.383626516471,40.54331512010044,2.140001325971907,56.586331476726286,0
2026-09-01 01:00:35,3.52668183962954,1141.6121292050038,45.75149376343931,2.346640660431585,54.62236201781773,0
2026-09-01 01:00:36,3.466087772072996,1263.7341924839743,43.92567147522336,2.6328259963927314,55.65010597332862,0
2026-09-01 01:00:37,3.5370061115268956,1143.2182047621086,42.03238828993335,2.5125754120715875,56.72416882322579,0
2026-09-01 01:00:38,3.4876267319900243,1225.4647661821004,48.35593167393739,2.4754172552824505,53.8062622791459,0
2026-09-01 01:00:39,3.5457805609925783,1169.1964392331838,45.21457173219316,3.0812152723538153,51.29849024123742,0
2026-09-01 01:00:40,3.450306797488202,1280.8522462260842,44.41313719537337,2.7193112576156606,55.828237016644465,0
2026-09-01 01:00:41,3.4817431025620458,1161.4787600431061,44.201150438027966,2.755732379446403,58.56817413583879,0
2026-09-01 01:00:42,3.401004220744799,1257.1680765102915,41.973441061684454,2.4502094776615224,55.89745291887234,0
2026-09-01 01:00:43,3.4964992389993763,1209.2429327030181,42.39090220083178,2.5660435571053823,55.95442694408912,0
2026-09-01 01:00:44,3.4188999136371154,1212.6097427117143,47.569833569750166,2.3706700031422923,54.87347168051008,0
2026-09-01 01:00:45,3.3885953549838006,1101.48457093243,44.05223426042856,2.7332649296572384,57.2173559583196,0
2026-09-01 01:00:46,3.525866114785539,1089.8543323397141,45.044135401873724,2.466880028770287,54.44219375158619,0
2026-09-01 01:00:47,3.521273977585766,1188.9717029866342,40.91133904759785,2.566713324679167,53.638303656619414,0
2026-09-01 01:00:48,3.5782873734948573,1212.3453031708307,42.36381592840899,2.5481833906465505,58.315894758624594,0
2026-09-01 01:00:49,3.4568874430424903,1143.7401086131138,46.2196250397495,2.494549935578364,53.40838504512195,0
2026-09-01 01:00:50,3.5408052846836755,1145.5653294761828,45.755423520227666,3.3814564201467308,57.66841283935525,0
2026-09-01 01:00:51,3.5550797572273662,1228.0736314913067,48.506750397448634,2.3000142167515834,58.317806385873126,0
2026-09-01 01:00:52,3.5444773807831593,1228.1427240228566,47.68591266326245,2.2972865409523924,56.70045079618618,0
2026-09-01 01:00:53,3.417434631719786,1193.1129469806037,44.53857805503036,2.708229024043527,51.252293441282106,0
2026-09-01 01:00:54,3.5149363482271188,1239.0100860593038,45.945907129426544,2.3214493002774463,55.081464727667495,0
2026-09-01 01:00:55,3.5364140296054662,1141.2898852139926,44.366793114193854,2.412578091595332,54.39400000882415,0
2026-09-01 01:00:56,3.500717846690794,1182.2032541456515,49.1096196372773,2.1740767139933146,53.51200223399406,0
2026-09-01 01:00:57,3.2913522341628916,1282.3938802891837,47.2980293921048,2.647467375820776,55.42825476203928,0
2026-09-01 01:00:58,3.516048962397348,1203.4161064969908,45.3393701817155,2.6512771733452456,57.30761904249265,0
2026-09-01 01:00:59,3.7212531039397243,1206.31562572935,45.4007895697527,2.4054423820229665,53.6243420196064,0
2026-09-01 01:01:00,3.4639960731243016,1315.297329298387,47.889700574519615,2.7144450065440218,54.485851977178974,0
2026-09-01 01:01:01,3.427192290214468,1130.0328917075615,46.15915569422769,1.9425624958799226,54.27682319850404,0
2026-09-01 01:01:02,3.5373348559711397,1239.8215183321056,48.11725603414017,2.287943979545697,58.491613136632935,0
2026-09-01 01:01:03,3.5312378210466573,1283.199313990405,40.612704147482255,2.449006244136721,54.22869814656824,0
2026-09-01 01:01:04,3.6192735165416416,1183.7571036750726,45.9224565229976,2.148315250929114,51.29678302671476,0
2026-09-01 01:01:05,3.374213184409111,1242.9815393427423,43.96913027063723,1.9753860887743833,50.27969548302846,0
2026-09-01 01:01:06,3.5731380252574994,1150.8990251394548,48.512755975255985,2.407631210488466,56.08818869969791,0
2026-09-01 01:01:07,3.5590422061251465,1165.6633802216325,48.09279737437966,2.7082060261182224,52.717954780342296,0
2026-09-01 01:01:08,3.4857853463059456,1219.2483208023816,45.065671618202614,2.8846325174279537,57.00617351581744,0
2026-09-01 01:01:09,3.533868731792169,1239.9283336555295,48.07126195762206,2.335813635038388,51.006340034478605,0
2026-09-01 01:01:10,3.602945748159836,1256.0468256203123,48.56622903998501,2.719964751286478,53.38326350016818,0
2026-09-01 01:01:11,3.587231538002845,1278.4814293469747,45.1488133438523,2.6909626114227003,51.008293451439556,0
2026-09-01 01:01:12,3.3856980687926272,1196.6276720722408,49.943867544863714,2.865582452300349,56.30383214664677,0
2026-09-01 01:01:13,3.5820158186755484,1259.6805877586294,44.93731769466056,2.3949426908937994,56.94654262187395,0
2026-09-01 01:01:14,3.4935311394967483,1182.8847578275424,44.57095809932818,1.9604498514445978,56.0158754729098,0
2026-09-01 01:01:15,3.5072874098015516,1245.1045655794135,46.73174517716868,2.5210557557268234,51.74219103878847,0
2026-09-01 01:01:16,3.5073196991001696,1210.3744398926092,44.29241853771537,2.195861877709083,52.762708767668,0
2026-09-01 01:01:17,3.484975701120174,1222.283895354096,45.170679551589785,2.2829484672813978,55.70294196583466,0
2026-09-01 01:01:18,3.6191707497107064,1221.175393701102,47.81886884810182,2.409634256784045,49.936775775626906,0
2026-09-01 01:01:19,3.491628204015079,1119.7647495101094,45.03843770443454,2.398321710595257,54.276595166836294,0
2026-09-01 01:01:20,3.388045387161683,1143.7939070569614,41.60996441404939,2.5424677800687383,59.550716060007645,0
2026-09-01 01:01:21,3.460647014403027,1205.1270719908762,45.73463877569839,2.7109468949258853,54.460133352458875,0
2026-09-01 01:01:22,3.5178694716810477,1115.6360460179417,43.60741284189521,2.38967932501721,50.53436608290414,0
2026-09-01 01:01:23,3.622921478429705,1241.5605551599879,46.730542314589094,2.6187092519824016,53.17777225697159,0
2026-09-01 01:01:24,3.5603094684948835,1243.5777983144071,46.39237943165249,2.5044448029791515,53.10792302296727,0
2026-09-01 01:01:25,3.414946472125296,1216.3585276438896,47.942800696333045,2.7806483187635336,61.420926339509684,0
2026-09-01 01:01:26,3.748518991667889,1143.943299362104,46.81506460158539,2.443422444668105,59.99703724154169,0
2026-09-01 01:01:27,3.526477531097798,1269.0069469434256,47.18048856731613,2.4763219972676334,57.19280630230473,0
2026-09-01 01:01:28,3.6275390737999014,1301.860531985918,43.661806479724575,2.387679865600328,53.9707722077758,0
2026-09-01 01:01:29,3.484828556642277,1207.3538413722988,46.607972991781004,2.4513254380124514,58.60188898293917,0
2026-09-01 01:01:30,3.553335924470545,1225.5267689225618,48.93690257872058,2.2649535614962377,51.59962108284862,0
2026-09-01 01:01:31,3.5839468504518406,1210.0869327398023,43.62270018272647,2.235220814156946,58.22972594573278,0
2026-09-01 01:01:32,3.6218194711754257,1226.5184594499399,48.5994765834542,2.7327296155848173,57.78392061226013,0
2026-09-01 01:01:33,3.6057368305378223,1194.0220621686801,43.90129981759734,2.1750394950446195,54.54596279605216,0
2026-09-01 01:01:34,3.5872197000072976,1198.2717880078098,43.29605750990005,2.404264573090629,58.41755894005232,0
2026-09-01 01:01:35,3.468491326880589,1245.2858800248682,45.592400886709676,2.804602835881299,53.65833661160845,0
2026-09-01 01:01:36,3.4428253958043937,1317.281208094822,46.43182083225762,2.394189761498918,51.2047432057053,0
2026-09-01 01:01:37,3.5332607510324197,1129.996438279913,46.82350024794453,2.7486221361056726,57.933895038999765,0
2026-09-01 01:01:38,3.5933128072341067,1194.8093757798517,43.0764751584536,2.3226862837819473,54.74427121258162,0
2026-09-01 01:01:39,3.4777279299223394,1140.9769757383958,45.869080194508584,2.184650918094942,56.80534180989601,0
2026-09-01 01:01:40,3.6065171965714384,1279.6012449288041,43.62889085703299,2.021552243529754,60.462659774678215,0
2026-09-01 01:01:41,3.645261674548618,1170.6131015340052,42.022155487858846,2.8938172207817985,52.83323778281111,0
2026-09-01 01:01:42,3.408367908092658,1127.8399603107102,43.14252736893443,2.1589386455096755,54.569861485480075,0
2026-09-01 01:01:43,3.416307929620372,1231.9093499424287,43.498199268088364,2.724155977037528,59.70890351373314,0
2026-09-01 01:01:44,3.4859624941094665,1287.2155557371555,46.043190320705015,2.200015891961985,57.00619519256585,0
2026-09-01 01:01:45,3.5307612668189194,1233.1798934280382,47.304427326137336,2.895215175381946,52.90065176738621,0
2026-09-01 01:01:46,3.447543298623295,1210.2398938640958,42.053586740249465,3.16203481738453,52.13494688938157,0
2026-09-01 01:01:47,3.6352202678867145,1220.4570461387998,45.70392214841611,1.994040982092899,53.415758079689965,0
2026-09-01 01:01:48,3.5424066861518453,1270.7420331412777,42.64660362845819,2.174573069752356,52.784755885591366,0
2026-09-01 01:01:49,3.503944704824074,1156.2900364992925,46.258170818028,2.7319395591409674,55.712044358468596,0
2026-09-01 01:01:50,3.3564090476131474,1194.4076447956843,43.754538837992506,2.6539128770097444,55.2353035215928,0
2026-09-01 01:01:51,3.3684184183572494,1177.3654925745234,42.897341963953444,2.7330765564280575,55.83771326282606,0
2026-09-01 01:01:52,3.5281009250281805,1141.6067346354146,46.59932903069515,2.3278733348786873,52.47756159532065,0
2026-09-01 01:01:53,3.286740437384516,1183.5812370291599,43.82615478910981,3.09626024830701,54.787498277424234,0
2026-09-01 01:01:54,3.601263740964407,1255.3860547991223,44.3680720972946,2.5354148400069323,48.83290067813135,0
2026-09-01 01:01:55,3.484184615562768,1228.3301074196363,40.560021824887244,2.134911226946944,55.4350189520841,0
2026-09-01 01:01:56,3.8243092969594734,1232.21552500541,46.89310272284695,2.4240554499871165,58.526321934867596,0
2026-09-01 01:01:57,3.730791625061611,1207.323780582666,46.64181704233822,2.1389299311313503,50.72576227196146,0
2026-09-01 01:01:58,3.4818550930752483,1226.1661891364295,45.010915688562626,2.9772824075662316,56.450284691942386,0
2026-09-01 01:01:59,3.4893662997468686,1159.9704828825948,41.944838117288484,2.301900621159965,53.16695694471831,0
2026-09-01 01:02:00,3.599558151400203,1184.5245057036386,47.41873835666953,2.647745045423387,57.40750346108011,0
2026-09-01 01:02:01,3.670317260991804,1209.600211848434,43.66747322727842,2.358798056505346,55.47594235363684,0
2026-09-01 01:02:02,3.3361970942563985,1213.8757929440944,44.09329309979882,2.315383807071246,56.21411233798132,0
2026-09-01 01:02:03,3.3213624534645314,1216.0093927460937,49.624088112719065,1.9269237456156847,55.19447169626632,0
2026-09-01 01:02:04,3.4377965194445617,1193.083235899181,43.59272711178154,2.67945238089717,58.98499541915306,0
2026-09-01 01:02:05,3.5582737583173865,1181.1288299434834,46.484419924853,2.889754375788755,56.042231433085306,0
2026-09-01 01:02:06,3.54968735905076,1357.888564152215,46.12418452416524,2.2252097255904544,52.883728857992644,0
2026-09-01 01:02:07,3.606977145498385,1245.3393636466199,45.78034438576017,2.036431265500399,55.296145156963014,0
2026-09-01 01:02:08,3.3800302471634693,1220.6573737976312,45.56400108510902,2.7409948128213486,53.89335687110185,0
2026-09-01 01:02:09,3.268385613703112,1188.3395750896802,45.7527771237784,2.006127595268125,55.48719971955877,0
2026-09-01 01:02:10,3.5858014195302146,1177.4390586528061,45.54388118188108,2.8658598807844777,53.74069086289956,0
2026-09-01 01:02:11,3.4171803727034766,1193.4599703136523,44.89616328244788,2.228681463113614,52.96956779336106,0
2026-09-01 01:02:12,3.298151213561136,1214.6414421793343,48.02256624822149,2.169012177152612,55.59781663824534,0
2026-09-01 01:02:13,3.514506374595938,1105.978222796846,42.37467887840144,2.5745387263393873,55.16736888584966,0
2026-09-01 01:02:14,3.579317568821868,1121.5305202312659,47.04291620803075,2.188558214496569,58.19186753513754,0
2026-09-01 01:02:15,3.487794286787872,1168.1558805530522,46.644684597375104,2.287866675612037,53.755132362601564,0
2026-09-01 01:02:16,3.454215161381751,1210.3569718389285,46.396798242658804,2.606194579801302,49.05743845751408,0
2026-09-01 01:02:17,3.4840637767854092,1188.0363426424074,47.23395885528026,1.7712662988500063,53.90838760461006,0
2026-09-01 01:02:18,3.4629417237599216,1273.9060613049742,44.81480120946321,2.9927257737784965,50.12070772325027,0
2026-09-01 01:02:19,3.3651952888059835,1125.8801606502116,41.262051848346246,2.513092039739721,56.24701592228973,0
2026-09-01 01:02:20,3.428531932300957,1162.4327265198315,44.85541468057103,2.1121101962789415,49.97830621495363,0
2026-09-01 01:02:21,3.5521279905013814,1276.004587049555,43.017611564750894,2.1948263892139477,52.0348868127577,0
2026-09-01 01:02:22,3.53216785413765,1206.5559662337573,43.53628158028387,2.797493913478241,53.91299662517541,0
2026-09-01 01:02:23,3.516805980596682,1244.2421291400578,42.515160652335176,2.680315880522231,59.631851814283436,0
2026-09-01 01:02:24,3.400485151814662,1302.562347163473,44.04531028311233,2.9160341971855632,51.78132965285525,0
2026-09-01 01:02:25,3.4818496837864332,1165.3097791049088,43.8067526120331,2.2951771465587294,55.03721494943976,0
2026-09-01 01:02:26,3.2822934953557144,1195.0342831103983,40.24486034014579,2.588975151145241,56.73992973087178,0
2026-09-01 01:02:27,3.517847666388539,1186.3786549534564,46.400443822564576,2.627970373535103,59.452181659662095,0
2026-09-01 01:02:28,3.6428857707813567,1102.2703497758362,49.44064371600977,2.708580250075671,57.333384255164226,0
2026-09-01 01:02:29,3.3525867867957895,1184.4801598122015,46.212474386992575,2.8381843370296207,58.281720854897394,0
2026-09-01 01:02:30,3.4414072326682246,1244.0531093690333,44.594152086931544,2.284820828246696,57.592921176554626,0
2026-09-01 01:02:31,3.532910677871013,1227.029477090612,44.89050720864757,2.4657489196718556,51.372631085811584,0
2026-09-01 01:02:32,3.6252842634427482,1230.9541584694005,44.15802826397365,2.3169550763259563,56.07907631295114,0
2026-09-01 01:02:33,3.455177538369985,1181.224550968025,45.18008316773392,2.484216437993087,57.545982856516666,0
2026-09-01 01:02:34,3.4307749670734102,1167.195138199718,44.925983811853534,2.7095298346188925,52.13049913097794,0
2026-09-01 01:02:35,3.3031076857583916,1263.4627835949311,43.31790313920341,2.003789349921789,53.26072036982793,0
2026-09-01 01:02:36,3.5103438129308104,1175.1341426821166,48.36577677789566,2.8328114708377856,52.59042311461883,0
2026-09-01 01:02:37,3.7042076040143743,1214.7041019396606,42.02569152858046,2.158245362720875,57.317868957904096,0
2026-09-01 01:02:38,3.5277358461964674,1208.166734033877,46.43666308638849,2.4077889040908307,54.7921566390126,0
2026-09-01 01:02:39,3.497772102081629,1273.0858508128558,44.797604745364936,2.873182577489837,54.037462316994706,0
2026-09-01 01:02:40,3.5322082310766985,1248.570617883618,48.801663630131486,2.5984029153950217,51.15499025004104,0
2026-09-01 01:02:41,3.4988907996051397,1135.237068966644,45.68172919849644,2.601858984479098,54.797817240418624,0
2026-09-01 01:02:42,3.418698562773987,1140.622341661248,44.2801889256335,2.145812186411467,53.29723493504575,0
2026-09-01 01:02:43,3.5823279915677704,1228.9454909034566,44.504585603131005,2.1867742192528477,55.73001869579249,0
2026-09-01 01:02:44,3.5225761523111756,1196.7831176310417,45.07981338903952,2.7823769190006757,51.57109840406365,0
2026-09-01 01:02:45,3.5017613251933657,1177.2414108023117,42.7144186100072,2.323256936354683,55.533718778518605,0
2026-09-01 01:02:46,3.402463397272175,1250.7813941997235,43.46626094976418,2.3515264380100454,53.68314768850354,0
2026-09-01 01:02:47,3.6303507931934758,1209.3729691044455,41.430112061616285,2.7891853753164133,51.25210922279456,0
2026-09-01 01:02:48,3.566470274533311,1202.6228693444723,43.15404620325181,2.1850259363891418,51.01814788636556,0
2026-09-01 01:02:49,3.44470791626327,1238.9914320377525,45.1878129633209,2.5807705398658776,51.468938835931915,0
2026-09-01 01:02:50,3.600182485368194,1181.2445502528217,45.600350098569045,2.5128721978503075,54.38080282767837,0
2026-09-01 01:02:51,3.4502429161614794,1278.4259492736278,41.0413406100072,2.499194282241027,55.3629863030905,0
2026-09-01 01:02:52,3.421799650748896,1160.5976188383495,44.7255765939116,2.344469310436749,55.80947089713155,0
2026-09-01 01:02:53,3.4240296882519714,1232.8464533171043,46.12681990164427,2.3260434455610013,55.922658753185345,0
2026-09-01 01:02:54,3.3228931446911907,1271.6916419329923,44.67417561324753,2.1764907508615403,52.7244302170624,0
2026-09-01 01:02:55,3.5471542380418204,1131.135225536395,43.732422708444396,2.644799507812392,58.175208724285525,0
2026-09-01 01:02:56,3.316885512166165,1182.8332412073776,44.175677709903574,2.299555242544979,53.67332342197554,0
2026-09-01 01:02:57,3.3771556168734236,1257.1103696442779,43.918473290045554,2.7906233863501755,56.3504492801792,0
2026-09-01 01:02:58,3.2924411990921465,1257.8622273865512,43.72653888178389,2.432633487522804,54.50753369951855,0
2026-09-01 01:02:59,3.4913930307209107,1191.425219980588,45.3476470504897,2.1824648531736885,56.12686369510912,0
2026-09-01 01:03:00,3.484967953972813,1163.266445316157,49.6153764554709,2.4286558353554737,54.35701580156526,0
2026-09-01 01:03:01,3.4673303786813636,1247.796791116538,43.512600166189635,2.3767428402590576,56.1809046297237,0
2026-09-01 01:03:02,3.3957422305329423,1259.1774551290803,44.363714734677146,2.8027310235184157,54.97783339035903,0
2026-09-01 01:03:03,3.382776624656336,1141.7668325743803,44.89660412124954,2.3892999432245405,57.44152171195206,0
2026-09-01 01:03:04,3.5464369863546574,1139.804317551681,43.62529113128341,2.417136885639902,52.5439448703664,0
2026-09-01 01:03:05,3.444944806829151,1211.26283409918,47.19647160704685,2.923464011647731,49.69032599232827,0
2026-09-01 01:03:06,3.5316358321536145,1231.4680316714446,40.25822925338712,2.652480196439005,52.07992774169771,0
2026-09-01 01:03:07,3.4114751313875775,1185.0465457384973,43.93788165924265,2.998811804801049,58.2067552457141,0
2026-09-01 01:03:08,3.518106274277108,1233.9646909991175,46.63662747263992,2.8777135012191715,54.53632354033678,0
2026-09-01 01:03:09,3.6303278037316065,1164.493169658131,44.411811383222734,2.2338512234911434,55.276186886639685,0
2026-09-01 01:03:10,3.558616580039278,1094.2653200463133,43.358322082299416,2.796985256320032,51.83909015786084,0
2026-09-01 01:03:11,3.458758618178352,1178.8049463833702,45.881513508877525,2.9575909876223774,55.196661175450835,0
2026-09-01 01:03:12,3.5257198970355925,1203.161607325655,46.812686470794304,2.9598439396970257,51.93156206778191,0
2026-09-01 01:03:13,3.4759334825469788,1186.2080020051771,45.421270890430115,2.7964287950730062,52.37265617484174,0
2026-09-01 01:03:14,3.5007880184694726,1142.0698368170258,43.39755928037423,2.7902568984727525,53.79254895152836,0
2026-09-01 01:03:15,3.4674388947851496,1109.2175512060592,45.91240663830349,2.409201686897335,56.335291773526436,0
2026-09-01 01:03:16,3.483566479411461,1174.295559781605,44.19590139945042,2.2487853746951276,56.65554274192753,0
2026-09-01 01:03:17,3.5212093353074176,1244.8827885824871,46.49037376378766,2.394334804330763,56.73713469381351,0
2026-09-01 01:03:18,3.400664130041805,1262.809871970684,47.96651776971318,2.000563299570171,50.23574765486688,0
2026-09-01 01:03:19,3.3984121173010022,1259.3856692069228,39.78884648862294,2.9028385946265116,54.98000649882922,0
2026-09-01 01:03:20,3.361145744616879,1159.2045232425723,45.222134946391265,2.4150121121746864,54.40965449985179,0
2026-09-01 01:03:21,3.339972889549629,1142.3146838184819,41.52853212610474,2.887399218719488,50.40345275175564,0
2026-09-01 01:03:22,3.378271730777952,1224.8317307489947,49.88357717065954,2.13055012683352,55.047951300166595,0
2026-09-01 01:03:23,3.515946250680413,1231.7550005798962,44.06375093240762,2.824787476300663,54.24871834768972,0
2026-09-01 01:03:24,3.4107212484508116,1220.008480260025,46.49274648365075,2.3515358025462043,56.534577016353666,0
2026-09-01 01:03:25,3.5513614464231096,1099.2968362881118,44.92936628081021,2.114689177507248,55.24374122871941,0
2026-09-01 01:03:26,3.5034713748752564,1156.6557707558268,43.39383083856188,2.9881354156479274,53.35203840915024,0
2026-09-01 01:03:27,3.3031495786561944,1198.5155604857011,43.155893905645144,2.8321935008022323,57.77728735137093,0
2026-09-01 01:03:28,3.565497558422169,1224.3609097315214,48.171358346201515,2.5635377260557353,48.33629949767463,0
2026-09-01 01:03:29,3.581079864559171,1238.3653681301244,46.911876120356624,2.5101813655404888,54.80720461471117,0
2026-09-01 01:03:30,3.400613732516515,1207.212676114102,48.887168174755125,2.6318530056457354,49.71024720402419,0
2026-09-01 01:03:31,3.542019154289499,1216.5391903269117,45.1109066703154,2.558388573375223,52.26342018638164,0
2026-09-01 01:03:32,3.41435017625908,1204.2432729180553,45.575839242492,2.2623172137485588,56.57444110902805,0
2026-09-01 01:03:33,3.5097670376748336,1234.280968710924,44.46561686868942,2.3763843190645235,51.177407558677594,0
2026-09-01 01:03:34,3.3735501593045036,1215.6432825745455,44.42583559376998,3.0882153496116107,50.728846543888196,0
2026-09-01 01:03:35,3.320689354746542,1203.2868830023644,42.916226135045264,3.301647022788404,62.14583495024687,0
2026-09-01 01:03:36,3.4617182810387033,1186.581560043131,45.168020381848706,2.968800551569205,50.922132845739505,0
2026-09-01 01:03:37,3.4876271053725163,1204.064571252124,43.421506810227605,2.643467182048787,59.95156270926392,0
2026-09-01 01:03:38,3.4602320306385397,1224.2295689419636,45.883817844328405,2.3986752901894195,54.48339350626222,0
2026-09-01 01:03:39,3.381596944177744,1213.373769444903,45.34002043796042,2.2605442318309104,53.42551263568308,0
2026-09-01 01:03:40,3.4600100937868863,1219.0413209172627,45.575364087351446,2.2803152768709394,56.70035917176462,0
2026-09-01 01:03:41,3.5269294752580733,1267.1360930675592,48.35025987938045,2.334019702393972,59.0097822266335,0
2026-09-01 01:03:42,3.495510696987746,1213.2581961373294,44.92456410046882,3.145349212427731,51.56179617367501,0
2026-09-01 01:03:43,3.518250103059921,1167.5500739763422,46.513454005706855,3.0418846889147795,53.46925063081441,0
2026-09-01 01:03:44,3.432988479954577,1244.1803392997085,49.10301892817116,2.723883516980618,57.54060920405276,0
2026-09-01 01:03:45,3.617171791471616,1131.6900831165542,47.613234138590094,2.211816047076152,55.863982937281,0
2026-09-01 01:03:46,3.382382666344522,1145.9293309630357,47.30633939690969,2.767916778013311,58.30575349192415,0
2026-09-01 01:03:47,3.548756029708672,1216.7923632360034,44.386623568959,2.4284148914468187,56.545335863295335,0
2026-09-01 01:03:48,3.6181891092959964,1225.819833389329,45.45928611113559,1.8540971684067635,60.42467202744744,0
2026-09-01 01:03:49,3.5480908092748895,1137.7474388248002,42.363447415940115,2.586130191220378,55.535765796500954,0
2026-09-01 01:03:50,3.479747577293517,1180.8591259506625,45.997828801928826,2.2474260877497834,55.665433444992885,0
2026-09-01 01:03:51,3.4471702953337022,1169.695808389017,45.548920355227686,2.257583971272989,55.9651641160474,0
2026-09-01 01:03:52,3.603608765104626,1175.66618385592,45.04677025031236,2.4248776019295977,54.57253344482032,0
2026-09-01 01:03:53,3.3577025074738325,1247.1798888136473,47.05438957648572,2.3505031081172763,57.544261476402774,0
2026-09-01 01:03:54,3.4029875739620357,1235.3252731773625,42.584450355151205,2.4897229542687977,55.71112367158908,0
2026-09-01 01:03:55,3.460244223450828,1199.0438910073146,48.26972570232069,2.4753008349948384,57.36454002743543,0
2026-09-01 01:03:56,3.6237653757511996,1172.7019036442537,46.803529375880565,1.9372572721457106,57.83349956087248,0
2026-09-01 01:03:57,3.5379767636040897,1132.517516488993,44.858732040696054,2.95608339666485,56.28536404468098,0
2026-09-01 01:03:58,3.4031954241489757,1271.0092469390975,44.702540824365215,2.204986983115396,56.50514897270259,0
2026-09-01 01:03:59,3.4689692294615098,1229.6056950142458,45.96122243049719,2.214280484460858,51.969010637210395,0
2026-09-01 01:04:00,3.4385676855903706,1164.666544796343,48.04170246412756,2.401434024462911,53.34893923654054,0
2026-09-01 01:04:01,3.4290211007766467,1235.9799748812445,45.203215437380024,2.4674995457892117,57.53015035897219,0
2026-09-01 01:04:02,3.597888955855678,1196.4888189712688,45.28806180395845,2.937693945049552,59.27089354545554,0
2026-09-01 01:04:03,3.3628256870736495,1185.644524756883,45.036236955251745,2.5808270356164704,49.17870932347492,0
2026-09-01 01:04:04,3.6608780855734375,1221.76057641448,48.56404822540294,2.6699396452328603,53.29641055824575,0
2026-09-01 01:04:05,3.582822969018462,1162.9250875043638,44.262233794125954,2.5823608562749847,55.07086180724395,0
2026-09-01 01:04:06,3.60908616706037,1182.8121740244944,44.94098480276186,2.569438474749632,52.36217661375797,0
2026-09-01 01:04:07,3.453706048797474,1206.0730532099774,47.92687130852199,2.5929188509261025,52.532441067454954,0
2026-09-01 01:04:08,3.485005928092089,1175.0274403557394,45.29402166722573,1.9201797572293184,56.42475962138141,0
2026-09-01 01:04:09,3.356684818547529,1233.454260513376,47.27411772009104,2.4250244545481414,59.7441279075143,0
2026-09-01 01:04:10,3.4475337592933197,1293.453325183913,43.17743988619408,2.848678333171347,48.90452933103358,0
2026-09-01 01:04:11,3.5493654847643152,1162.285093369643,44.58941495674297,3.6826993032420057,54.48857155305491,0
2026-09-01 01:04:12,3.6296063061781396,1116.7437351847977,47.968868076880455,2.1387073202381472,56.38984102537116,0
2026-09-01 01:04:13,3.389284318319755,1099.912991626187,43.64732056847291,2.626923988097306,57.340641916600724,0
2026-09-01 01:04:14,3.4634494063014736,1192.476592925251,44.697401920460585,2.3286860266376976,55.95738202920712,0
2026-09-01 01:04:15,3.4848700779767476,1166.8417704936908,45.513370461782955,3.114295571169055,60.284207649808344,0
2026-09-01 01:04:16,3.3604210797807514,1210.393025053354,43.02169096401403,2.0938651717625554,55.08671977997738,0
2026-09-01 01:04:17,3.55913492417584,1206.629883601305,44.17237976275621,2.687481847094764,58.93597837117629,0
2026-09-01 01:04:18,3.427600966825739,1119.8391576692952,45.22527336365128,2.077836670148743,53.06089698896209,0
2026-09-01 01:04:19,3.4804609648822975,1109.2558085259298,45.09336346832392,2.40442999958175,55.17394883976655,0
2026-09-01 01:04:20,3.4548050628088123,1214.7966620173047,47.56070404167427,2.4897060007750573,51.36185477260345,0
2026-09-01 01:04:21,3.4210661494280323,1206.7714417359978,48.08291438966451,2.820907504521882,57.70259332164699,0
2026-09-01 01:04:22,3.4992955014519445,1178.7091000816724,43.28783025599818,2.1768499521524416,54.63867141207647,0
2026-09-01 01:04:23,3.4784390421431977,1117.1428207433848,45.22253703833498,2.6990149146542155,56.073463187559696,0
2026-09-01 01:04:24,3.4628142117721334,1223.5695631382496,46.34849661684953,2.5056333170163843,54.05989410614478,0
2026-09-01 01:04:25,3.4271538378319657,1263.5949772711972,48.03269493159839,2.581838015885794,56.75928550497705,0
2026-09-01 01:04:26,3.5319524670782956,1213.899122010946,46.43698059463426,2.7874998144055425,56.19230192156726,0
2026-09-01 01:04:27,3.6653617268492287,1157.6263054717467,45.58182680318466,2.115232992098414,52.01604571008638,0
2026-09-01 01:04:28,3.5139887232839127,1202.2276082785575,46.333085063965264,2.743178491944578,52.18969770225097,0
2026-09-01 01:04:29,3.599611821491113,1131.6942959533158,46.34753766867252,2.3293285440731726,54.91669380897594,0
2026-09-01 01:04:30,3.360977807484654,1252.8980356919396,43.144571415431265,2.828762036493048,56.97872187221997,0
2026-09-01 01:04:31,3.515776143929377,1204.0922167264769,45.38559758501254,2.600367290361364,60.58868665934154,0
2026-09-01 01:04:32,3.3902631681028934,1111.5921544123385,47.918321988377386,2.4371414855448834,55.90897256999719,0
2026-09-01 01:04:33,3.35230750724681,1184.966281977816,44.58528646261199,2.3229922092727535,58.02259420746562,0
2026-09-01 01:04:34,3.4260628592540963,1223.1650755117116,45.258893285094885,2.746988498306599,50.161447195707495,0
2026-09-01 01:04:35,3.619189933441357,1183.347618951224,44.514967100947956,2.8782855056442784,61.03886754830195,0
2026-09-01 01:04:36,3.5950015828669644,1186.2052139279913,40.37228100878625,2.3401445377419448,56.817058633387575,0
2026-09-01 01:04:37,3.52430047220544,1138.7798896476363,45.04118035446936,2.160098030265581,54.85118646652366,0
2026-09-01 01:04:38,3.346729944011007,1228.3270493540829,45.603583861305744,2.7082633128835676,54.505911857626224,0
2026-09-01 01:04:39,3.480371934861206,1167.5765399990432,43.975013218238196,2.06544071738989,51.678400606423004,0
2026-09-01 01:04:40,3.5301700008901737,1092.1777311497483,42.69072610223054,2.1083462687251084,52.536139612839484,0
2026-09-01 01:04:41,3.51755362295786,1181.4371314664804,43.2387870804367,2.18118991734163,60.73130689640024,0
2026-09-01 01:04:42,3.3156206416519254,1249.0574857785177,46.52837523227113,2.375364855088375,52.032986685141964,0
2026-09-01 01:04:43,3.4109682151980127,1180.6535276700026,48.94504954609381,2.0991004332353667,51.975196726400966,0
2026-09-01 01:04:44,3.493592223585128,1286.899249256176,47.764866681810865,1.9183600271855266,52.89333854177326,0
2026-09-01 01:04:45,3.553629090951719,1221.4483974274258,42.311307990338896,2.159366741698863,51.40545774111618,0
2026-09-01 01:04:46,3.2803872178900053,1216.9379081140182,46.70925462110141,2.6927423339717858,55.04591972453653,0
2026-09-01 01:04:47,3.483787602452014,1193.5800867041196,43.67367524838142,2.1185367783619697,58.26673153799572,0
2026-09-01 01:04:48,3.5143048769878953,1196.5856896117855,43.83546587498245,2.397919096613749,53.1685230211839,0
2026-09-01 01:04:49,3.5849611988516212,1186.828818244025,44.07604880405743,3.084009538709669,50.88002716071753,0
2026-09-01 01:04:50,3.5692857584237436,1184.8865303958737,46.41213389971086,2.485247760991873,55.87558393904396,0
2026-09-01 01:04:51,3.5582571318808807,1226.5433581033574,46.918506752898075,2.6027592969188778,54.832676986960564,0
2026-09-01 01:04:52,3.4200059493298065,1153.2084385104718,44.803937857440424,2.216187994524534,58.00817365024487,0
2026-09-01 01:04:53,3.309199786287669,1146.205308563787,44.83785851798395,3.1490424561100427,53.636475102093186,0
2026-09-01 01:04:54,3.4606947242938597,1143.840247456231,45.92852748647159,2.337611653258471,54.21952966111998,0
2026-09-01 01:04:55,3.600163182520856,1302.2827273838577,46.135989079048485,2.431568594664545,54.55140890637019,0
2026-09-01 01:04:56,3.639345452752443,1226.517145083529,47.35245141351706,2.8951176033902093,55.267012331660446,0
2026-09-01 01:04:57,3.5710549102297784,1215.2246100840073,42.4312560489816,2.4454797265439145,53.82231496792723,0
2026-09-01 01:04:58,3.5429340822801736,1147.1242664853285,45.04005467960806,2.5143666348025646,53.336067675861976,0
2026-09-01 01:04:59,3.5379639648385965,1231.1671150337415,42.863951248217646,2.415493503763261,49.448866945354474,0
2026-09-01 01:05:00,3.444388125323922,1194.1714326773335,44.898115441873195,2.417550286582832,53.303838372639646,0
2026-09-01 01:05:01,3.486993970644638,1210.7084470565876,44.54764942463848,2.6111506032484275,57.14566980424526,0
2026-09-01 01:05:02,3.666906952582633,1151.1689842068222,44.906501092194596,2.6658829567594315,57.55073655810666,0
2026-09-01 01:05:03,3.405744199420812,1208.0134428708789,43.400514223778934,2.30702547063623,53.5866609292261,0
2026-09-01 01:05:04,3.661477879070985,1178.808323089676,42.025420413585145,2.270175863155921,58.89845799454528,0
2026-09-01 01:05:05,3.467797184550794,1161.7194421484905,40.811124946570196,2.3172591733427312,54.91388778489893,0
2026-09-01 01:05:06,3.6325432109095077,1236.7053167903625,44.73763969147032,2.0796237957400696,50.98646088455216,0
2026-09-01 01:05:07,3.359318499050246,1123.1146095734998,44.13799778833412,2.022870922444211,50.042847830637236,0
2026-09-01 01:05:08,3.558590420116465,1228.2388132157075,43.64812467039235,2.5891501441674722,58.654773767859176,0
2026-09-01 01:05:09,3.426322986405238,1234.2243066776498,47.645096925663324,2.7815787409525337,53.88098882421678,0
2026-09-01 01:05:10,3.3584732808075812,1156.017816222438,43.281123626409375,2.7613135879435653,51.35780643078226,0
2026-09-01 01:05:11,3.5218534042410945,1158.9835769433766,47.833668164277604,1.7854026180590026,48.222171485693394,0
2026-09-01 01:05:12,3.600947178859597,1188.8487159366798,48.24768748853852,2.426480473887022,53.812851667374574,0
2026-09-01 01:05:13,3.4155058561406504,1214.101810523111,41.09819906642124,2.1693724133222325,56.21425257698908,0
2026-09-01 01:05:14,3.35009840395416,1192.3572504092888,45.184762917997936,2.543121231346257,52.90692656786138,0
2026-09-01 01:05:15,3.4908155235665044,1221.678123009594,44.20060701832802,2.3746529443571855,51.840264519598385,0
2026-09-01 01:05:16,3.491256467122282,1288.1489826268698,39.176392110565466,2.6775735718733764,53.35187269417982,0
2026-09-01 01:05:17,3.5548319627554497,1174.6141615425142,42.11071749386317,2.4942540728795977,58.72957605743457,0
2026-09-01 01:05:18,3.594959457136449,1114.241001464829,46.54987221421695,1.9311994315246332,50.82105514697443,0
2026-09-01 01:05:19,3.4940584818727505,1241.2961791515327,49.03839850542253,2.209874238160138,53.07489690873245,0
2026-09-01 01:05:20,3.6855503314794262,1284.1657287963765,46.805356285398496,2.501735534447996,58.632273218852774,0
2026-09-01 01:05:21,3.522423474453529,1219.6384181525561,45.64726494502595,2.5270331287693257,56.48252886827126,0
2026-09-01 01:05:22,3.46535734939931,1145.6125662323166,44.957335236737826,2.0782969576887993,55.53738344133687,0
2026-09-01 01:05:23,3.338843264089717,1193.80538183824,48.365325829296225,2.0390620889361637,53.054661593751256,0
2026-09-01 01:05:24,3.4737340479683834,1144.0738257894184,49.29647840391528,2.5168736012719535,55.09151444350128,0
2026-09-01 01:05:25,3.466361305458886,1232.1427746981474,43.82631464095163,2.078899808184842,53.3865127946401,0
2026-09-01 01:05:26,3.596030479628147,1132.4354798650784,41.00002687937942,1.9994111720497643,52.421841606787744,0
2026-09-01 01:05:27,3.5462483624066854,1184.99356065859,40.803625073457596,2.3664578462105976,51.75982757409478,0
2026-09-01 01:05:28,3.3820630878367384,1149.7831086853046,47.6437619843196,2.353466172598405,57.35228678911749,0
2026-09-01 01:05:29,3.5172254386411037,1206.341234256748,44.905882918451226,2.23647985679821,54.818781603351596,0
2026-09-01 01:05:30,3.5671531171729054,1181.6829161431122,45.36648382091744,2.2888789129825113,55.94354123140809,0
2026-09-01 01:05:31,3.6528031359387834,1208.838105162513,41.41869801408657,2.5041507169667185,55.45501955740421,0
2026-09-01 01:05:32,3.588750396741406,1201.1175277483183,43.493622174423066,2.2839511288960543,56.32275648342508,0
2026-09-01 01:05:33,3.576084665431148,1150.6670486137946,44.40903837219844,2.5212091064994517,54.235843630042325,0
2026-09-01 01:05:34,3.5060085994615164,1231.3438531764511,45.41567676672814,2.3858594391647996,53.55502764683628,0
2026-09-01 01:05:35,3.538831200542345,1197.5617174078443,44.20281592217248,2.5502950466159966,52.554159011826634,0
2026-09-01 01:05:36,3.6249504900706158,1150.573549606705,42.92534760339731,2.7634616696309937,50.75809259977866,0
2026-09-01 01:05:37,3.3667222602520352,1312.0463278102895,43.43086601479495,2.7517743536171784,51.63390048813125,0
2026-09-01 01:05:38,3.4650560672783044,1223.8215083358562,47.41664657189447,2.886463141319825,53.903746836699334,0
2026-09-01 01:05:39,3.422743125124376,1192.3369723300348,45.489569239207,2.751444069069148,50.19088154669357,0
2026-09-01 01:05:40,3.5379153118726125,1270.7602263350911,46.2243136139111,2.571567259462541,50.85314228759191,0
2026-09-01 01:05:41,3.6230222175650786,1292.0907804693304,43.20225237824534,2.3699705087079566,58.12641967790553,0
2026-09-01 01:05:42,3.4403025713278925,1192.7325288843058,39.09235302919875,2.3836717231551328,55.672538454561376,0
2026-09-01 01:05:43,3.260969563253056,1217.369874321738,43.95379138623101,2.236666808069257,53.64448981538944,0
2026-09-01 01:05:44,3.458777925497553,1150.599859099853,43.266858891149006,2.5013587873154672,61.81472337671368,0
2026-09-01 01:05:45,3.5913473732017405,1192.6403624615994,45.69802453725616,2.7092162436135805,50.05525084386091,0
2026-09-01 01:05:46,3.553762990294988,1190.0468723120066,51.57144742736369,2.2822997191350938,57.926833829385465,0
2026-09-01 01:05:47,3.5428186247810576,1209.2413516810827,46.39033203523651,2.488834642400868,54.665601751661754,0
2026-09-01 01:05:48,3.472000669812552,1216.6380239318505,50.471920318766976,2.2967913313834694,57.35514106873843,0
2026-09-01 01:05:49,3.3720969263780214,1227.991422441403,46.137539390678896,2.5628062990562843,55.32686115181242,0
2026-09-01 01:05:50,3.5515294321624467,1211.882132814998,43.74022752485457,2.335184984815015,49.383264813264226,0
2026-09-01 01:05:51,3.4165718189965375,1139.462868668542,45.695832156241764,2.278146828611784,55.28638140267648,0
2026-09-01 01:05:52,3.7184096733380456,1153.0766447129458,48.561277198955416,2.296009991520392,56.006667563918796,0
2026-09-01 01:05:53,3.5570507208354516,1172.6796190268165,48.65912519264248,2.65099863215367,48.424044104426756,0
2026-09-01 01:05:54,3.441935169744605,1185.8879704038386,43.84932526391384,2.4709751784008933,60.832144881405696,0
2026-09-01 01:05:55,3.4388614752611373,1252.5387145236057,45.5063673913986,2.371473480999989,55.93362278251831,0
2026-09-01 01:05:56,3.4907055793386412,1141.8530506573543,42.14146624065771,2.578421350764163,57.01596322040949,0
2026-09-01 01:05:57,3.476049807797825,1182.129247591465,46.64933724938286,2.3756451347597047,51.503411831271066,0
2026-09-01 01:05:58,3.6116833775529953,1247.6504749107025,48.10670939811179,2.837955368105711,57.07185256643685,0
2026-09-01 01:05:59,3.5186416169744046,1185.0061262751694,45.07959890823203,2.207840153892023,58.268513378689164,0
2026-09-01 01:06:00,3.426836826109147,1223.0207824921413,43.665231891279745,2.4439085461548156,55.76070468441354,0
2026-09-01 01:06:01,3.689044068515578,1193.0228978536047,45.72026190255512,2.0785704334999,54.97188532443771,0
2026-09-01 01:06:02,3.5049308331520224,1212.8391628662362,45.83491806272633,2.395937682432972,52.31923562530475,0
2026-09-01 01:06:03,3.5768839675968898,1188.576372809523,45.16228766369924,1.9961093506880112,54.35137924665002,0
2026-09-01 01:06:04,3.439177349255524,1233.3532736364177,45.3574302486719,2.723894956767738,53.46391145722216,0
2026-09-01 01:06:05,3.5363115627744524,1122.7471796296782,44.65237029906126,2.7299511301016737,56.71598691217805,0
2026-09-01 01:06:06,3.5311109991143197,1181.8343995805728,46.991909856452814,2.7352510521173428,52.45037222464779,0
2026-09-01 01:06:07,3.3110350707903846,1214.8286338347154,46.472454890330255,2.50866174405234,56.69395216451067,0
2026-09-01 01:06:08,3.701527511046064,1226.6847624003096,43.0337937057117,2.2360388785869723,52.48304331181103,0
2026-09-01 01:06:09,3.6290644460922548,1274.6476311376914,42.97881879368281,2.259897810389215,54.21294233751995,0
2026-09-01 01:06:10,3.460280468385401,1180.448766656721,44.49125116594688,2.9590516165661565,56.84813319103845,0
2026-09-01 01:06:11,3.3897730259544145,1273.9740880930437,46.47367424821036,2.930703131139939,52.888609840041866,0
2026-09-01 01:06:12,3.534756161380355,1167.0488086670164,45.29611482778163,2.5367665470852314,56.95160946693281,0
2026-09-01 01:06:13,3.5086697699414398,1266.432320577232,43.71369917975469,2.345309789775902,56.658982473014106,0
2026-09-01 01:06:14,3.535566894856323,1240.8733563349185,45.52303719345166,2.9105870268095533,54.18714797986917,0
2026-09-01 01:06:15,3.519157739619409,1154.3270710183888,44.33837896095545,2.291649051584557,58.485349604067366,0
2026-09-01 01:06:16,3.5506240989305926,1215.351961862591,46.76097292044826,2.568654762428772,55.23335302593134,0
2026-09-01 01:06:17,3.6447305699391808,1197.4382082233903,45.6661168701341,2.9055871916195377,58.30682957975605,0
2026-09-01 01:06:18,3.5568103205128647,1231.27922968375,44.36944362509571,2.249098450100612,60.38039477463153,0
2026-09-01 01:06:19,3.395034450109006,1188.8364205783346,45.46303754409292,2.7487670756911338,54.27609693489607,0
2026-09-01 01:06:20,3.6362562852712452,1184.6376887169133,47.6300961190484,2.656168238753161,56.93486495208219,0
2026-09-01 01:06:21,3.6640614563488287,1268.4547291381425,43.860739846907244,2.488145037330532,53.08729622403138,0
2026-09-01 01:06:22,3.8152056734512083,1195.0639552772163,45.805313963294324,2.2019699202600655,51.901556771475406,0
2026-09-01 01:06:23,3.3876505966760404,1241.3211162095884,44.85907931906801,2.282668071969017,54.41362102784071,0
2026-09-01 01:06:24,3.5242882013150276,1188.73242574779,45.8539673677242,2.5868353218551974,50.91219916075161,0
2026-09-01 01:06:25,3.291790129681101,1283.3331629613763,43.69087011680854,2.072998961535584,52.18717666105807,0
2026-09-01 01:06:26,3.555314915637921,1166.0832685332252,45.22067086631875,2.539223157705475,56.7742977979632,0
2026-09-01 01:06:27,3.4451799701833226,1169.2928234376407,47.215646564833605,2.662315295218499,53.45905295365348,0
2026-09-01 01:06:28,3.692344579482495,1276.2258590557951,43.125986037507786,2.79556605184273,57.13154226136558,0
2026-09-01 01:06:29,3.4225385029981417,1177.7526804552374,42.341189793349834,2.0804928776619334,55.89823581405246,0
2026-09-01 01:06:30,3.331081696203274,1280.0537153082196,42.417088871026074,2.894874189148382,60.553462186057345,0
2026-09-01 01:06:31,3.452873625929748,1244.5920289797407,42.65867493959962,3.0086090482539807,56.57301185672814,0
2026-09-01 01:06:32,3.302451222878286,1192.2675146719582,46.19064657578533,2.623045470314078,58.34265421083794,0
2026-09-01 01:06:33,3.575109945450731,1109.335326399142,42.18828062826907,2.188585425572602,56.20565398938264,0
2026-09-01 01:06:34,3.293491695374368,1199.0340847864081,44.40420931051294,2.4015672134919277,55.93418050323422,0
2026-09-01 01:06:35,3.502845758118316,1205.0815026766713,46.236578606621414,2.4857208264644477,58.49419912633994,0
2026-09-01 01:06:36,3.2922188180143803,1258.3608866652187,45.833318121097186,2.581139052619167,57.006392397595796,0
2026-09-01 01:06:37,3.467970219546336,1279.4223588120055,44.22888204007503,2.5065944657930808,55.63019083887228,0
2026-09-01 01:06:38,3.6643378155804536,1165.7506410428127,45.38184746351021,2.584349542868385,55.616963997789156,0
2026-09-01 01:06:39,3.5360647891435795,1240.0590881994092,45.21429065947514,2.4727759727982632,56.61468793549125,0
2026-09-01 01:06:40,3.4136506395035067,1238.2701078006676,44.89326514639759,2.579532128353673,52.98587944162035,1
2026-09-01 01:06:41,3.4968796511060916,1253.6706351205223,44.637876458988956,2.3698509816596136,52.898641641623946,1
2026-09-01 01:06:42,3.501801687204445,1224.9344956067773,48.678614806749266,2.4145600009212758,59.35629787719888,1
2026-09-01 01:06:43,3.547263034584341,1102.8751154519116,46.718673591272136,2.3512164728810236,60.71336111170011,1
2026-09-01 01:06:44,3.3633141636719173,1192.228878373612,51.083125226150315,3.1072098923832536,52.37351278492966,1
2026-09-01 01:06:45,3.559256727384733,1142.2146212541543,43.92892465137649,2.9792102758923367,53.19321690288109,1
2026-09-01 01:06:46,3.2295608368397226,1189.8697113540964,45.87981227689446,2.7146363050521325,58.66780869875267,1
2026-09-01 01:06:47,3.437011544763619,1249.0002118066948,40.90765615784586,2.9536487552363777,56.88084025970747,1
2026-09-01 01:06:48,3.4511726157548455,1215.2575417937487,42.453359373809725,2.8036024657574288,57.34960463628309,1
2026-09-01 01:06:49,3.5633326826071237,1257.4045433198717,47.650500606092365,2.626453419926289,58.05016424491953,1
2026-09-01 01:06:50,3.502263085267687,1217.087696035677,43.17601902708203,2.128408677774175,54.678203915168176,1
2026-09-01 01:06:51,3.3594436946143715,1135.0837030165549,51.798310079086484,2.509438912050546,56.430350215410996,1
2026-09-01 01:06:52,3.4015006874182987,1073.9576496713632,44.385773485281355,2.4955847284905905,56.23705693257476,1
2026-09-01 01:06:53,3.5198680009547405,1207.4404380839794,41.19467114994021,2.264181552176457,52.94504571978414,1
2026-09-01 01:06:54,3.492093265813544,1189.3036766824416,45.68302464126056,2.1662634297301273,56.50583339020767,1
2026-09-01 01:06:55,3.4420875890364253,1151.152713030906,44.61686105687003,2.7679359240902275,59.3137326890496,1
2026-09-01 01:06:56,3.451916621048802,1114.968637517431,46.04196597451769,2.7254794248393717,54.638240924110555,1
2026-09-01 01:06:57,3.569616799715929,1163.2628393263644,43.52565749852312,2.2859170421158526,56.13838842690348,1
2026-09-01 01:06:58,3.4482307427130787,1190.2754257567613,46.74183750358306,2.420380592213287,56.34084746875329,1
2026-09-01 01:06:59,3.4911908755970926,1233.2938911853196,42.67130775329518,3.0005188340984015,54.90676710945495,1
2026-09-01 01:07:00,3.7169936588080543,1209.431554078399,44.958648505111555,2.396851206105192,57.83150451388387,1
2026-09-01 01:07:01,3.3576317363116077,1280.4033623586365,42.013805773634544,2.7194078393483085,53.800643947075876,1
2026-09-01 01:07:02,3.314815726842534,1148.2197971977303,45.54653279170738,2.619242686305782,59.87881743696868,1
2026-09-01 01:07:03,3.5783589664798607,1244.0529446028718,47.19286993604472,2.836093225502803,57.799537605817655,1
2026-09-01 01:07:04,3.4321356938705896,1202.3649371564363,41.91558567394587,2.4353598963952634,53.15065515894228,1
2026-09-01 01:07:05,3.468176247225738,1234.7334562059293,48.909124744905924,2.7272252434622324,61.09503005565976,1
2026-09-01 01:07:06,3.4218843621868884,1178.1742568367229,45.830063129578015,2.7588249814119714,56.545345424825825,1
2026-09-01 01:07:07,3.4740199859232486,1253.5840186945295,44.42693826112824,2.785270458084982,53.91223852937593,1
2026-09-01 01:07:08,3.659853811209634,1214.7612379172622,47.373953184453285,2.747946381613008,59.434784696094695,1
2026-09-01 01:07:09,3.580212845861812,1166.0277507541125,47.949645233800695,2.8356150284104653,57.64517571950523,1
2026-09-01 01:07:10,3.586222351188698,1199.3987985543406,45.13685718757478,3.3977713398554834,50.88532208849909,1
2026-09-01 01:07:11,3.3583772944207353,1188.022207053145,44.85268826572216,3.5166375812795803,54.66426028950968,1
2026-09-01 01:07:12,3.384884626344713,1224.4589175318897,49.731807577926084,2.5644914140202397,57.11857329294591,1
2026-09-01 01:07:13,3.216092134051457,1141.0111625312745,42.11152207521583,2.0687913701585146,49.842621288393346,1
2026-09-01 01:07:14,3.4190619178917245,1198.5324148942152,43.819510552769934,2.9509208624888643,56.61657161752354,1
2026-09-01 01:07:15,3.595670318638566,1219.7653626324666,41.592429817340445,2.83615601825066,56.87533951951718,1
2026-09-01 01:07:16,3.551694651574837,1201.6511653596517,45.27124444351091,3.1066008460433627,52.89096579431397,1
2026-09-01 01:07:17,3.477848673704788,1267.3470622194498,44.12292649819212,2.8817620662108916,57.29341614026137,1
2026-09-01 01:07:18,3.4977699716281947,1238.7011387035527,49.79825015298596,2.82188548616202,56.54391303889662,1
2026-09-01 01:07:19,3.4311114457424594,1199.6259601629627,46.32393986409901,3.150984291075479,52.98767924390652,1
2026-09-01 01:07:20,3.5204758882401785,1210.8344548748837,45.477758579556934,3.2009544968444725,59.36028324219008,1
2026-09-01 01:07:21,3.5765878279480616,1214.7832775740999,44.05640035768795,2.412360310694029,59.155203025945056,1
2026-09-01 01:07:22,3.3384113212589526,1220.1649802083411,50.336840245158626,2.5913544801944615,55.812470421124594,1
2026-09-01 01:07:23,3.529964768783735,1108.7171002167697,44.252039605520345,2.812666456557741,56.12597775154625,1
2026-09-01 01:07:24,3.593243487095467,1184.9236852115328,44.32750827083151,2.8818836395297276,58.9405535745478,1
2026-09-01 01:07:25,3.458489971103663,1125.7780465903286,44.473587868124795,2.7925653993546855,56.19981237246638,1
2026-09-01 01:07:26,3.5700700612120584,1263.9140473729744,49.65170807434071,2.9986305217269345,51.049117240281376,1
2026-09-01 01:07:27,3.7814654444472553,1196.9575239998537,50.13409138980842,3.1752078131715065,58.34269155408166,1
2026-09-01 01:07:28,3.489565720701311,1190.3329525160188,46.089015266645426,3.4011972976006026,54.4821439597064,1
2026-09-01 01:07:29,3.5393307050005323,1244.8398666016617,44.52170517792155,3.0660662995242625,55.79243279870918,1
2026-09-01 01:07:30,3.426194291633861,1221.1162398724937,47.932102029496804,2.6447002968644675,61.37561370585643,1
2026-09-01 01:07:31,3.518125116260205,1143.5682742810397,45.731016646671016,2.864195540849063,56.640106620015644,1
2026-09-01 01:07:32,3.5460271624982305,1196.4547318736315,45.12073320569027,2.893810744038549,57.0872868897037,1
2026-09-01 01:07:33,3.5194842340270136,1183.2416513386809,45.86063860929815,3.0788164964187725,58.65112394851291,1
2026-09-01 01:07:34,3.3980304680291145,1112.7733555696973,47.15252952353638,3.048882842462615,58.67816399378426,1
2026-09-01 01:07:35,3.520636177132545,1165.4861883381398,48.18238542499798,3.555559435773893,54.44460890006885,1
2026-09-01 01:07:36,3.6462195938717636,1190.8229838991767,47.58450563581921,2.809994507871976,57.061346695639116,1
2026-09-01 01:07:37,3.5448635764514527,1194.2524534254078,44.62504234056911,3.0718816165864973,57.39073986605976,1
2026-09-01 01:07:38,3.5961987189071842,1125.8884288161346,52.93169131684165,3.670877883787692,58.138403012208805,1
2026-09-01 01:07:39,3.476298802998737,1257.5832791523737,44.99473289666275,2.7969104034013923,58.23002818511222,1
2026-09-01 01:07:40,3.574990023942371,1194.894847055428,49.86977293193285,3.024025089331587,65.16472608873478,1
2026-09-01 01:07:41,3.527926783821653,1201.877653833028,45.12771317369742,2.705024338151284,53.91486313068071,1
2026-09-01 01:07:42,3.404908927031277,1220.0320819169917,43.3111306224109,3.021122566384726,60.42275734307635,1
2026-09-01 01:07:43,3.5318521004798873,1160.5961873048163,45.24043546389479,2.770439360063212,61.0726499400217,1
2026-09-01 01:07:44,3.400830333655969,1222.8177986566347,45.092435041445306,3.3265527835599165,59.04091448433314,1
2026-09-01 01:07:45,3.436711972511521,1181.646267699091,46.26464327213739,3.064716178229939,55.651656417983375,1
2026-09-01 01:07:46,3.5189328307292373,1155.1707229676404,51.06332160586078,2.7479093505338406,62.636646733445524,1
2026-09-01 01:07:47,3.5297244273380124,1228.6723746677699,44.61920530678314,3.288706845874038,51.10673408846209,1
2026-09-01 01:07:48,3.381076753492287,1274.5836929400905,43.920094356439776,3.098444356206021,55.67292263106924,1
2026-09-01 01:07:49,3.6053985771182875,1236.2414686742916,48.820059399452134,3.338398185719589,61.2778093544312,1
2026-09-01 01:07:50,3.5572006278300474,1246.1488782570216,48.859713718489914,2.716261772176236,56.69246799253525,1
2026-09-01 01:07:51,3.429527156438912,1173.968469671885,46.32415782810207,3.179215892243167,62.6322364172434,1
2026-09-01 01:07:52,3.3462415203550826,1120.1190135415773,46.477444249487675,3.308579084969989,53.34746864884768,1
2026-09-01 01:07:53,3.4855095420918567,1274.506876104992,47.62518830916264,2.9575713375138637,54.5866172410789,1
2026-09-01 01:07:54,3.455405628613884,1302.725744470238,50.73237085070403,2.714891774502147,56.36804845258204,1
2026-09-01 01:07:55,3.5113140457053023,1277.140338688484,47.56757915292734,3.0881183519894826,59.25520083561259,1
2026-09-01 01:07:56,3.4636883338844435,1183.2107030510126,46.147035249615186,3.4770431967428874,57.37698259190297,1
2026-09-01 01:07:57,3.299254313925499,1142.2682830635579,48.968016856345244,3.4543957158068332,56.61188532539582,1
2026-09-01 01:07:58,3.4611653061698844,1146.7158651090217,48.65782661905848,2.9960960941979518,62.384312416418695,1
2026-09-01 01:07:59,3.4694380888931686,1115.8133716192976,50.928122938794885,2.7477070017197,62.703498089330616,1
2026-09-01 01:08:00,3.563366102477406,1194.6310690794978,45.26553080553257,3.0112867245357693,56.960063906080535,1
2026-09-01 01:08:01,3.430180032538895,1280.2838979041228,52.47414025756661,3.008105353429075,53.113939821254256,1
2026-09-01 01:08:02,3.6678674673372567,1192.916868406388,46.30671032576595,3.29059069164809,51.81083179572114,1
2026-09-01 01:08:03,3.3088359449348244,1215.1161450174138,47.56869033238589,3.133164213793428,59.04119366766439,1
2026-09-01 01:08:04,3.6311167497802623,1268.7798482152104,47.06255015560661,2.94669340915153,60.331230230019756,1
2026-09-01 01:08:05,3.4775681029121897,1179.79523440838,47.70833719728877,3.511959600858881,58.59239676013904,1
2026-09-01 01:08:06,3.5859584872343557,1301.7765728359798,50.16362283622229,3.230816448922139,58.230719122201165,1
2026-09-01 01:08:07,3.5079801484058732,1299.6047203748726,49.67868858015046,3.327321392515979,56.06985563940123,1
2026-09-01 01:08:08,3.6139555536025467,1193.4444330659758,44.94460032692344,2.6872090744653248,60.48846290526504,1
2026-09-01 01:08:09,3.461263803544719,1171.1232867990393,48.937900426204195,2.485433251503527,63.59811970026029,1
2026-09-01 01:08:10,3.3901379574822186,1234.8619023195156,46.058380580102614,2.789456986287398,51.952970571596936,1
2026-09-01 01:08:11,3.6420504287271065,1182.6237528740571,48.65465715215324,3.0845657010466963,58.4111400772805,1
2026-09-01 01:08:12,3.4886519354117858,1142.1722391466333,46.39234751494586,3.4096435420208797,55.77263863544288,1
2026-09-01 01:08:13,3.5221558473624213,1264.061932676149,47.568564634191894,2.5420706836225553,54.25232574156217,1
2026-09-01 01:08:14,3.6234751914044794,1260.822369363854,47.103543105835946,3.730608372064349,55.373836151410515,1
2026-09-01 01:08:15,3.3968044757905567,1207.775580188178,47.35440243965936,3.311930568791799,59.942822370857016,1
2026-09-01 01:08:16,3.5595490897639257,1136.8567623135912,50.27093500831904,3.676857266653742,60.05873043661734,1
2026-09-01 01:08:17,3.441010524353711,1138.5236874391308,53.81708822851826,3.0109857520345384,63.26474716740828,1
2026-09-01 01:08:18,3.4867830644355626,1205.3614644209576,46.53197946337406,3.435942765036532,58.950268565360304,1
2026-09-01 01:08:19,3.5072278965384287,1175.0064482747484,47.81772464954192,3.318351571784029,53.689299074355226,1
2026-09-01 01:08:20,3.3499778138553062,1182.9453533929195,44.75086262294363,3.5461066947171673,58.28949537687609,1
2026-09-01 01:08:21,3.4221162957179567,1251.0981577530001,47.18422541342437,3.2386713985288935,54.88490682739669,1
2026-09-01 01:08:22,3.635107289241314,1236.658965871128,50.383134881628195,3.4587813795190936,55.46369642481807,1
2026-09-01 01:08:23,3.5886191188584795,1268.9071340248806,49.902439112977575,3.655483420456185,60.86580129934361,1
2026-09-01 01:08:24,3.4937360422672765,1150.4688388311372,41.528587284001254,3.1374799446653,59.74670688094742,1
2026-09-01 01:08:25,3.5243123458512895,1182.8404215656644,52.03815784070491,3.413514110587736,60.9669009905102,1
2026-09-01 01:08:26,3.470575749436354,1237.9490847730056,48.86712964160283,2.7824901776821442,58.171765702429056,1
2026-09-01 01:08:27,3.635658338582798,1222.4039170506446,47.292265699904924,3.5676077625758644,61.65587297456035,1
2026-09-01 01:08:28,3.4799647422205835,1276.619019129381,55.87085399088882,3.9512636279036117,58.08411562945399,1
2026-09-01 01:08:29,3.523184209213485,1221.0268352952035,45.56328425080818,2.999542058548264,62.714412862591104,1
2026-09-01 01:08:30,3.6146030144142065,1292.4054552052776,49.18188082271265,3.353466502752498,60.43832122281903,1
2026-09-01 01:08:31,3.422262851515409,1227.0008900861571,47.78791384296972,3.653033279163123,58.82345383299059,1
2026-09-01 01:08:32,3.6558789184496896,1253.108372379433,49.96939137585385,3.4063221389368623,60.12076361701277,1
2026-09-01 01:08:33,3.3469538590256622,1183.8242526607771,44.445941901970535,3.4544347703528726,59.47094242159977,1
2026-09-01 01:08:34,3.66296421311128,1200.7143605941994,45.9705382345005,3.295613080455821,64.35288411050334,1
2026-09-01 01:08:35,3.4627324416048024,1245.5472201919738,48.16139002932635,3.2924752449945465,60.34091747234097,1
2026-09-01 01:08:36,3.475730125217472,1280.6489085296528,49.088740681973455,3.4029206828533156,59.63980662746112,1
2026-09-01 01:08:37,3.3109989828817055,1236.4618474655376,53.313198823188365,3.449438363578744,58.969212113532286,1
2026-09-01 01:08:38,3.454520528262231,1195.841411403269,48.19040912174864,3.090512566471752,62.254277382459755,1
2026-09-01 01:08:39,3.3960193468973117,1268.866751476417,47.59808295039646,3.4331463571691443,61.88850478192528,1
2026-09-01 01:08:40,3.4392353654626526,1090.401067186006,41.11804292511463,3.931521142573759,58.983279913866916,1
2026-09-01 01:08:41,3.486268903421112,1128.8882749246563,48.85173290370075,3.3432288308922975,56.37792030097641,1
2026-09-01 01:08:42,3.5957791614472905,1234.0817111834194,52.99762054336507,3.1058004821145886,57.178980469749824,1
2026-09-01 01:08:43,3.5207603351400625,1200.7054178126562,47.02079939272428,3.4395601645890572,59.37243730629834,1
2026-09-01 01:08:44,3.5307676653401114,1230.2756825562083,56.261108072112236,3.278609149355704,64.01174748332221,1
2026-09-01 01:08:45,3.390448061115444,1203.2203761215972,47.12080583597231,3.0994984534044194,59.25447511726426,1
2026-09-01 01:08:46,3.411924591039727,1228.5472847301937,49.72149476642827,3.550759547528795,58.26267421514835,1
2026-09-01 01:08:47,3.6798725018351313,1159.2798589503404,49.793898755039486,3.3039324058716932,54.80292714533915,1
2026-09-01 01:08:48,3.4264798965236754,1228.5243043039845,48.696125349435825,3.3376107749690425,64.66574943193201,1
2026-09-01 01:08:49,3.6656208252057296,1249.7207264103793,47.66885089656827,3.5790612471486494,61.872249603109545,1
2026-09-01 01:08:50,3.4756938801119133,1261.0275301965617,54.89125518902446,3.081088662432341,62.593235115222775,1
2026-09-01 01:08:51,3.5002287936143506,1300.677714732435,51.38053407990871,3.0265781539737118,63.130309401033365,1
2026-09-01 01:08:52,3.607036516022993,1212.2049221751192,51.289173498531035,3.7583187154076363,59.791094599008396,1
2026-09-01 01:08:53,3.627189242193866,1213.695554342359,46.074244616224235,2.98581498484784,60.57909722656793,1
2026-09-01 01:08:54,3.4889187439720915,1123.8413767913075,52.625024337984186,3.2800697644808663,64.83117119122134,1
2026-09-01 01:08:55,3.4611756946478462,1173.4294299430787,53.410751247182034,3.04112922046455,60.94414807336281,1
2026-09-01 01:08:56,3.4944079551477785,1190.3458962996694,53.54794628716274,3.443248149034439,62.208021315637424,1
2026-09-01 01:08:57,3.533795752823212,1252.5159776138178,48.0035245482182,3.7255147213924467,63.097137637087016,1
2026-09-01 01:08:58,3.5891303686869755,1169.4499437955185,47.12648493877676,3.6388064897248182,62.454319522793455,1
2026-09-01 01:08:59,3.5004229858994154,1239.8170009874416,50.46611168138669,4.330675129950298,60.18105805476608,1
2026-09-01 01:09:00,3.5618886298023154,1199.918914151831,47.83379530506835,3.947195806457821,60.50395407716385,1
2026-09-01 01:09:01,3.663835973227094,1191.1415942442618,51.05495232424177,3.3497817740821487,62.97856695957347,1
2026-09-01 01:09:02,3.5381309612264786,1212.4446984566628,54.77060625896232,3.278020635689214,63.01369426548986,1
2026-09-01 01:09:03,3.531165285600478,1180.4421813873578,47.87896698813851,4.457151527437795,64.23042352278411,1
2026-09-01 01:09:04,3.3481089174909933,1178.5481375953668,45.3277930137081,3.9719247548731618,62.41905671569528,1
2026-09-01 01:09:05,3.2369269863170937,1114.7607047104943,46.297139370347885,3.837972043342033,62.595622646581965,1
2026-09-01 01:09:06,3.538837572923017,1187.6022896336056,49.769445796330785,3.691624712833854,59.5071457454925,1
2026-09-01 01:09:07,3.4905175768719126,1176.0015926925637,52.66853635217582,3.7592336474196824,59.14243735267018,1
2026-09-01 01:09:08,3.448521732508526,1174.2009505325461,52.08477020696254,3.240563202540457,63.26781794898041,1
2026-09-01 01:09:09,3.5243530204186344,1220.843653129502,49.41659099605074,3.740304944252223,59.24341076191684,1
2026-09-01 01:09:10,3.4939596270803093,1232.9315976395255,51.293591600533645,3.7225706204389057,60.94390299665542,1
2026-09-01 01:09:11,3.61277802506339,1211.6097252321165,48.199730767403636,3.4379675562787657,65.18311576895992,1
2026-09-01 01:09:12,3.5086110868258977,1249.7707595224738,54.20332329259187,3.555659281146674,64.74779696312136,1
2026-09-01 01:09:13,3.425307671492983,1228.7780962915183,49.062739254918085,4.179778143258292,62.031492618517674,1
2026-09-01 01:09:14,3.599016623895929,1185.247190509718,49.67495516940189,3.6956807571447747,60.27774742666503,1
2026-09-01 01:09:15,3.4782868925053796,1176.857185714281,49.86095444070102,4.362592632001174,60.83606947517569,1
2026-09-01 01:09:16,3.5526536683672307,1215.6411118383423,50.46983210015888,3.2270454183030344,63.849226669413085,1
2026-09-01 01:09:17,3.45225892938072,1228.688355495095,50.86688837144723,3.600618201389533,61.176788453947786,1
2026-09-01 01:09:18,3.4350173114502565,1269.892215351575,53.701451305552105,3.3010816998911894,59.65147914729553,1
2026-09-01 01:09:19,3.5084168230185697,1259.5586522470048,45.8582414631303,3.410446537105723,65.0136906355903,1
2026-09-01 01:09:20,3.5012828643543683,1172.9263496746416,47.579604124529624,3.5328195695834923,61.951206823794244,1
2026-09-01 01:09:21,3.5479827035366833,1194.899685993637,45.33675115022493,3.8838821773204666,59.7146789834712,1
2026-09-01 01:09:22,3.473135424669026,1233.5508902458885,53.550002434542115,3.8773451486214134,62.923307053284375,1
2026-09-01 01:09:23,3.3163640216229604,1253.3998889029485,53.82728802642416,3.6015182094170237,64.44018176610405,1
2026-09-01 01:09:24,3.4567226116411613,1246.9484734352395,47.59526484421853,3.1449734461123384,58.543547372203285,1
2026-09-01 01:09:25,3.5793818467143814,1196.8061083584328,53.07758571472524,4.2646291832309675,61.0052448665478,1
2026-09-01 01:09:26,3.470262392075689,1137.2988673785742,50.882926967915054,3.7435999145184224,60.906596543881406,1
2026-09-01 01:09:27,3.475361659748545,1150.0531811877204,52.42778341218593,3.5024502862469955,63.043548184037114,1
2026-09-01 01:09:28,3.598637650590594,1213.6316757159707,50.03582760154548,3.9278245796663716,63.6227516953063,1
2026-09-01 01:09:29,3.4288026772741076,1217.1112789712172,54.151450281031124,3.9146869045103054,60.11234503292831,1
2026-09-01 01:09:30,3.34571967817571,1145.0660313282808,48.95438395305364,3.7645584218613717,57.32855327908873,1
2026-09-01 01:09:31,3.4839368880474506,1202.2284805444635,55.45528421109622,3.913928674061821,64.94224311064505,1
2026-09-01 01:09:32,3.451582604875126,1231.5612178485892,53.08634400317533,3.530868425254972,58.52705107515524,1
2026-09-01 01:09:33,3.4033753680246748,1142.4386671246427,53.9417274939592,4.11335923833833,62.74047954205856,1
2026-09-01 01:09:34,3.482462154410131,1255.2498600902206,47.23461708268155,3.594333264966332,61.57102427077492,1
2026-09-01 01:09:35,3.549150564724678,1181.1234425720088,44.797643089780244,3.719730504810372,62.49433872261923,1
2026-09-01 01:09:36,3.4990711438432185,1262.8806556288325,54.71617137750727,4.104049954254882,67.00074896216762,1
2026-09-01 01:09:37,3.530698107268624,1173.327377711205,45.028900313963476,4.278605106920487,71.20193192795257,1
2026-09-01 01:09:38,3.681340769851542,1148.668725855791,49.28275588239326,4.401157795839327,57.2268148929313,1
2026-09-01 01:09:39,3.4657121138442437,1177.093150507914,50.1138074964977,4.250172904973405,65.11888563316595,1
2026-09-01 01:09:40,3.527834863464467,1195.242593846134,51.90053607661172,3.844219786300907,61.73846388917427,1
2026-09-01 01:09:41,3.4490786637400865,1180.576004661426,55.92644982985129,3.487139528719311,65.39081078838491,1
2026-09-01 01:09:42,3.415364028011303,1189.1999289213443,49.15279701383379,4.378974133138326,65.15907651582478,1
2026-09-01 01:09:43,3.441509234658223,1216.6982574838096,50.93343000198425,4.376674262136958,66.55656174892182,1
2026-09-01 01:09:44,3.4521241428478313,1191.44103151018,52.60446842696463,3.771880627467425,63.222262112855454,1
2026-09-01 01:09:45,3.5359475797547124,1196.6943803023996,52.05111278278469,4.257838192828849,59.73867795254233,1
2026-09-01 01:09:46,3.7349075786700756,1114.53868003987,50.542623759329985,3.889836151310268,65.2303959135763,1
2026-09-01 01:09:47,3.428395656372416,1219.5849008005237,52.38605586375919,4.447880562551016,62.84148021591968,1
2026-09-01 01:09:48,3.4583374694384537,1195.5398351154165,49.083323447588924,3.851046106784371,61.82599788212513,1
2026-09-01 01:09:49,3.493687698688875,1280.5146490241436,50.013593695364726,4.607108899778065,61.13889592545268,1
2026-09-01 01:09:50,3.5395798848709745,1153.021741637302,52.35659399576229,4.257357685800995,65.62661431492299,1
2026-09-01 01:09:51,3.5263550811954785,1109.5852335750242,51.01093150179398,4.568792982935325,67.45775612366978,1
2026-09-01 01:09:52,3.6284095793948117,1230.903424696502,50.961017043672484,3.8983983566425735,59.10163001158878,1
2026-09-01 01:09:53,3.2573607929464794,1217.32635091565,55.3750879584739,4.167054426878804,64.59358445516452,1
2026-09-01 01:09:54,3.2613070129804327,1149.5783489734426,46.36958472983267,3.7627697940502443,61.65060621149983,1
2026-09-01 01:09:55,3.450412182798985,1123.5125522497954,50.25352863579706,4.31475833719732,58.40599061323147,1
2026-09-01 01:09:56,3.609730018754371,1276.8698365342145,51.33703855733054,4.339282029420707,63.29096531013687,1
2026-09-01 01:09:57,3.3434351968394402,1270.7055195303392,50.852703736506584,4.796684753037933,60.388474547319205,1
2026-09-01 01:09:58,3.1992367660306242,1075.6271620646935,49.535812014690435,4.23019752475148,58.194668244527335,1
2026-09-01 01:09:59,3.5571179406219207,1177.088848537175,51.16151855238177,4.310821854345422,60.62274655129436,1
2026-09-01 01:10:00,3.5243657223702716,1283.209602739195,48.58735378281008,3.960352488650467,59.92468625426645,1
2026-09-01 01:10:01,3.390979159320057,1176.1968721111066,50.32981406282084,4.272023421400181,61.10798748885787,1
2026-09-01 01:10:02,3.401446039927907,1175.4693882986674,49.18443832571397,4.003650255011342,59.11043585722702,1
2026-09-01 01:10:03,3.4030256280365325,1185.8620336185315,51.36100416873455,4.160383853278225,61.94270780224949,1
2026-09-01 01:10:04,3.511053531747394,1143.955151311592,55.88659108046678,4.185988332097372,61.028420783916246,1
2026-09-01 01:10:05,3.4373684723816993,1114.7612127885977,49.84948066562139,4.035950179636891,64.33504983964518,1
2026-09-01 01:10:06,3.549406391897552,1252.6273655367374,50.05391920153215,4.168533178612248,65.02886520744319,1
2026-09-01 01:10:07,3.214537333709561,1107.853154687616,50.381498951383755,4.0450691067436315,64.06873401862362,1
2026-09-01 01:10:08,3.41431481348722,1212.3635726054379,49.4238365948126,4.051746328155514,62.6219949547078,1
2026-09-01 01:10:09,3.387394603908895,1244.3289746378825,54.10592358299607,4.4966730691243555,62.58108558129142,1
2026-09-01 01:10:10,3.4743659321627507,1127.4386850549422,52.53081532799597,4.234305774229605,60.89718344617431,1
2026-09-01 01:10:11,3.446195224150986,1153.7865798702464,54.97787453056482,4.293809571349772,61.00946447021863,1
2026-09-01 01:10:12,3.5797843779895766,1260.6589594195796,54.214585382116766,3.760506267002037,65.5993000927247,1
2026-09-01 01:10:13,3.314066322833994,1226.644586011352,49.24908856328061,4.332743205254823,58.249420732577136,1
2026-09-01 01:10:14,3.504549147633075,1169.1357146560556,56.73424425460508,4.372840752906285,63.326393753629745,1
2026-09-01 01:10:15,3.5558336423211707,1260.1124501680586,53.1209725099629,4.102220134915096,62.63802142392501,1
2026-09-01 01:10:16,3.6856647436561953,1260.3267861727152,53.93837743964012,4.8552386326079375,65.44604495277332,1
2026-09-01 01:10:17,3.4518234028906525,1213.4526346507853,48.68966977598954,3.5509695584825183,59.41365273842163,1
2026-09-01 01:10:18,3.5324458604352516,1154.991988606317,52.97956957235848,4.481055886476909,63.76617084518655,1
2026-09-01 01:10:19,3.3196137207437637,1179.3275648264103,54.86955716824458,4.467595195240213,64.79772179284609,1
2026-09-01 01:10:20,3.2608043795686976,1214.3193371977695,50.44288113802197,4.424236641361586,58.094615152936825,1
2026-09-01 01:10:21,3.58447743757817,1190.5702585426257,56.36651613746563,4.322633581461357,60.62586493026363,1
2026-09-01 01:10:22,3.499443970635193,1246.9478589117425,57.531613629345514,4.442981574565289,63.61351934845051,1
2026-09-01 01:10:23,3.6178512689798423,1123.5112959945332,58.03919456948947,4.546238429652554,65.47136965183184,1
2026-09-01 01:10:24,3.362659711103025,1125.286823546688,48.47750787439184,4.076027518644196,64.51646690230707,1
2026-09-01 01:10:25,3.5519902139528754,1209.0435555741217,56.519472915384426,4.391560488455829,65.69037176785844,1
2026-09-01 01:10:26,3.6868817840543855,1175.4227793096547,59.17237610961561,4.254814757202819,60.81093151112708,1
2026-09-01 01:10:27,3.5419705608357264,1168.647569265113,51.97795678843231,3.989687297750165,59.32283803990501,1
2026-09-01 01:10:28,3.527658150559105,1111.5971640412802,51.112616329870264,4.5409768182098125,64.3826465463995,1
2026-09-01 01:10:29,3.500855608082435,1200.977292239909,50.515810981764794,4.164525706428623,60.48110945452683,1
2026-09-01 01:10:30,3.342911854287409,1197.3622445999617,56.42492864396856,3.8924842394080015,61.6132422310658,1
2026-09-01 01:10:31,3.635557293571035,1232.673949097587,52.65067944344033,4.188116651639355,67.04608431372837,1
2026-09-01 01:10:32,3.4389142360194933,1203.4453066560486,49.1693930990268,4.118188188429919,64.85658795958985,1
2026-09-01 01:10:33,3.5504483256383015,1193.3697960879751,54.34228012432044,4.674409568622899,62.624894613563086,1
2026-09-01 01:10:34,3.3436965693428746,1258.8500318395168,54.60708202090662,4.419831816041297,62.27527485544648,1
2026-09-01 01:10:35,3.382054033549222,1134.3766348275726,55.02139373402001,4.796596705588864,66.27217408007691,1
2026-09-01 01:10:36,3.6435087399222237,1226.8194609423788,53.53265768832333,4.189923020519976,65.0853622563994,1
2026-09-01 01:10:37,3.4652697711042157,1116.4426417602326,56.00578932410622,4.660148859466847,60.84581956252141,1
2026-09-01 01:10:38,3.6453275476042544,1158.0819059999596,55.05902295082605,5.25779278034828,58.686058330226686,1
2026-09-01 01:10:39,3.4921769340941484,1139.3671433688344,56.74371452115182,4.5207236540520555,70.21497506749002,1
2026-09-01 01:10:40,3.315810222704214,1239.0971267725959,53.60679623247936,4.680416580618868,60.94217193365694,1
2026-09-01 01:10:41,3.5892067599731723,1196.7294883202303,53.78447696487546,4.637985229197552,66.23273915955002,1
2026-09-01 01:10:42,3.441010768224439,1199.3248377703512,49.759990906972206,4.01131533971019,69.2217684867042,1
2026-09-01 01:10:43,3.5698688813517045,1144.6633506135274,55.09694325224827,4.621691135186181,65.1725224362292,1
2026-09-01 01:10:44,3.502521086754008,1185.0153252033556,55.15140512345387,4.545890850148824,62.96845974036816,1
2026-09-01 01:10:45,3.3456881772057128,1161.8267348345444,52.39888719763498,4.384037746942469,60.531662684722676,1
2026-09-01 01:10:46,3.516429476537057,1219.1727507427108,54.72896258258492,4.204759057708506,60.52981824088975,1
2026-09-01 01:10:47,3.71962231421528,1150.4454432334194,53.97267306949079,4.686172950076089,66.01997443591905,1
2026-09-01 01:10:48,3.549298645851446,1266.4897182602538,52.84855724446233,4.1942648641027995,69.28285889877988,1
2026-09-01 01:10:49,3.4942482246994535,1116.2209775187953,55.18474196239026,5.134087675398563,63.78359267985638,1
2026-09-01 01:10:50,3.6075343401956896,1159.674008377172,60.558841852435755,4.53625272704844,63.34284862356192,1
2026-09-01 01:10:51,3.521066846520311,1283.8600254983048,54.691265131817744,4.143017895674059,67.1424933224836,1
2026-09-01 01:10:52,3.5209534230262793,1178.2430626018984,50.29618473044329,4.363819134519517,63.03224832837584,1
2026-09-01 01:10:53,3.39083748278409,1134.2560667797793,58.37969639380671,4.4425857245390805,65.95357885301539,1
2026-09-01 01:10:54,3.52338480257896,1210.9535781268835,58.72610408482522,5.2577470302111875,65.29557452042671,1
2026-09-01 01:10:55,3.6035443416416943,1176.2303878892728,55.324422487888874,4.276665357999193,63.98180603447604,1
2026-09-01 01:10:56,3.4163937847899977,1158.2064872190847,51.116015359763196,4.515184871074634,65.20363577404069,1
2026-09-01 01:10:57,3.6424495821246947,1145.206459460064,57.123165870987336,4.396709547098551,70.57974663424022,1
2026-09-01 01:10:58,3.4908293975854874,1338.4186802812972,57.757485799739136,4.715843611740565,67.1439291626332,1
2026-09-01 01:10:59,3.411223048846146,1187.4224049907932,57.72576840361722,4.417509049962561,68.64787278313831,1
2026-09-01 01:11:00,3.5997632076920243,1103.7216319833562,49.784524424380734,4.240365082240169,62.65432732765022,1
2026-09-01 01:11:01,3.471320576426173,1274.6854879502766,56.39381422650604,4.53150171615123,68.73825889327317,1
2026-09-01 01:11:02,3.575951488748611,1230.5535452555284,58.38514065833693,4.508279945098424,67.40755191689745,1
2026-09-01 01:11:03,3.470824136774146,1161.6766784490105,51.99608130783972,4.428432792818902,61.031742240852424,1
2026-09-01 01:11:04,3.49401738564701,1153.344045565693,55.87432156498681,4.452471006444979,67.18994277068387,1
2026-09-01 01:11:05,3.549356020433429,1233.6736398079115,54.75970997988453,4.977530861486423,64.07078820022657,1
2026-09-01 01:11:06,3.5290897057590005,1187.6540836255272,54.776063306315045,4.534208065849879,61.013239621673804,1
2026-09-01 01:11:07,3.300446821954826,1103.7011090777448,55.09433556970741,4.297899839394608,66.08001788767355,1
2026-09-01 01:11:08,3.387875625990561,1289.3619982302334,56.484317328794,4.507511357006189,67.34785850391856,1
2026-09-01 01:11:09,3.5929409984790817,1178.3004768892022,51.52208668852651,4.670454851993772,66.22559497670446,1
2026-09-01 01:11:10,3.486786341109845,1274.7785868241212,53.66214873318888,4.261281271196756,65.48339505627355,1
2026-09-01 01:11:11,3.447626869722858,1263.9217478982857,58.01500584896727,5.1579635581720895,64.85909483547586,1
2026-09-01 01:11:12,3.3641425984742526,1149.9495227758594,55.271580012694315,4.938452021430059,73.29065491891556,1
2026-09-01 01:11:13,3.392026367872415,1251.6594932181574,51.454177064866286,5.11523800927182,62.383222765344996,1
2026-09-01 01:11:14,3.2978201360038053,1167.427872506816,57.88273429071666,4.811832631840499,68.58973691804258,1
2026-09-01 01:11:15,3.4898719281298467,1106.664970659803,54.624670175356854,4.074092967163172,66.05727992367797,1
2026-09-01 01:11:16,3.4401562419418954,1178.7700916988929,53.861929593407766,5.170810325201764,63.487651532249956,1
2026-09-01 01:11:17,3.4033412109014685,1219.881875088814,54.770227240452485,4.459147710305251,65.94589393920535,1
2026-09-01 01:11:18,3.4931876574832046,1176.863167600183,55.90789616441904,4.491570203025597,61.95233321836528,1
2026-09-01 01:11:19,3.536397063085274,1184.6475829537449,57.62667869924496,4.7811317774208675,64.38469995075062,1
2026-09-01 01:11:20,3.7093197932209945,1257.1783022464306,50.98205089812209,5.155711196243287,66.0704082337044,1
2026-09-01 01:11:21,3.3488116580436786,1205.3246990145046,56.394834350670536,5.06623639043597,61.597900075453865,1
2026-09-01 01:11:22,3.615938104330052,1157.8350844357524,56.03884430477237,5.030142594311064,67.81043890675546,1
2026-09-01 01:11:23,3.597310156101507,1235.1015161833664,53.96967510421958,4.672718150403901,63.440048208596735,1
2026-09-01 01:11:24,3.42209072606233,1209.8837783477122,51.782913248758035,4.67599201644664,62.01620849733071,1
2026-09-01 01:11:25,3.520323595458603,1073.9197599268978,54.58927783368393,4.8860653826763025,63.170158203926306,1
2026-09-01 01:11:26,3.4542366750662383,1221.4176456885725,54.95272567173947,4.75126903790523,72.97931393695791,1
2026-09-01 01:11:27,3.5185688580418737,1219.591435385805,57.43395251189493,5.065093670497104,60.557299065884976,1
2026-09-01 01:11:28,3.650913101340455,1201.006056479043,56.385643084216866,5.055341605654874,67.8399007978409,1
2026-09-01 01:11:29,3.5605606232631315,1244.5850290534788,55.16317001019976,4.991716710666125,64.31666275851371,1
2026-09-01 01:11:30,3.550860837323344,1166.380320783675,50.3876668329355,4.064533937791509,65.56122709705893,1
2026-09-01 01:11:31,3.4569690680045357,1216.824989441045,53.39863156305971,4.86872683943351,68.46344443769264,1
2026-09-01 01:11:32,3.3515943335075664,1121.6520314416323,51.798920631552825,4.8056821741185285,68.35614783620845,1
2026-09-01 01:11:33,3.479153178945959,1220.3545191699416,58.160588049479536,4.896754026874206,64.68964247424636,1
2026-09-01 01:11:34,3.6206608154863913,1297.6529847769948,55.03488907721772,4.628056962790432,62.698299751871886,1
2026-09-01 01:11:35,3.347283214341035,1150.257182376623,57.97486046858618,4.4649265892425944,68.67823473291372,1
2026-09-01 01:11:36,3.3944910631823304,1162.0098934006112,55.70369824216054,5.009311914362883,68.50898343087988,1
2026-09-01 01:11:37,3.5126267736234067,1164.4992278554223,54.178738833088325,4.77148798305876,66.03698336552732,1
2026-09-01 01:11:38,3.401534521515274,1206.4999112900798,58.893096761460505,5.058794284498666,68.25776508335707,1
2026-09-01 01:11:39,3.4207476552884786,1146.848186357314,62.77301727463001,4.6931200810889635,65.63448352904537,1
2026-09-01 01:11:40,3.4576401418271825,1221.062368934549,54.146897907604526,5.327175594550205,64.53089931690765,1
2026-09-01 01:11:41,3.363438259580985,1242.3419972734582,57.484655432416986,5.210729863181639,67.06393859541528,1
2026-09-01 01:11:42,3.402587815378363,1226.7173606726892,55.95704248165698,5.0074665509821825,68.64919031536664,1
2026-09-01 01:11:43,3.5703427916787307,1111.5792287180964,54.28512485420353,4.862439902410642,68.05988294078944,1
2026-09-01 01:11:44,3.3692630217769035,1249.7583832579303,52.170776281361434,5.190157097773893,68.6996602124022,1
2026-09-01 01:11:45,3.3402127865505165,1246.868370712684,53.66204047853916,5.060206787013664,64.93047559234483,1
2026-09-01 01:11:46,3.4369975020466104,1241.5080686173153,53.588269495941674,5.022025706829632,71.99789562652701,1
2026-09-01 01:11:47,3.5731955502509845,1218.6421124327912,54.22231659225319,5.271318081326341,66.26514972627642,1
2026-09-01 01:11:48,3.480307819200311,1211.0094657102566,53.69910749320908,5.3944273127884586,66.97558537790256,1
2026-09-01 01:11:49,3.453541892188438,1251.6194699063199,53.077193858261545,4.598751119128812,63.41640464471877,1
2026-09-01 01:11:50,3.504435879751561,1296.1756743801727,53.94031425875868,4.6673672502775405,66.83084694352056,1
2026-09-01 01:11:51,3.3254292567140347,1152.3479768317575,55.6497618632437,4.756412272846851,69.049165663007,1
2026-09-01 01:11:52,3.5494705653775034,1253.9062697897386,55.24924786769809,4.547771119205433,69.78002433057048,1
2026-09-01 01:11:53,3.5383435031403643,1195.6891450996275,54.12321197851553,4.98768194883576,72.21835474409288,1
2026-09-01 01:11:54,3.459069152590428,1193.51634739857,60.2692486494992,5.194549451087866,69.13327726004896,1
2026-09-01 01:11:55,3.600592451179642,1123.1734654808981,53.299315433927234,5.016097034036822,68.44335220001172,1
2026-09-01 01:11:56,3.387250390104696,1185.7605295242302,56.99729362091514,4.870294038046662,66.3137673181097,1
2026-09-01 01:11:57,3.612790899325357,1150.1367521015793,56.26641951685848,5.3764758656772855,65.70747146799367,1
2026-09-01 01:11:58,3.5154493665595252,1176.8072785247027,58.51427779046471,5.088713467508571,70.6434782767372,1
2026-09-01 01:11:59,3.4663447410121826,1145.0906808110926,59.048195499142516,5.157449444764451,70.6259838279895,1
2026-09-01 01:12:00,3.498012636463169,1177.5545806343496,53.7560989586502,5.40883300403249,64.58177471026649,1
2026-09-01 01:12:01,3.489273523418906,1179.6944821488298,51.61144662589754,5.03359798891523,70.02214051431329,1
2026-09-01 01:12:02,3.6220282896417717,1204.83774592194,61.53794784314461,5.696642800365982,69.84404396708042,1
2026-09-01 01:12:03,3.392332087252899,1119.2625068854334,55.366031685474304,4.952242085425057,64.59150627789035,1
2026-09-01 01:12:04,3.42374807608534,1127.7240926127338,50.95242600676049,5.693979055948464,69.5943433873405,1
2026-09-01 01:12:05,3.603630289207248,1218.0957135365263,54.48332325990287,4.810182048028876,64.86437363456758,1
2026-09-01 01:12:06,3.440446506481614,1160.128094146495,54.87964295611378,5.265856081474743,60.765174150032585,1
2026-09-01 01:12:07,3.590053307733159,1253.7264895114965,54.22080573854541,4.9258589679767475,67.61278585201694,1
2026-09-01 01:12:08,3.669943598300871,1211.2634861007523,55.61288561474256,5.462496461720955,68.9065772488981,1
2026-09-01 01:12:09,3.4598204973058366,1230.3381075103205,52.990703543229785,4.991164852277106,67.82796075852383,1
2026-09-01 01:12:10,3.5681362326575305,1270.5346160210447,60.17967209727476,5.2299039998358685,76.81453366477713,1
2026-09-01 01:12:11,3.3846307718660142,1184.5144594096714,57.42612626790578,4.955488051838179,69.38980694095818,1
2026-09-01 01:12:12,3.575473329806781,1171.2756647291862,53.40400372973871,5.439826210758643,68.73471875118939,1
2026-09-01 01:12:13,3.5199423985986766,1243.5851292799407,57.01884302597313,4.969941288474924,69.62210724327561,1
2026-09-01 01:12:14,3.5473038282160214,1225.4756781964843,55.72525626163863,5.679699128097475,67.04941636017308,1
2026-09-01 01:12:15,3.4354427927964606,1190.633484508935,59.373400739052855,4.883883550594266,71.20185059969403,1
2026-09-01 01:12:16,3.3338916584432825,1269.572898347797,56.9278194297763,4.787002315192247,69.53645929198476,1
2026-09-01 01:12:17,3.5503252064749504,1189.3877845080035,56.6935522081323,5.4841643221224246,69.43900860517097,1
2026-09-01 01:12:18,3.2936596847520545,1201.6386818777892,55.984009019256284,5.0292136146276505,66.66117286493271,1
2026-09-01 01:12:19,3.4682649507757466,1201.0611325417128,63.661123425721044,5.212543520679854,63.8805825942263,1
2026-09-01 01:12:20,3.594118186641997,1153.2703052550764,59.450528833613745,5.126050376572007,67.10945534638174,1
2026-09-01 01:12:21,3.5191897735873034,1203.8792694743195,58.9883403680639,4.836948250584924,69.50155522243332,1
2026-09-01 01:12:22,3.694834264478981,1269.8380088699246,55.49307028514889,5.215640639497238,67.35959525445885,1
2026-09-01 01:12:23,3.6025109152581773,1222.2484157688089,57.492882327116405,5.626221515238438,69.60891523493585,1
2026-09-01 01:12:24,3.434610161167442,1201.5531713199466,58.34595021518989,5.555695855746425,68.07668814320486,1
2026-09-01 01:12:25,3.5027313379851437,1191.9116359417164,58.56441883853428,5.33230059155054,70.10555226769338,1
2026-09-01 01:12:26,3.4952629297455564,1216.5433514203175,54.66706622767859,5.604451258681303,65.92338147622792,1
2026-09-01 01:12:27,3.341782323665387,1237.4883314244591,53.566215668230306,4.960923203370526,69.47256392954914,1
2026-09-01 01:12:28,3.4059601083515645,1230.4619415444877,56.71340227935294,5.189150488115285,67.01107149487974,1
2026-09-01 01:12:29,3.443923909302014,1183.4067569089011,53.89732864584606,5.413536277013858,64.35912514758206,1
2026-09-01 01:12:30,3.2963779497144063,1216.2390797055057,59.953028382360316,5.263678354757669,68.51855164492889,1
2026-09-01 01:12:31,3.5047493468251645,1223.996987057414,58.07188089317641,5.236763811667844,73.6630067755082,1
2026-09-01 01:12:32,3.475092815534696,1149.6402506236511,56.35656870684233,4.95862569912249,64.71836487055614,1
2026-09-01 01:12:33,3.3327106098688426,1208.4115270591847,59.572817040369515,4.702424410234013,69.49231088531673,1
2026-09-01 01:12:34,3.5404212865277334,1091.934805684882,56.00727446494834,5.580194762319726,71.56690536396684,1
2026-09-01 01:12:35,3.571587274469096,1224.1266854910593,58.018036996636695,5.41580931481851,76.11430626964757,1
2026-09-01 01:12:36,3.5227034478864887,1233.017152728134,53.408429402043,5.621450364313879,67.77545530691418,1
2026-09-01 01:12:37,3.467593182479103,1237.3773062893229,56.971347880596404,5.227688076211347,67.39829248048136,1
2026-09-01 01:12:38,3.5591442151751855,1180.2476573915217,53.067859588526204,5.153033501418589,65.83425774651653,1
2026-09-01 01:12:39,3.5680220360476693,1215.4523417512016,51.97742424308235,5.376839264865865,72.79592337891303,1
2026-09-01 01:12:40,3.5307403569719686,1271.1976922770584,60.82514303303563,5.639142777466727,66.81217142669719,1
2026-09-01 01:12:41,3.417538774956524,1270.688482414563,57.887252859794636,5.321455226394595,68.3426651591284,1
2026-09-01 01:12:42,3.527660076551118,1198.541365038672,55.573085194426525,5.639434454197445,63.94768086238073,1
2026-09-01 01:12:43,3.619548065082548,1206.965981536478,54.464052647865415,5.105014505228981,72.18645006257012,1
2026-09-01 01:12:44,3.440337094138827,1255.5455572367216,52.93724227651172,5.366480774963955,73.04934941690865,1
2026-09-01 01:12:45,3.709793933913243,1124.9598992368913,61.00200755199834,5.401888679699514,72.1519398053677,1
2026-09-01 01:12:46,3.4474369066014616,1183.8462128661488,56.334914540057596,5.798847914107506,64.83867881059349,1
2026-09-01 01:12:47,3.5032407013340134,1266.778522776838,55.665223454547366,5.501227158343712,71.51614781703262,1
2026-09-01 01:12:48,3.4327514403993664,1248.7600270842383,59.57831604136102,5.970770202435205,64.71672358056273,1
2026-09-01 01:12:49,3.522327083592026,1218.4631888824952,53.22870937853051,5.05064951497071,69.9488956809675,1
2026-09-01 01:12:50,3.3257778307364725,1124.708379733469,55.69648756572518,5.501938634286347,70.4300475547662,1
2026-09-01 01:12:51,3.445395820118328,1197.5044883479418,55.981208579311584,5.524790382725104,70.78540450917964,1
2026-09-01 01:12:52,3.3907878799651434,1170.5042301875033,60.404603337105186,5.665006938255039,71.4988044928073,1
2026-09-01 01:12:53,3.513533834789229,1216.5519451408607,62.16514418391607,5.24297900605232,69.91083412425712,1
2026-09-01 01:12:54,3.5994447375508907,1159.532665760256,59.449206144383936,6.000328896818246,64.08768643678931,1
2026-09-01 01:12:55,3.564600618711455,1148.7138302512697,60.166444663775835,5.5068921854445305,71.62037804141362,1
2026-09-01 01:12:56,3.2628340639141107,1096.7567361158178,58.8986572413109,5.184890757130535,70.3478794784383,1
2026-09-01 01:12:57,3.704206965292788,1261.090234248835,63.28891213644293,5.514211521894934,67.3872357209814,1
2026-09-01 01:12:58,3.5295279940620867,1180.0114744278471,60.68781543298124,5.433078570162993,65.4269428717253,1
2026-09-01 01:12:59,3.4223500859507,1207.8572891851268,58.2890303475253,6.370005577709234,74.79524173294824,1
2026-09-01 01:13:00,3.515712791899094,1199.888094176291,57.08503364759409,5.858026122900547,73.90911683008726,1
2026-09-01 01:13:01,3.5176189822502693,1146.628303351975,59.119476541585065,5.565949457763516,72.37312747717762,1
2026-09-01 01:13:02,3.4333151283048435,1137.0467544275903,63.05242324543979,5.525484053499298,68.26639556159118,1
2026-09-01 01:13:03,3.5197916667342075,1149.7342437001382,58.14062454282127,5.852384125811507,62.78434867870079,1
2026-09-01 01:13:04,3.4392527712379692,1163.8415780585303,62.5793722271577,5.87473372317354,72.66941290168108,1
2026-09-01 01:13:05,3.4595638007309977,1218.3303123506903,57.112080598686696,4.709618107286888,71.51547573698063,1
2026-09-01 01:13:06,3.4313720864244917,1160.2141168239693,57.78890189896093,5.783989037511091,69.33146852823893,1
2026-09-01 01:13:07,3.356732871026035,1287.324531579731,57.3392802910703,5.607489062292688,73.86991441558912,1
2026-09-01 01:13:08,3.5145836470215386,1251.3575517946576,56.03065287071014,5.213763960571015,73.07952813742408,1
2026-09-01 01:13:09,3.5585299436516338,1240.4179774832853,56.507480553023164,5.879179357002368,71.10386204026813,1
2026-09-01 01:13:10,3.5514883596076374,1194.0170548763424,60.81327646579926,6.296979527190603,70.72079086922895,1
2026-09-01 01:13:11,3.5819925252635234,1275.7140367860243,61.507093487882734,5.798169915179465,70.80855880845469,1
2026-09-01 01:13:12,3.5324340210014866,1189.0997184439439,62.244893545523226,5.969267671816198,72.73551531419993,1
2026-09-01 01:13:13,3.44672745017831,1198.4369292922877,56.15730120460133,6.188382874736469,68.16330669610677,1
2026-09-01 01:13:14,3.583966386443119,1208.4987269874634,60.897554568902706,5.4060765099391395,72.05372514113088,1
2026-09-01 01:13:15,3.3642482460158063,1235.0911520271673,52.593860204583464,5.105891729613088,68.05404298240704,1
2026-09-01 01:13:16,3.409932861748752,1231.8454039501494,61.77500183666179,5.868230990164022,74.86552137111255,1
2026-09-01 01:13:17,3.4035799928576753,1176.2437360777699,57.93706014180232,5.604895718246744,72.4922816106216,1
2026-09-01 01:13:18,3.608005605913931,1173.3503140287023,61.14297466109804,5.274935151475725,68.87125115101915,1
2026-09-01 01:13:19,3.5942788514140074,1231.9951478576043,57.87267494257132,5.671744214354457,71.21776344806523,1
2026-09-01 01:13:20,3.5487305237044993,1235.7618291945616,60.98368565223919,5.9214674153403895,68.4546568759319,1
2026-09-01 01:13:21,3.60719298652118,1180.3324437588565,55.3877943024157,5.666519711781904,75.56839456915844,1
2026-09-01 01:13:22,3.4120717217588012,1120.6405965160773,60.49752468558622,5.483170929998708,75.96472404950973,1
2026-09-01 01:13:23,3.534859511986098,1189.6341951995878,59.73949602107505,5.660175109138274,73.22480718382468,1
2026-09-01 01:13:24,3.4874825571616834,1231.176289941293,55.530238395507055,5.729392295644832,75.84614587913991,1
2026-09-01 01:13:25,3.5846882103884914,1290.270842320989,63.74360277844163,5.164398564455419,71.67160406283372,1
2026-09-01 01:13:26,3.4884775767447804,1140.102101882967,60.07007523114193,5.708418765300044,73.54679395778065,1
2026-09-01 01:13:27,3.461505711158992,1178.6714373584714,58.8726717258543,5.355957117615791,74.97046986202557,1
2026-09-01 01:13:28,3.554090851856099,1180.529821923731,59.67585894868078,5.964975052873596,71.31910554978859,1
2026-09-01 01:13:29,3.5876169167191234,1267.790266971575,59.67001179056252,5.306962502599242,71.58968794832842,1
2026-09-01 01:13:30,3.43316548051532,1198.2529249770685,62.415451229991675,6.087090944648564,74.2173862207031,1
2026-09-01 01:13:31,3.4938924328647625,1154.6336720313868,59.27762199487679,5.668541770527108,73.39595035324444,1
2026-09-01 01:13:32,3.3941559366358347,1227.9347641460909,55.635678923143374,5.636406587267695,69.23011433589335,1
2026-09-01 01:13:33,3.250193898250706,1179.7680739979528,59.336383535921634,5.895643686497899,64.97604842272213,1
2026-09-01 01:13:34,3.520045963141373,1138.7806363321022,56.56960967501296,5.555504981748298,71.04999238878543,1
2026-09-01 01:13:35,3.560890535625463,1155.3613346361924,61.06053021023831,5.906947049562342,65.32587407894107,1
2026-09-01 01:13:36,3.5262066809086727,1286.702097721131,57.71861983965216,5.611698698924821,68.68360464834001,1
2026-09-01 01:13:37,3.305043828224563,1219.210461082473,61.74733905802911,5.672318985641908,69.07383582509554,1
2026-09-01 01:13:38,3.4649150569923526,1205.3880027726273,64.1155192263019,5.968953598146088,70.03080980391636,1
2026-09-01 01:13:39,3.278165223994892,1187.5053132093976,53.96919348665888,5.513781135235041,74.2380912092674,1
2026-09-01 01:13:40,3.6369701107654184,1214.60744210594,58.488654705601974,5.484062172834657,74.9298554390076,1
2026-09-01 01:13:41,3.391394541788191,1214.0117973001247,57.44043390083947,5.945839023594473,73.38307901627849,1
2026-09-01 01:13:42,3.6255403609459895,1214.6084414103664,63.73301970118275,5.871309423632564,73.79441782508232,1
2026-09-01 01:13:43,3.5945869643684145,1205.7422545138877,56.9893208583257,5.937995210830206,73.90529830604288,1
2026-09-01 01:13:44,3.4099409647463936,1243.4399169152775,55.58457453993776,5.993687166411822,64.48648700331421,1
2026-09-01 01:13:45,3.3867215048732255,1201.1552173000366,61.00701302904592,5.920616069545498,72.04761006303838,1
2026-09-01 01:13:46,3.535037021638634,1151.103058222368,60.85670529398375,6.093839198601533,66.66768089354704,1
2026-09-01 01:13:47,3.4155675962816927,1169.3788554549567,57.1550477687484,5.948650305513016,73.62451552411173,1
2026-09-01 01:13:48,3.5102484642158207,1101.0490653255144,58.15165880726367,5.325236257524836,65.85781269517804,1
2026-09-01 01:13:49,3.451717240919308,1301.3408558021197,63.643249226182505,5.411070057036879,71.63586157112508,1
2026-09-01 01:13:50,3.321884158553437,1243.1377295976342,56.44469114576337,6.521828197516069,73.86052654527597,1
2026-09-01 01:13:51,3.276953198087554,1158.496475243538,58.983147476245165,5.95147301156911,68.90398341230832,1
2026-09-01 01:13:52,3.5226684248494595,1185.907757530145,64.09921111057758,6.244531954974589,75.18244517883696,1
2026-09-01 01:13:53,3.4438442253669375,1168.1561762896783,59.79678976224503,5.8637562957793445,73.85720384719258,1
2026-09-01 01:13:54,3.444691018308587,1277.1273605687059,60.25641509541806,5.958070947157296,73.5198514648911,1
2026-09-01 01:13:55,3.5695863839093787,1129.0061417864536,64.98844396516967,5.84747408720223,74.51142217994902,1
2026-09-01 01:13:56,3.6173442276632444,1205.7238029409389,62.50432972727871,6.731269690929901,71.3798571941575,1
2026-09-01 01:13:57,3.472745527863819,1194.5736078717575,57.30919945922985,6.075472226208742,72.95325408876792,1
2026-09-01 01:13:58,3.465940129309014,1241.3419315354556,53.74003938793309,5.847050135855648,72.56769225424014,1
2026-09-01 01:13:59,3.5500143033113885,1194.7995386137652,59.46868206109053,5.520053601486458,72.53993074372914,1
2026-09-01 01:14:00,3.3643064430300424,1112.0895561672282,64.78272133294698,6.6156435563442795,70.60152438767639,1
2026-09-01 01:14:01,3.52231530547477,1187.444108267878,61.99964220978422,5.98254801596304,68.93006131348955,1
2026-09-01 01:14:02,3.5551885971822155,1151.3918891028338,63.270900223340334,6.262808275408019,71.68712264982926,1
2026-09-01 01:14:03,3.5680230208417627,1203.978977327828,61.81786858933892,6.304346734639511,71.56189401615494,1
2026-09-01 01:14:04,3.3063247297497536,1271.7088518260164,60.72750083677034,5.916706398526444,70.56758481522711,1
2026-09-01 01:14:05,3.423864473019106,1113.028737788386,60.40741852594119,6.26529939617941,75.3739791632479,1
2026-09-01 01:14:06,3.4121736747176534,1159.9888632300049,60.6351920858465,5.890330085546086,69.34123800429103,1
2026-09-01 01:14:07,3.509988695440921,1172.365352310825,63.89763517909812,5.782451670967755,72.38337042122417,1
2026-09-01 01:14:08,3.5480744579767984,1180.9184452293393,57.89812727117099,6.436926995341251,76.4369570726217,1
2026-09-01 01:14:09,3.649671040744598,1237.0062832052622,63.3208478341128,6.048138781648936,75.70536603577663,1
2026-09-01 01:14:10,3.4505034519631925,1191.3227791219306,58.08078054903281,6.2591574536844,76.66689967330987,1
2026-09-01 01:14:11,3.4502427501690787,1220.7901362860223,62.86048282853007,6.234887909776143,71.28571632593537,1
2026-09-01 01:14:12,3.614967201887875,1168.7113478134113,57.48519374730474,6.310999207636206,75.45096247528122,1
2026-09-01 01:14:13,3.5296576938530304,1211.496217270897,59.808482930310866,5.66066654736714,69.94922694720374,1
2026-09-01 01:14:14,3.6267651511187973,1238.8898815438858,58.30396723623092,5.960048476240725,72.35055631072856,1
2026-09-01 01:14:15,3.5288728003009835,1163.3850225131455,57.07971275736554,6.046301096394716,72.67295078587765,1
2026-09-01 01:14:16,3.384288338128673,1239.0679059903257,60.7267709174035,5.902208049781205,71.53073762166423,1
2026-09-01 01:14:17,3.366687164522219,1202.6186384363784,61.815797328428815,6.2883617140645764,72.21285633404472,1
2026-09-01 01:14:18,3.344848775094107,1252.2730120241126,61.577013625710954,6.523735590946437,71.85821055584628,1
2026-09-01 01:14:19,3.5662051834758475,1189.9290049961514,59.31613977202204,6.579231072279565,70.43119694507328,1
2026-09-01 01:14:20,3.6188596823087007,1219.062232758105,61.820990696381024,6.081922254120719,75.98765893643579,1
2026-09-01 01:14:21,3.684936214138638,1197.9696884160735,63.51196845404973,6.279281450429064,72.91110844983565,1
2026-09-01 01:14:22,3.584310533232324,1195.189386897971,60.819990612486244,6.33339275104673,74.10280813025037,1
2026-09-01 01:14:23,3.6162838577534986,1212.9465214112845,65.16365978833178,6.394084535968767,74.0298691521171,1
2026-09-01 01:14:24,3.4419983667346314,1226.8403734612452,65.88450529195586,5.9522751937939224,73.74275785390864,1
2026-09-01 01:14:25,3.3843584183256143,1137.5217544037998,57.45976699230153,6.769897804203214,73.8970322567879,1
2026-09-01 01:14:26,3.5850079332417555,1271.6816804408938,65.38942784856495,6.509687787035665,72.7424069985656,1
2026-09-01 01:14:27,3.54176807522394,1107.01684797251,62.49595426083327,6.525534542847472,77.95388930424329,1
2026-09-01 01:14:28,3.5107444374340893,1165.7593945130552,56.35000600453195,6.608785764817867,76.02097302364481,1
2026-09-01 01:14:29,3.538737148063299,1195.286546461755,58.96800830118107,6.415996538435551,73.83392487709185,1
2026-09-01 01:14:30,3.5323185482458204,1220.6177984542974,63.558376799750235,5.955569736848473,72.47765551092063,1
2026-09-01 01:14:31,3.628381685985356,1278.808626387069,60.050947893279485,6.230079952305239,73.50239633067162,1
2026-09-01 01:14:32,3.6294985584816954,1107.0854255887446,61.54523523097063,5.784463761261206,75.15176344801414,1
2026-09-01 01:14:33,3.5544220352340345,1174.6152935805144,62.724854156149064,6.412309540697513,78.43875921654788,1
2026-09-01 01:14:34,3.584580287256293,1093.6583256100366,58.61071131065003,6.245031698346132,69.85983634498385,1
2026-09-01 01:14:35,3.5514062552424774,1201.5810986955123,63.47714666571475,6.291647088745725,75.99834329494436,1
2026-09-01 01:14:36,3.453883026796538,1213.5841792250014,65.75773259426138,6.673012150837507,77.43922996939497,1
2026-09-01 01:14:37,3.575656467491314,1279.5397871085627,56.8115620044162,6.182721608252882,69.63894368938341,1
2026-09-01 01:14:38,3.360550493114074,1206.0317380446727,58.28958215453994,6.2521908801962045,73.5956865089453,1
2026-09-01 01:14:39,3.6053891552295885,1252.201256472119,63.2727294774366,6.342427824624801,70.98562525993006,1
2026-09-01 01:14:40,3.3805477060233966,1229.191854076953,60.170332196028966,5.791846169019754,75.51080805425033,1
2026-09-01 01:14:41,3.5285803286794732,1178.2375901497417,59.58314056927014,6.27203275512325,73.1842064621926,1
2026-09-01 01:14:42,3.4154846041573843,1129.551962660398,58.90795026571902,5.614121386174005,73.90888209865892,1
2026-09-01 01:14:43,3.5553388983074425,1213.7501149145905,61.97387850293413,6.192211399299146,73.10617191750391,1
2026-09-01 01:14:44,3.496607477407209,1125.394899142732,63.343788669635146,6.632432591893725,76.53986967768418,1
2026-09-01 01:14:45,3.340524404183667,1264.7603536334823,62.89178503851225,6.518063851359205,75.10651830121384,1
2026-09-01 01:14:46,3.5420699631018477,1191.8968948981587,61.07529235990664,6.213445798755669,75.15223975157843,1
2026-09-01 01:14:47,3.442207922316729,1259.7588705755709,69.99312552071363,6.412139365367043,74.98136497474385,1
2026-09-01 01:14:48,3.588114672081337,1175.98927829338,64.0703596547413,6.085411037768786,76.25701218089594,1
2026-09-01 01:14:49,3.5001325688734406,1213.4425393200495,60.8871581732714,6.415212894971059,73.79366401501062,1
2026-09-01 01:14:50,3.5395420985388037,1210.4674428667345,64.32228498773104,7.303020009571677,79.72194398224241,1
2026-09-01 01:14:51,3.404243104498479,1197.7477940994538,65.99737608733933,6.985672328043512,70.95527540600409,1
2026-09-01 01:14:52,3.441066776857264,1178.3670243301704,60.23695633360822,6.455726578945118,69.52194435519075,1
2026-09-01 01:14:53,3.4541361363898915,1219.622800923526,61.91122392300162,6.49599119742256,69.31369803391402,1
2026-09-01 01:14:54,3.5856702480242557,1153.6918368258396,62.93381347783692,6.16208636156559,68.54101542190247,1
2026-09-01 01:14:55,3.6677377087805487,1139.5282335520471,55.91990069640199,6.223427231578649,76.83932926428058,1
2026-09-01 01:14:56,3.4194828248257125,1262.1413446663414,61.315784203341146,6.58062726860338,76.51396295770778,1
2026-09-01 01:14:57,3.607684814465768,1236.358399444605,67.6471058030616,6.322512210289034,78.52322937522669,1
2026-09-01 01:14:58,3.2830322582274296,1203.294580430112,64.01593695640605,6.759232866443462,71.77002529582337,1
2026-09-01 01:14:59,3.380581059890771,1283.257119127189,63.80982705471318,6.966901700289323,77.21636434421649,1
2026-09-01 01:15:00,3.4041221543813225,1186.6117240637577,65.1296151311237,6.603790239438316,75.19049220646794,1
2026-09-01 01:15:01,3.3647491310559277,1266.135160999449,66.05933782065178,6.5425331737639905,75.55981955752765,1
2026-09-01 01:15:02,3.3416411610212418,1208.778704246291,65.42105964304899,6.0157861325468245,76.97696878614892,1
2026-09-01 01:15:03,3.5412998912137796,1148.7624624961804,65.90376430350668,6.752311101609642,72.87129488695281,1
2026-09-01 01:15:04,3.478593230227214,1292.4020095885426,64.11732052453675,6.192934645574319,82.94192758639363,1
2026-09-01 01:15:05,3.537940539760511,1249.5355423312042,58.817491354521735,6.418641305454019,79.21586113304627,1
2026-09-01 01:15:06,3.5690472686121515,1193.9489484495218,59.444080631521224,6.839924819767592,73.66514239827418,1
2026-09-01 01:15:07,3.5265616993172535,1236.3585629766974,65.75165961456624,6.8689875093527695,72.02808612713025,1
2026-09-01 01:15:08,3.5657763176150374,1179.8148283001046,61.759781856468344,6.428115809863033,75.07662785492627,1
2026-09-01 01:15:09,3.493046771375773,1241.457451752977,59.262348360330435,6.45340141560008,75.92715571112652,1
2026-09-01 01:15:10,3.3813006611694254,1080.446071735802,61.777946368076464,6.3742884221070835,78.61726619954536,1
2026-09-01 01:15:11,3.6057814180820795,1149.0099333152702,63.4390847757129,6.232735968494319,71.95429772575548,1
2026-09-01 01:15:12,3.4410887867218873,1248.9629872143482,62.404251349746616,6.409661455468827,76.35696133009799,1
2026-09-01 01:15:13,3.4064403701237573,1187.5172230890541,65.51177549724262,6.124169102433701,70.95349546729616,1
2026-09-01 01:15:14,3.48220821241956,1210.377114744437,65.68162881981286,6.821034890568596,76.88965336081394,1
2026-09-01 01:15:15,3.4087189080703486,1132.6607168942282,62.22570128309416,6.7424812056726875,75.29810795924647,1
2026-09-01 01:15:16,3.4582569618010566,1292.393349785105,66.91406182862748,6.800290917593286,81.47069994751794,1
2026-09-01 01:15:17,3.5344053921563465,1259.5264821858839,61.417362533935304,6.353818924967597,71.06269306804167,1
2026-09-01 01:15:18,3.5348341739246125,1189.9657390812336,65.54333989382384,6.289626979093631,79.85256588521105,1
2026-09-01 01:15:19,3.410216993357437,1179.7652071568336,62.872426928531446,6.672210438450223,70.66928677528213,1
2026-09-01 01:15:20,3.4512294627051254,1251.4802180709846,60.84026017444328,6.683394933649232,71.83918999760131,1
2026-09-01 01:15:21,3.6074333004770245,1299.1235225084463,63.49742808658191,6.627991223918288,70.82957718544436,1
2026-09-01 01:15:22,3.549640011773394,1247.6880127905677,62.01456613980288,6.593335199423825,76.65195872625407,1
2026-09-01 01:15:23,3.7075065039348543,1308.59013336983,67.55305298180016,7.201420921496504,72.41984450867974,1
2026-09-01 01:15:24,3.6180128173741526,1153.8824335469042,65.24336119083667,6.824003699734089,71.93598646513937,1
2026-09-01 01:15:25,3.614429306855994,1159.0306584750604,66.68046728806043,7.2954077216441515,76.62932382589116,1
2026-09-01 01:15:26,3.36121314495442,1140.5529440973326,66.24613360001331,7.092901719841702,77.41638721868513,1
2026-09-01 01:15:27,3.5763860351633423,1222.0880324824739,61.60280742989647,7.231201498025424,76.22064901355208,1
2026-09-01 01:15:28,3.494689319830309,1208.7801774902184,64.73635673464322,6.405889398321428,75.65448369407648,1
2026-09-01 01:15:29,3.444901819646175,1192.4024438264007,62.64786871283245,6.914187533535644,81.66791007849272,1
2026-09-01 01:15:30,3.516801534053253,1240.462931406165,63.55678449277848,6.614714597546232,76.65873001994713,1
2026-09-01 01:15:31,3.5945211534611485,1261.6164302607333,65.84267193217521,6.2532362388443925,78.67833568302801,1
2026-09-01 01:15:32,3.550083159100421,1123.7168795356579,67.17214237267865,7.209061211126918,76.73006767837117,1
2026-09-01 01:15:33,3.412152619865794,1170.1513986049442,65.6978852265724,6.680160510556579,73.04771247657729,1
2026-09-01 01:15:34,3.574245891359262,1241.007179706153,63.85378982750735,6.459745787196271,78.03104442708744,1
2026-09-01 01:15:35,3.4362412457924036,1176.6130658070708,61.38867661696531,6.659915125309677,74.45402948701204,1
2026-09-01 01:15:36,3.5216683118964287,1160.0896961820922,61.33172193802321,6.5534250554601465,76.18850304734374,1
2026-09-01 01:15:37,3.4696649932522865,1250.9268713825197,61.66443058444709,6.5921909100153,77.41770954718177,1
2026-09-01 01:15:38,3.4781133748264375,1135.524996513801,61.36592287556259,6.741827291253513,70.71728734088161,1
2026-09-01 01:15:39,3.576624297504051,1184.9210096104448,62.27324247998666,7.3355608742297385,71.7530752099064,1
2026-09-01 01:15:40,3.3959806280184104,1216.4322012902405,62.722954054481725,6.624429159360937,79.34999913911432,1
2026-09-01 01:15:41,3.6945195074276933,1171.309004304494,64.13843285076179,7.330113531598089,74.67042232186483,1
2026-09-01 01:15:42,3.3178913930705503,1239.1577828006587,63.597712836425316,7.094991379134196,74.85273573437512,1
2026-09-01 01:15:43,3.4402332316745143,1171.5561512401316,68.38151755549895,6.967229817424174,77.2410569338542,1
2026-09-01 01:15:44,3.5370211889941743,1270.4309746722959,64.78635391135757,7.080792366031918,75.62476399041617,1
2026-09-01 01:15:45,3.558431416643531,1193.7126851252115,63.3530407706366,6.868461063515602,78.07458696675019,1
2026-09-01 01:15:46,3.4899524279428293,1233.5635068352676,68.33896125841991,7.2581874035314,76.70849649566273,1
2026-09-01 01:15:47,3.4942609296998457,1237.3011976491407,64.2319176479929,7.05047445936051,77.49771075244325,1
2026-09-01 01:15:48,3.5410550085327617,1168.6229998627964,63.971618247556435,6.388988592880734,74.83636677121518,1
2026-09-01 01:15:49,3.476893052254232,1097.3256725672056,64.29290554474306,6.985271975963386,77.56276645182476,1
2026-09-01 01:15:50,3.6393181257934906,1218.0377877331916,63.0233752726153,7.13959634730219,80.33728928252836,1
2026-09-01 01:15:51,3.5839349114231602,1203.6144173562434,62.867114152494906,6.825712046832047,75.35881741371946,1
2026-09-01 01:15:52,3.5872824351005637,1227.7913013787563,66.3201163332647,6.958297182234601,79.84805700291855,1
2026-09-01 01:15:53,3.403384327662958,1188.6736263808582,67.00335428774797,6.744571030026107,76.98746118717419,1
2026-09-01 01:15:54,3.4920611575594296,1178.478615059964,65.26090468538632,6.523148739617369,79.385627150116,1
2026-09-01 01:15:55,3.4699534051279297,1300.4236505490849,61.11691996985111,6.479331383165073,77.60853617728156,1
2026-09-01 01:15:56,3.3994398624310533,1126.3822969244611,60.9770777823078,6.491332056331793,77.16202950196848,1
2026-09-01 01:15:57,3.536016418394577,1236.697523918212,68.48399055923764,7.16117388320162,78.3514913485314,1
2026-09-01 01:15:58,3.4462354242220186,1171.2699070908304,62.29441120493003,6.22138395595557,80.9831350292491,1
2026-09-01 01:15:59,3.5655403829850236,1183.211069112979,63.33490381200295,6.776532498387432,78.09067426502762,1
2026-09-01 01:16:00,3.392980843710567,1184.1448583713018,65.75136023232032,6.754788498910871,78.8580149151476,1
2026-09-01 01:16:01,3.6719040612841822,1159.828286291437,59.88148249694861,6.907844631696253,76.35700772173236,1
2026-09-01 01:16:02,3.4103667341407937,1228.561210511812,73.01198422508632,6.443571035519639,82.21516192448757,1
2026-09-01 01:16:03,3.5219302337200435,1269.532179797498,63.82504049678156,7.1296749369306935,79.46355387533156,1
2026-09-01 01:16:04,3.579185931038807,1223.500683062333,65.19270977230673,6.634568098268547,77.8157079626576,1
2026-09-01 01:16:05,3.442935956979989,1205.1690998106048,67.6680796155351,7.364246186737305,77.2546616058586,1
2026-09-01 01:16:06,3.585246864343295,1150.6779750450378,63.01747168804056,6.846002826255883,80.596387470482,1
2026-09-01 01:16:07,3.3770816402199584,1225.8412632912225,66.48336407954584,7.011856633516964,75.88409047156692,1
2026-09-01 01:16:08,3.645211769918256,1307.817481586465,63.80859199619041,7.04968070551511,72.39411769392873,1
2026-09-01 01:16:09,3.501414926496576,1180.9652688102453,57.88728581177949,7.129828872414729,77.99998158105615,1
2026-09-01 01:16:10,3.440358859203112,1181.2008210324068,61.42489887665566,7.075668877813408,81.39283654216585,1
2026-09-01 01:16:11,3.4700818227572565,1171.94554345095,62.389611834240476,6.944439407952784,82.63678929641688,1
2026-09-01 01:16:12,3.580891926939272,1175.529288275279,64.59885273079948,7.183495139788793,77.58102107260126,1
2026-09-01 01:16:13,3.4415544708149564,1062.7350223163808,66.4839750872956,7.228432727737074,78.0737059347683,1
2026-09-01 01:16:14,3.425064231057722,1220.2517692927856,63.660938626376705,6.867056196463711,79.54157428053085,1
2026-09-01 01:16:15,3.477846340241626,1157.7223911822693,69.41217874771007,7.232514950296672,77.22997476643172,1
2026-09-01 01:16:16,3.382303788723003,1119.48684406041,63.80247993784055,7.470128703333121,79.6122809082365,1
2026-09-01 01:16:17,3.6820543907941814,1237.6594974866275,69.54047662243516,7.332388879451987,77.8468978498983,1
2026-09-01 01:16:18,3.4433605408785275,1145.8991107479033,67.62367357558045,7.408341201122784,81.17724791471369,1
2026-09-01 01:16:19,3.5831616786180405,1183.066547305812,64.09600167736507,7.18821289130887,80.35212472247665,1
2026-09-01 01:16:20,3.5209470083647774,1273.322119559429,64.16799732560361,6.863799510822181,80.65390672013052,1
2026-09-01 01:16:21,3.401546594951803,1129.5392100987742,59.850182121146474,6.909759314741559,77.647310328857,1
2026-09-01 01:16:22,3.4994045290787272,1123.3700882701119,69.27048385991793,7.256627051016984,84.08108526481008,1
2026-09-01 01:16:23,3.578400277931075,1213.465309478117,64.53414217655546,7.451497786214361,79.79507917048176,1
2026-09-01 01:16:24,3.4811738664913694,1257.4743682005185,62.81476730277129,8.012450250874894,79.12526554384388,1
2026-09-01 01:16:25,3.6193112945851027,1121.2829141134018,65.63340926236837,7.479231268016266,76.1405944817225,1
2026-09-01 01:16:26,3.602151539278186,1220.384486841859,71.11614889491355,6.841561965443442,78.1722480030178,1
2026-09-01 01:16:27,3.591891485465833,1229.0499769980845,66.32423248436986,6.970518928992705,78.84664278561141,1
2026-09-01 01:16:28,3.4540343227727,1097.041975815384,66.6063316010594,7.8922639034955075,76.18051165427065,1
2026-09-01 01:16:29,3.3920157552218515,1239.925066895361,66.5929315814816,7.152400037123684,77.70663214627632,1
2026-09-01 01:16:30,3.4386412394637205,1243.8302939921089,63.07809605093361,7.2389791151531115,78.12622356931459,1
2026-09-01 01:16:31,3.519624094066672,1184.4107213371988,65.2328310427759,6.944607656609964,78.83142564643332,1
2026-09-01 01:16:32,3.5545786713532355,1262.6173181149004,70.32586213286683,7.710271762413013,73.41558273357889,1
2026-09-01 01:16:33,3.282842859523955,1256.8227787162423,65.40589775022463,7.398848710944936,78.33793212163096,1
2026-09-01 01:16:34,3.499188679838825,1205.1558962858603,64.78923086963205,7.0243763523911635,77.651745234544,1
2026-09-01 01:16:35,3.5158089225323184,1177.4277304837533,62.9835236654188,6.966617178107583,78.76117137494913,1
2026-09-01 01:16:36,3.472245574368445,1151.358605370852,61.39249599011408,7.364933956542134,81.96969356240463,1
2026-09-01 01:16:37,3.629127383901588,1198.1218245316904,69.40768392196168,7.294042633244916,85.06109038026753,1
2026-09-01 01:16:38,3.542178007425087,1228.4879459852089,60.171098007174685,7.538421853955127,80.97907554287782,1
2026-09-01 01:16:39,3.6310191908080895,1183.791156947968,68.60375672232698,7.460887338734957,75.28071746778497,1
2026-09-01 01:16:40,3.478403947964977,1090.1249497368985,70.48474403247678,7.225460700174218,77.98780316852643,2
2026-09-01 01:16:41,3.5937477492506926,1263.4356947288286,70.49155922673575,7.149672334174403,80.85195399055733,2
2026-09-01 01:16:42,3.663506639452752,1209.5111610922447,67.84089840856423,7.27283817633117,80.55397559339117,2
2026-09-01 01:16:43,3.631169344927266,1181.0187751661583,69.33747289091906,7.1636245748317995,82.10612135050337,2
2026-09-01 01:16:44,3.3907858406571267,1242.8579194211645,60.90353695828342,7.297778176995409,78.8921312013124,2
2026-09-01 01:16:45,3.474632392245762,1276.2319298241378,71.98256061159313,7.349777123430659,78.13372349112771,2
2026-09-01 01:16:46,3.46548352945502,1059.9044215256054,67.40629741095306,7.083473584838836,84.52153627601237,2
2026-09-01 01:16:47,3.548925453507633,1221.7131824961036,67.91948914449314,7.550064819490224,79.48031611441321,2
2026-09-01 01:16:48,3.568635355501453,1128.6675394594827,63.57932846030265,7.2577405545279685,76.29432121628099,2
2026-09-01 01:16:49,3.4161107325974265,1224.9555253399471,70.17671529468274,7.124311571791274,83.80978535548314,2
2026-09-01 01:16:50,3.5067838513916936,1206.396360118729,68.86448506833554,7.2794026564003245,74.93613795024109,2
2026-09-01 01:16:51,3.2980072667843863,1231.7863263220274,64.6493797299551,7.465570339878979,68.97932879699866,2
2026-09-01 01:16:52,3.644194500580189,1175.0376192752672,69.15566533146071,7.425812360844892,81.81266477861723,2
2026-09-01 01:16:53,3.4487625759323306,1106.3379944090425,66.71779620343976,7.5355443433802485,82.27664745761844,2
2026-09-01 01:16:54,3.5055863939844496,1177.4815904371667,66.72592352251911,7.686420754439576,80.82662341041865,2
2026-09-01 01:16:55,3.4690350286011937,1220.3423817569892,68.80768098893472,7.816406986127335,75.71725637264848,2
2026-09-01 01:16:56,3.6146027575013413,1250.7696164337613,65.06922374847478,7.518578781739349,79.4880550989377,2
2026-09-01 01:16:57,3.216249355860262,1141.4084349763737,70.11068668803675,7.120120224770291,78.8701989840431,2
2026-09-01 01:16:58,3.498338965767409,1251.3530213436509,67.52507660831691,7.368215708189859,78.13287771206757,2
2026-09-01 01:16:59,3.4894181242502302,1167.606385517674,66.46861952456923,7.155661441642055,84.02099307721262,2
2026-09-01 01:17:00,3.4546363612408317,1218.1224940797263,72.61186856577554,7.97402118707865,76.68482664892976,2
2026-09-01 01:17:01,3.6726226545635634,1174.5053023567184,70.12353874056602,8.069193237731122,80.81317822418407,2
2026-09-01 01:17:02,3.4112670541144228,1209.1085313856051,68.80625819876254,7.676074340229883,83.48704585589263,2
2026-09-01 01:17:03,3.577179617723566,1244.5938817285137,66.42386375133054,7.746526641780699,81.08926952090206,2
2026-09-01 01:17:04,3.5356252788706084,1138.6492961355732,60.03826013637105,7.572279954967994,83.70834010247111,2
2026-09-01 01:17:05,3.6261519252535517,1166.0047051626584,72.44701879143298,7.6148217796432425,81.71616919231181,2
2026-09-01 01:17:06,3.4332810915222494,1209.2481293671044,67.09752756028328,7.033776747514276,81.35311407654115,2
2026-09-01 01:17:07,3.426703110087624,1320.0791830515177,70.08289789819301,7.498841311443948,81.20560971160154,2
2026-09-01 01:17:08,3.6096069907477397,1156.8405143916586,65.235737814217,7.2646831103251515,81.9854749450956,2
2026-09-01 01:17:09,3.542532130833011,1302.006694299846,68.2334334080774,7.621443998298549,79.0285678929484,2
2026-09-01 01:17:10,3.345506265332324,1300.2211651837586,68.36426242066648,7.527162091428485,76.31960366960686,2
2026-09-01 01:17:11,3.446069498553673,1195.1344424649205,64.52050966242675,8.137099641756887,83.1273954996552,2
2026-09-01 01:17:12,3.5386382653848063,1185.092373690005,64.9583169595639,7.836049367677913,83.7905322068226,2
2026-09-01 01:17:13,3.583776422154659,1165.3967400667655,67.02856314742992,7.654422663825563,81.10128177806348,2
2026-09-01 01:17:14,3.4320769346807043,1196.5898734833665,66.91925184166811,7.49699517093519,78.74025852648228,2
2026-09-01 01:17:15,3.2085744010183057,1129.6640283720221,65.24628533629196,8.087891522713065,75.75227407583651,2
2026-09-01 01:17:16,3.552322318573703,1196.18804913397,67.78674184698124,7.584106699255134,80.72288676523563,2
2026-09-01 01:17:17,3.3779679310056023,1274.8440136925428,65.40447884251058,7.700603289591684,76.4586544713516,2
2026-09-01 01:17:18,3.2982661201877588,1169.445746876164,64.1976531063456,7.6217839904371605,76.07858303763177,2
2026-09-01 01:17:19,3.2167674075015857,1187.9637848005475,67.83308981611876,7.495870945404921,80.5233910015385,2
2026-09-01 01:17:20,3.581398086019774,1114.942976286638,71.28464438955967,7.636076991840781,78.33431712206158,2
2026-09-01 01:17:21,3.512861745040497,1218.7031044065523,70.41235921294312,7.044543077929639,81.70159433415998,2
2026-09-01 01:17:22,3.4774343619287746,1213.2240842475687,61.81594911812654,7.176829220768784,80.22781889802009,2
2026-09-01 01:17:23,3.6389024362962763,1203.1851179882885,63.03198742534669,7.754038311650038,78.92584204707792,2
2026-09-01 01:17:24,3.563732468302307,1189.158647488893,68.05383532601314,8.127617064315404,75.67104054359889,2
2026-09-01 01:17:25,3.6616300042721917,1185.3621040613773,75.00035480371119,7.769631496408415,78.26716144833476,2
2026-09-01 01:17:26,3.3607264527833003,1225.0950116850336,70.75200372313644,7.457062516704177,78.41745639571259,2
2026-09-01 01:17:27,3.496544937604604,1198.5591699205688,72.2549803871295,7.24832505496098,77.22998288536103,2
2026-09-01 01:17:28,3.3383286625051984,1215.7485935777665,73.20353245174579,7.924547367331881,79.95881306021879,2
2026-09-01 01:17:29,3.4770617668144532,1210.7491408727274,68.14652143071098,7.527038651892667,77.54423001246204,2
2026-09-01 01:17:30,3.4751384146233324,1256.171364354788,65.95470705280682,7.898175830770973,80.53479778415239,2
2026-09-01 01:17:31,3.562661363726307,1233.8497048687527,66.35368569418506,7.830172760632928,81.78729970707204,2
2026-09-01 01:17:32,3.5045563881141897,1209.6430921575095,63.38385217237963,7.864711338897628,78.62759624293858,2
2026-09-01 01:17:33,3.5623407138279917,1275.921101532609,64.24617250073209,7.739309741435296,82.4223720344019,2
2026-09-01 01:17:34,3.5703440133138895,1221.013426452828,61.13868822640336,7.85233055272813,77.10211257244308,2
2026-09-01 01:17:35,3.7154928677383143,1265.248134439521,72.03592545376941,7.709408924868345,77.88969403103735,2
2026-09-01 01:17:36,3.4684703344713874,1230.347130419332,68.05219051489169,7.562661292942792,80.92661437339196,2
2026-09-01 01:17:37,3.405897729933362,1107.904046053423,70.34815990737388,7.472211543106445,83.36742958197222,2
2026-09-01 01:17:38,3.524608361531641,1265.2417381659666,68.21657705740328,7.053766629877976,83.94854497081414,2
2026-09-01 01:17:39,3.4197719972860456,1206.7588120671335,68.80538360815613,7.722944408555925,86.22355825285906,2
2026-09-01 01:17:40,3.6481960768436537,1197.402261454961,68.5571877475787,8.241098740170871,80.2966598019739,2
2026-09-01 01:17:41,3.4716781961054766,1214.067417374479,72.14408333371846,8.012317321054573,81.08396251043155,2
2026-09-01 01:17:42,3.443442363212601,1182.7508419021467,67.96687828708758,7.869614036844088,78.40847991945255,2
2026-09-01 01:17:43,3.452868427884888,1211.3514430194473,65.90872846968529,7.589107811022564,77.78524755057347,2
2026-09-01 01:17:44,3.5718417423471642,1170.4061966828453,66.06687780019274,8.116519085045041,82.27230284556916,2
2026-09-01 01:17:45,3.4842253016768514,1263.7136129367184,70.38958030464474,7.789532531784418,79.2990121282879,2
2026-09-01 01:17:46,3.435833317986962,1194.3205943189475,67.91565240241653,8.305813627470052,85.36380426671853,2
2026-09-01 01:17:47,3.666535191762353,1180.8708078638783,72.60199543195571,7.5470151623529365,77.31954951110454,2
2026-09-01 01:17:48,3.414383015933825,1153.7537092140362,65.16284326318943,7.624358490957553,83.20580636422083,2
2026-09-01 01:17:49,3.5035566074032993,1213.438789457432,69.50528684060829,7.603176374091468,78.7695690703357,2
2026-09-01 01:17:50,3.565230615161023,1209.3553550062545,71.02314268017443,7.420729854235161,79.36548142651058,2
2026-09-01 01:17:51,3.3368664889582926,1219.4212306838754,70.02004478996278,7.592259967815844,83.48420306262297,2
2026-09-01 01:17:52,3.5480260501405927,1148.6374056247435,71.82853519339525,7.912346259311156,79.87926559858319,2
2026-09-01 01:17:53,3.394489232451955,1119.9409400594213,68.09719667115462,7.675729081934201,80.39959474438724,2
2026-09-01 01:17:54,3.5822782780834004,1231.279565125328,65.52856403029696,6.740484798625218,79.55051189633228,2
2026-09-01 01:17:55,3.403734898808102,1274.2320930938254,76.1171038168707,8.227687394631442,87.38211640186735,2
2026-09-01 01:17:56,3.569276903184886,1148.6823188805051,66.01723866841331,7.408185294609192,80.21460813382704,2
2026-09-01 01:17:57,3.6105833066294712,1279.472064178085,66.5842003825342,8.098189906887413,82.2617637594054,2
2026-09-01 01:17:58,3.5861436525632806,1214.195552936819,72.50891589242059,7.938793806330299,81.54140634630393,2
2026-09-01 01:17:59,3.5251316648238102,1199.6468547724585,68.19978646259021,8.57264928236354,82.85143837235997,2
2026-09-01 01:18:00,3.47686990570703,1180.1225651727111,68.5824108174188,8.24453268990223,80.38301638632942,2
2026-09-01 01:18:01,3.4423580423665157,1130.7740990287502,69.21140413721866,7.802072074807961,81.66481556364232,2
2026-09-01 01:18:02,3.6471034690817103,1249.38642579623,69.55685348692953,7.750842392754868,83.48916333428912,2
2026-09-01 01:18:03,3.4300504779832357,1161.2196819281198,76.43894684830335,8.420287773709255,79.75832593333837,2
2026-09-01 01:18:04,3.3962933926430003,1161.00966621312,67.39089242252332,7.534716148347054,85.65535145727185,2
2026-09-01 01:18:05,3.566536893503283,1249.5963154943477,69.86747357569357,8.042749466261098,85.98386898455233,2
2026-09-01 01:18:06,3.4203863196813504,1105.8508276664136,66.67470465306818,7.954157354518592,84.28694534594369,2
2026-09-01 01:18:07,3.4049936502533873,1123.8201094665917,68.34709850018972,7.8985336808900986,82.71713665829697,2
2026-09-01 01:18:08,3.3556395737830234,1199.093287824596,71.90657526984482,8.115563704844037,73.57574320293394,2
2026-09-01 01:18:09,3.451709016053948,1214.6642214502426,68.00757793001137,8.07438547567012,83.86046098555097,2
2026-09-01 01:18:10,3.491728497610351,1224.2367323984463,70.4940366597919,8.162745748363049,81.45363641194103,2
2026-09-01 01:18:11,3.52430917276607,1184.9100753301873,73.04744315255519,8.075226229242519,81.92884443341505,2
2026-09-01 01:18:12,3.5951306244299484,1326.5184834320844,65.91263007898544,8.166845963046717,77.01557571613925,2
2026-09-01 01:18:13,3.5526897923665794,1188.6053720617083,71.29763247439617,8.077559107429028,84.22851320537032,2
2026-09-01 01:18:14,3.480912778044682,1188.4606923948638,69.13917919657112,7.859729491392663,78.44204464730693,2
2026-09-01 01:18:15,3.480180432362028,1160.150666559306,65.96616484725976,8.066765943636543,83.18310146580201,2
2026-09-01 01:18:16,3.5510157468915184,1206.1953408260536,68.80228760411023,7.859257605662368,85.5818403135974,2
2026-09-01 01:18:17,3.627257016292857,1230.7480616023388,66.8225865682178,7.847468600162326,81.49992336395525,2
2026-09-01 01:18:18,3.51263141994832,1260.178902726673,68.72955831916846,7.988744588774264,86.59610312363327,2
2026-09-01 01:18:19,3.453086914578959,1125.5357867779892,66.79427938156732,8.061770649376845,80.74701685336645,2
2026-09-01 01:18:20,3.4007133998914454,1187.700233082215,69.6711098310754,8.116173197509948,84.82932725822103,2
2026-09-01 01:18:21,3.3554794735587774,1222.3351805404573,74.00456136792108,8.388527261822613,79.15371081369248,2
2026-09-01 01:18:22,3.5666269672043525,1229.3528767297269,70.64228014525804,7.972082396859369,86.20149941214967,2
2026-09-01 01:18:23,3.5577978523639557,1200.3274328902269,70.25617789646293,8.188685207572076,85.77611929588602,2
2026-09-01 01:18:24,3.5577363525106662,1227.121198476605,63.908462517273904,8.173045951820782,84.59326195707938,2
2026-09-01 01:18:25,3.4871340553647943,1159.55180535371,70.5609543621035,7.963057159405826,82.0483758183868,2
2026-09-01 01:18:26,3.6406934745891752,1277.8952716159179,68.19376737336734,8.175775889515617,79.06226639798393,2
2026-09-01 01:18:27,3.451588150541518,1249.6314051489715,76.24529026667032,8.462478086214857,82.13638736264994,2
2026-09-01 01:18:28,3.5955269237207204,1132.7536106467414,72.12890613712403,8.225621534734689,86.67926987559272,2
2026-09-01 01:18:29,3.4961257105010457,1146.2448475941621,68.65068717240597,8.24565285638587,83.77827400309573,2
2026-09-01 01:18:30,3.4391649235320663,1147.6539124946546,65.38675924274602,7.974087186402885,78.76931763989109,2
2026-09-01 01:18:31,3.5592530307317762,1233.8984985448265,67.07058786662466,8.784351349055157,80.09428555020864,2
2026-09-01 01:18:32,3.5409636118683996,1135.7636116791266,71.90547282165736,8.007194790604952,87.26796271106535,2
2026-09-01 01:18:33,3.5356972759266925,1183.448783289596,75.38336597580304,7.709374671545467,85.0122868049322,2
2026-09-01 01:18:34,3.50812784220562,1222.7352198208387,68.71592816069213,8.47577295378314,79.8865882263688,2
2026-09-01 01:18:35,3.496210691828317,1196.6917032726783,61.518508643097796,8.191280613831198,78.33113414010485,2
2026-09-01 01:18:36,3.738837199287044,1212.9443757856352,74.28062416593559,8.142821187449611,81.79354226486846,2
2026-09-01 01:18:37,3.6184256645196173,1146.709864432562,67.2643920651301,8.078075607618285,78.15463258473895,2
2026-09-01 01:18:38,3.572282689498551,1229.7427186698621,68.47393931122664,8.811264137044502,83.28124527872775,2
2026-09-01 01:18:39,3.511179915820339,1169.3394053762001,73.86755736912076,8.364134841339162,91.14366490429771,2
2026-09-01 01:18:40,3.600715720059667,1183.769016280103,72.80794964908668,8.430691132259291,79.03796060173131,2
2026-09-01 01:18:41,3.551799477639145,1211.8865863952992,71.3010133552109,8.322558460848454,83.31079187925022,2
2026-09-01 01:18:42,3.5026204752774035,1205.1539110765425,68.72397972337836,8.362796665815342,87.84468863490267,2
2026-09-01 01:18:43,3.4696435674734083,1201.1990009507797,64.795408708635,8.709377172957614,86.19621252384924,2
2026-09-01 01:18:44,3.491908266233731,1162.4686589011621,67.86997366182584,8.222541399429488,83.54276684459157,2
2026-09-01 01:18:45,3.1829574264121945,1185.0225294400404,75.02264356319787,7.868724542149586,83.58998301852444,2
2026-09-01 01:18:46,3.5210600839297643,1200.1091795418517,71.565992539603,8.574230210082145,80.60133972179533,2
2026-09-01 01:18:47,3.451152391988964,1131.2457383416458,70.9088003500955,8.47083230549454,83.30614179909244,2
2026-09-01 01:18:48,3.6592669998282883,1176.873351684331,71.14604975720457,8.362223773695343,84.87947129186954,2
2026-09-01 01:18:49,3.5019344070811753,1219.3839939516424,69.26985339516388,8.479063810302174,87.50452981901147,2
2026-09-01 01:18:50,3.381103658046504,1136.1281698077328,66.39562342585151,8.234622579757593,82.36870235868496,2
2026-09-01 01:18:51,3.495011984587188,1257.829082579712,72.69259925046246,8.360061628710131,83.69976388507888,2
2026-09-01 01:18:52,3.3953878914937494,1263.480663129992,70.24427661855714,8.322351785703889,81.46166886703926,2
2026-09-01 01:18:53,3.547340741571247,1137.7424712019956,72.87909806632857,8.192423392748594,85.02532488797087,2
2026-09-01 01:18:54,3.5290947364339487,1267.880981652507,70.97706360906601,8.73462971280938,86.74072774031627,2
2026-09-01 01:18:55,3.5957839631108266,1192.8209205643932,69.69413769706566,7.9622082976605455,86.31837346971912,2
2026-09-01 01:18:56,3.4209118208305433,1220.9257279578528,69.85651809925201,9.102158545437785,80.9589082431424,2
2026-09-01 01:18:57,3.5034008096228146,1175.1674473935877,72.1148661957996,8.665110564663845,84.95009913787875,2
2026-09-01 01:18:58,3.3634978204573365,1246.1522413613382,69.2647290525635,7.876517249499205,82.51761196479899,2
2026-09-01 01:18:59,3.5701494781924716,1220.3047009424333,69.27993418885546,8.350668019070639,87.62273963654809,2
2026-09-01 01:19:00,3.551887118044012,1159.29233717012,74.4374120585836,8.375362151154858,84.14569146130901,2
2026-09-01 01:19:01,3.549580502102757,1141.7399000017356,71.11435929272818,8.551499922616568,80.11112965494642,2
2026-09-01 01:19:02,3.500161903135694,1126.9848782395388,73.00594695884058,8.145128460720027,84.05030159288651,2
2026-09-01 01:19:03,3.541477289078879,1209.397088821638,73.15569660727832,8.459557552960415,86.1251674573464,2
2026-09-01 01:19:04,3.6604339108308594,1228.6235705889867,70.14124648295449,8.421622138521164,85.5218079792182,2
2026-09-01 01:19:05,3.4714905742957987,1232.548283938972,72.22503170072969,8.244680457193933,83.29444178887388,2
2026-09-01 01:19:06,3.5138645183710087,1194.1009452696312,73.09660776482262,8.210948304532604,83.11404970025643,2
2026-09-01 01:19:07,3.391387370081859,1142.150177216782,65.97614399765246,8.75762337599269,81.94739671526096,2
2026-09-01 01:19:08,3.4131739038401667,1165.896260098811,73.15401801927653,7.9810152279772115,83.76570108894403,2
2026-09-01 01:19:09,3.5097813293093307,1257.6174319480963,68.00788266728141,8.641361678826813,82.42295309041258,2
2026-09-01 01:19:10,3.6103933546701907,1175.768571769996,74.1427239130513,8.745259098069443,87.94028798856198,2
2026-09-01 01:19:11,3.474371917574843,1207.1708815340737,70.75365313596696,8.44844651251249,82.36665789787523,2
2026-09-01 01:19:12,3.4764083470687877,1146.2174758212557,70.17884887686668,8.537733873939521,85.4769634971967,2
2026-09-01 01:19:13,3.4593114755495624,1216.8291522729517,69.37700700311132,8.879078529939244,85.31306186012915,2
2026-09-01 01:19:14,3.4465243329155677,1177.115771916046,73.03460669974382,8.326582584820821,88.02719253384493,2
2026-09-01 01:19:15,3.529497145570882,1252.3356356887882,69.76009477457998,8.36555031737931,88.49833509710534,2
2026-09-01 01:19:16,3.3502742354821358,1238.6778853103406,68.99825004173152,8.405408949724261,87.35818010011425,2
2026-09-01 01:19:17,3.628093957666673,1175.214702671255,71.47359075335028,8.911659741829046,86.3690953401807,2
2026-09-01 01:19:18,3.433457770187054,1193.6667986326167,67.56807665222664,8.957758194135483,82.20441191206818,2
2026-09-01 01:19:19,3.5721903485438142,1172.4441879979686,72.59755948728461,8.159311007738992,82.18378012717562,2
2026-09-01 01:19:20,3.3730001402606122,1129.0283401727495,70.34753359338683,8.887958310279576,82.89335797113559,2
2026-09-01 01:19:21,3.5668840130546218,1157.127878522639,71.79438403307454,8.83976658599828,87.72623346935421,2
2026-09-01 01:19:22,3.5671944607814496,1209.910866386041,71.28820840559393,9.06818054523705,85.73050029526242,2
2026-09-01 01:19:23,3.5384202072005895,1216.2629749114792,71.11599065583944,8.725642519748025,88.15652227275724,2
2026-09-01 01:19:24,3.4005571478200207,1207.427395179632,76.87154066298388,8.604840082034546,88.59899879355083,2
2026-09-01 01:19:25,3.5249548189598077,1184.9133473020681,73.25040588847295,8.969691132097623,83.45277492973288,2
2026-09-01 01:19:26,3.381694381526561,1246.6533302860494,71.70734531966386,8.843805271584664,85.76689365334224,2
2026-09-01 01:19:27,3.4747236744903813,1203.177095228047,75.8041474427427,9.31561166638676,85.67172967465994,2
2026-09-01 01:19:28,3.6029413100955328,1235.1626914047974,70.15208520062501,8.937762503638698,84.7673876818781,2
2026-09-01 01:19:29,3.5796701927070744,1111.311243389874,72.4875302975666,8.704222551085333,84.18626222721666,2
2026-09-01 01:19:30,3.5015182942540433,1003.8799874190829,75.0786034968594,8.313934852053315,89.385097341064,2
2026-09-01 01:19:31,3.402519342407716,1214.189401391904,74.17199866396857,8.499899021015938,86.02678605101737,2
2026-09-01 01:19:32,3.564558771217419,1128.7617173139256,72.04448564210203,8.251395688773778,85.95034527659021,2
2026-09-01 01:19:33,3.5019381237698024,1189.3774148643472,69.4690347753972,8.62567157937193,83.54261792634516,2
2026-09-01 01:19:34,3.2679684401769578,1184.8951479487698,71.73746937780504,8.97601847616805,88.01662828223151,2
2026-09-01 01:19:35,3.5782629826316517,1279.3700301207768,72.87961087525929,8.705104879662052,83.01570852851698,2
2026-09-01 01:19:36,3.4975767166130307,1219.9998276471804,73.43863380633103,9.020731794842236,87.43578765760512,2
2026-09-01 01:19:37,3.6202451247983074,1208.2929513399336,64.0463009333391,8.823494342253927,87.5577991912766,2
2026-09-01 01:19:38,3.3904729481157196,1241.8495577316837,76.9381854557848,8.609302543304027,84.91360600318045,2
2026-09-01 01:19:39,3.1823296186804,1218.424879341952,70.17075538456254,8.764525784789228,87.14414743474073,2
2026-09-01 01:19:40,3.5279083858345186,1177.1161503505784,73.28620621948714,8.887875253562775,86.78823990836469,2
2026-09-01 01:19:41,3.529156367668197,1253.573796512728,74.66002331455076,8.79602127379334,86.15318939684082,2
2026-09-01 01:19:42,3.330932837239355,1144.5124936055863,69.89599743777885,8.807467530917837,86.35014325174701,2
2026-09-01 01:19:43,3.4021500454133395,1216.162359376678,75.71926700082487,8.539555237994257,86.53669682093191,2
2026-09-01 01:19:44,3.77552177437199,1122.6215102931844,72.38309954667167,8.648385398705614,86.78112640940753,2
2026-09-01 01:19:45,3.4694389385846196,1210.1971928757998,71.62881682825514,9.46382452513268,86.61215752546255,2
2026-09-01 01:19:46,3.5730958976376215,1209.6494820886464,76.37122261398315,9.162834241421358,83.15987890083504,2
2026-09-01 01:19:47,3.4349340172631617,1283.8227480957332,73.58226863613797,8.360150033259387,86.0548786584947,2
2026-09-01 01:19:48,3.2909697101146844,1121.751305327911,73.74821208592019,8.100219623058402,87.34639735514217,2
2026-09-01 01:19:49,3.4829741753204093,1169.9556412073093,73.42929836663542,8.841176044752935,86.88345777720947,2
2026-09-01 01:19:50,3.4734395439713897,1241.1341213287071,74.3750658959818,9.094368194654123,89.49288240981704,2
2026-09-01 01:19:51,3.460012176133163,1216.7658628198653,69.95405336751976,8.678351783107672,88.53193144017004,2
2026-09-01 01:19:52,3.4885359164493606,1209.0152525668752,73.00937630416816,9.148839960801723,84.1004831065523,2
2026-09-01 01:19:53,3.526426827164564,1152.193214852073,67.89074906073688,8.868246719852475,86.25187042758857,2
2026-09-01 01:19:54,3.4849883048746193,1170.4590825954285,71.37464734860106,8.809439974440266,85.85778183145023,2
2026-09-01 01:19:55,3.3735993832052635,1262.2520504111628,74.03698409204777,9.093200919218921,86.81878637195028,2
2026-09-01 01:19:56,3.548618479156194,1197.4245403123036,77.20792782628915,8.714811636503693,86.86292767235577,2
2026-09-01 01:19:57,3.3050628244677576,1218.7679848072237,72.15650628928097,8.796370485841287,88.74647691963146,2
2026-09-01 01:19:58,3.29496425427158,1194.240583561176,69.05713701624529,9.09144056902953,87.48393704137538,2
2026-09-01 01:19:59,3.573918049470157,1140.8457242375118,69.99979932421357,8.88897961727859,90.68362700761764,2
2026-09-01 01:20:00,3.5507020272135357,1246.6905213037498,72.64260247396699,9.479039288419727,87.75504144501912,2
2026-09-01 01:20:01,3.4942604634925964,1225.161619226625,76.06902189870709,9.12256203827122,84.58030051106024,2
2026-09-01 01:20:02,3.3604551495244928,1315.2818418683594,70.54060648252685,9.111066570922251,85.71027025160745,2
2026-09-01 01:20:03,3.4292089059325925,1149.2209310174728,74.30584451829287,8.915579036610911,88.96351936434743,2
2026-09-01 01:20:04,3.47372532523135,1241.128646060024,72.9586562653657,9.20086484145132,82.34968739867514,2
2026-09-01 01:20:05,3.3404106031425886,1134.42280169815,70.57996934578586,8.849664114605954,83.1945909879521,2
2026-09-01 01:20:06,3.426097134197677,1207.8673283836538,74.97830320435381,9.03916777981431,87.30436389364797,2
2026-09-01 01:20:07,3.565233033817668,1248.8253294531582,73.64319811940705,8.687574548361095,90.1650786678758,2
2026-09-01 01:20:08,3.6427305364289215,1096.3932441951756,71.50517247100375,9.282302888139647,91.27345864821699,2
2026-09-01 01:20:09,3.458056524734145,1189.7533762879195,71.67415982794934,9.065659887657016,86.74107515132708,2
2026-09-01 01:20:10,3.57564883543161,1171.839513297869,74.29148858033575,9.58124040559585,90.61491849339009,2
2026-09-01 01:20:11,3.3085939929412533,1164.9021350852438,74.06075270765959,9.712184009595422,87.68927620177917,2
2026-09-01 01:20:12,3.5659451241113613,1219.2606326129678,73.47040914382525,9.231498337932447,82.91826756578283,2
2026-09-01 01:20:13,3.419605158527252,1256.0342853211298,71.40397711967142,9.03103810387288,87.52832294311744,2
2026-09-01 01:20:14,3.530734561670797,1193.3360642385421,74.95931029012358,8.734699164880848,85.73586821872794,2
2026-09-01 01:20:15,3.475224758176029,1210.274321378001,78.69965785724904,9.297951467504173,90.38732527406586,2
2026-09-01 01:20:16,3.6320414009783835,1205.7154376529625,70.10568965873314,9.097619903703103,87.59564689160922,2
2026-09-01 01:20:17,3.412556435166008,1200.0901753178207,70.67259908414239,9.203952994288882,83.87897339304331,2
2026-09-01 01:20:18,3.562760629756183,1145.5328681143947,71.36197326655366,9.569486766787424,83.25360832002707,2
2026-09-01 01:20:19,3.4720492536703467,1255.4222300861447,71.76120223168301,8.811231571959555,87.72985292054943,2
2026-09-01 01:20:20,3.4841694521990334,1214.7597684079417,70.00192018906574,8.789275316022167,80.57218041845371,2
2026-09-01 01:20:21,3.481614610684079,1219.7440745001288,79.9311525164756,9.003646793063371,86.31837700338917,2
2026-09-01 01:20:22,3.4154326895505887,1159.674518548721,74.27992387981357,9.32894292750813,88.60600389014144,2
2026-09-01 01:20:23,3.4985901034093327,1177.038980100538,77.69254676260692,9.257050762654938,84.78190344078689,2
2026-09-01 01:20:24,3.493735177787818,1191.193290114461,76.32079851308694,8.829892045089867,90.97495446370898,2
2026-09-01 01:20:25,3.524124024840673,1123.2937653275574,72.44618310684237,9.333572476817352,91.60605268228511,2
2026-09-01 01:20:26,3.508450514569286,1115.5982837401161,73.88967832054183,8.754250768946637,85.02297021481722,2
2026-09-01 01:20:27,3.5797994549612238,1169.9626034680716,74.52735667014358,8.871300120317965,87.21898059052366,2
2026-09-01 01:20:28,3.592350861604737,1226.1260383221195,74.49951126653671,9.095993435473874,91.13723260711757,2
2026-09-01 01:20:29,3.39493766781722,1167.343130503503,70.58953300246915,8.972609264846072,88.18927059042792,2
2026-09-01 01:20:30,3.5868772500590773,1149.0597401204643,71.53786170146037,9.413604493241927,84.04979749893617,2
2026-09-01 01:20:31,3.3813663572890147,1159.2657173381165,75.8111705218264,9.240568199554984,87.84331006758022,2
2026-09-01 01:20:32,3.5587855888137736,1177.2328788427344,75.57949231149428,9.692331015950842,85.7545283464258,2
2026-09-01 01:20:33,3.561973878470287,1182.3070518589948,73.76485438698761,9.096515061064347,91.67794704263102,2
2026-09-01 01:20:34,3.3088683108337498,1308.276072610328,71.89580008717402,9.142018033366455,90.21118967636716,2
2026-09-01 01:20:35,3.509297924652941,1252.731031424366,72.33960224434807,9.549801469405216,87.49216259763655,2
2026-09-01 01:20:36,3.4531503886639685,1251.2387056140865,69.47767940571059,9.167418453757556,88.89991751106359,2
2026-09-01 01:20:37,3.4241234742064623,1258.429018213669,79.36512720878912,9.650904277014966,84.58914878259606,2
2026-09-01 01:20:38,3.6350852330699004,1150.0589565332975,75.367978997495,9.372959173826057,86.29222117788072,2
2026-09-01 01:20:39,3.4346320859362582,1138.881769250638,74.828163869767,8.512882777753111,93.25343115667107,2
2026-09-01 01:20:40,3.419362307088195,1144.6564854232972,70.50041367761305,9.579997850971566,88.79417759137263,2
2026-09-01 01:20:41,3.5075694940005095,1266.7253066668918,71.92536382759587,9.508552778670678,91.46393108804777,2
2026-09-01 01:20:42,3.5685589746298416,1172.6404105558754,80.57533151572126,9.528142524575905,89.4097529789378,2
2026-09-01 01:20:43,3.4858351413989874,1137.4321908880356,78.48480479858193,8.677457237187173,92.69659928284233,2
2026-09-01 01:20:44,3.616637054566925,1178.4501899890095,76.47764822091642,9.059861770377445,82.79728119599613,2
2026-09-01 01:20:45,3.553097566196409,1188.0697234142685,70.45829176850225,9.090155316699736,88.26918108177682,2
2026-09-01 01:20:46,3.282178868026857,1213.4206636847282,79.00163963837136,9.022438364506657,93.80821881252305,2
2026-09-01 01:20:47,3.447053303649299,1212.547551035602,76.23453980934725,9.805359542350963,91.78243422059585,2
2026-09-01 01:20:48,3.4438157900648303,1158.5909718063247,78.5870374738156,9.2872604394437,92.93007073032453,2
2026-09-01 01:20:49,3.5479360953429424,1234.2828196256855,75.73084372023786,9.287830516010047,88.97370021302453,2
2026-09-01 01:20:50,3.2375182943625886,1168.040323312492,68.13327241025958,9.47240929990154,87.4227147877939,2
2026-09-01 01:20:51,3.7549009708717724,1192.186183164748,69.01825117566452,9.48560531518163,85.99258069501029,2
2026-09-01 01:20:52,3.553102609489421,1234.3387035251678,75.3007750445526,8.322355009635073,85.82332983912958,2
2026-09-01 01:20:53,3.514887680391769,1167.908929802783,75.0317771045548,9.136923569686022,91.57533584077972,2
2026-09-01 01:20:54,3.6181567716419147,1171.532428820943,73.03259125765462,8.915002265501455,90.73382734545675,2
2026-09-01 01:20:55,3.7343654052812623,1229.5834024846565,74.83272741407129,9.466938674793294,89.03451388624316,2
2026-09-01 01:20:56,3.5870746644588403,1157.113341169749,74.30309163427604,9.26818713055464,90.79884623882933,2
2026-09-01 01:20:57,3.594881309647162,1180.7603988197964,76.41778183250374,9.367479132213244,89.7416695914705,2
2026-09-01 01:20:58,3.5130690024464384,1227.7871089021446,74.67862412118494,8.747314946203714,92.24100745855282,2
2026-09-01 01:20:59,3.485847424663305,1302.7046220717987,73.04308785919149,9.28592321147173,92.25245465911891,2
2026-09-01 01:21:00,3.4524204555995097,1230.2702252381373,76.85451560351594,9.721425962436731,86.2368121329799,2
2026-09-01 01:21:01,3.4173888008285456,1223.6319881495006,72.09417246741317,9.817729739825545,90.29541243688385,2
2026-09-01 01:21:02,3.43129859003005,1226.5400791836364,76.73738099458339,9.618561928765113,84.50791426393226,2
2026-09-01 01:21:03,3.3649444035657017,1146.3404862966474,73.681558898741,9.010271322876475,89.95361676882635,2
2026-09-01 01:21:04,3.492412854931498,1205.7798369339955,77.44246909015118,9.796739459816557,91.40750743369935,2
2026-09-01 01:21:05,3.331533242277361,1198.51167558318,75.49769856710452,9.64412760342693,85.69347660025515,2
2026-09-01 01:21:06,3.519091652414371,1216.0792270186378,77.78315989493812,9.399778224715574,88.42528646829217,2
2026-09-01 01:21:07,3.4963669391957657,1205.8254026237935,79.80008367489748,8.83543204859002,89.74329384637412,2
2026-09-01 01:21:08,3.514693529838669,1218.9849838708556,77.90321870838977,9.737029436149706,90.45649950387492,2
2026-09-01 01:21:09,3.447786842998001,1184.42664025504,78.08168077532355,9.281309059963945,88.9589836851203,2
2026-09-01 01:21:10,3.8076860370180503,1202.9304458685897,77.0633848201378,9.570816713283401,86.31797037762082,2
2026-09-01 01:21:11,3.636011590018031,1138.6085716971504,74.71732241576397,9.495493133165974,89.7128532691171,2
2026-09-01 01:21:12,3.375545749991528,1184.0046360998542,76.26887017685901,9.944501478314466,84.95818421409199,2
2026-09-01 01:21:13,3.52328680874269,1269.5416774088321,76.42698547248932,9.453380895191739,89.25703064490853,2
2026-09-01 01:21:14,3.4391993857062677,1215.9404169814127,74.63030727538543,9.494464921973215,88.67087415390421,2
2026-09-01 01:21:15,3.3985520273292584,1198.9539481308461,74.35629494874028,9.980591624150597,89.63223801471678,2
2026-09-01 01:21:16,3.3659927928876066,1294.8061638127174,77.84886364896649,9.317548341889959,88.39710914264802,2
2026-09-01 01:21:17,3.5432216690759253,1131.9582510849461,76.40803579365644,9.767319878445356,85.59207260064652,2
2026-09-01 01:21:18,3.4318619764930425,1144.527222227689,77.66054623581667,9.47144631416749,89.05612519338662,2
2026-09-01 01:21:19,3.5967826024025205,1285.6355705638136,77.45801571294098,9.23827645043756,92.98765557030715,2
2026-09-01 01:21:20,3.599378221453044,1202.2980468024466,76.83543018809469,9.54739534306331,94.01961764720164,2
2026-09-01 01:21:21,3.6373914385211448,1187.8708481855103,78.89300385071066,9.762566589137451,97.59327811143308,2
2026-09-01 01:21:22,3.4147613233925895,1140.0397837452178,77.86939897843828,9.969176015056016,95.3902665405083,2
2026-09-01 01:21:23,3.547536561069201,1222.3848133197505,78.17717445815302,10.013479266674775,86.76454157535105,2
2026-09-01 01:21:24,3.56324542166423,1227.2229934763732,78.14423453009516,9.49064985681142,89.17008259157743,2
2026-09-01 01:21:25,3.4525821824896035,1145.2752819582552,78.44042340133552,9.290912317477423,90.3670785309221,2
2026-09-01 01:21:26,3.4228228042607123,1192.9862207224785,80.04507359270792,9.49947342522185,90.21879597277439,2
2026-09-01 01:21:27,3.660952066577597,1183.2242083983467,72.75286934213203,9.248643877104056,90.7241155052042,2
2026-09-01 01:21:28,3.5227495875732053,1212.7988573209386,81.62228472888492,9.54589525128616,97.77832982019822,2
2026-09-01 01:21:29,3.563596775071174,1144.037487888968,72.37800378943084,9.516619534033191,87.3494409582184,2
2026-09-01 01:21:30,3.417792398817207,1262.5973727256578,76.42773800739627,9.845374188374157,88.49504222699274,2
2026-09-01 01:21:31,3.3780715533477808,1245.7911890798803,75.4969574090008,8.973354581160821,95.60715346594296,2
2026-09-01 01:21:32,3.443055022550789,1181.8412220633593,73.579379215564,9.423060759317151,88.86777168646117,2
2026-09-01 01:21:33,3.4875978612610004,1189.1790644180815,73.32128218329203,9.433495659818576,91.9364977067629,2
2026-09-01 01:21:34,3.393577999318265,1193.1788924861191,76.25163178842594,10.015297334881566,93.89976790540042,2
2026-09-01 01:21:35,3.4990155191349617,1161.0845723496748,78.03675715364261,9.333013853946863,92.29533288603193,2
2026-09-01 01:21:36,3.33114948119315,1177.8285290882482,78.59154576742206,9.743172383069872,91.45117277518335,2
2026-09-01 01:21:37,3.387995257753013,1186.4864816162697,75.39546445474329,9.644744658857249,93.73174822499787,2
2026-09-01 01:21:38,3.5670911248276873,1280.6434185353564,74.00465915475347,10.004103949242104,88.27675028644104,2
2026-09-01 01:21:39,3.5603790520277894,1247.3309154165217,79.48739862799508,9.877948758552364,89.506906607508,2
2026-09-01 01:21:40,3.4608123234613135,1246.732735366831,74.42766222927757,9.743580326753321,92.64294880143153,2
2026-09-01 01:21:41,3.3982235690923046,1218.4962806502194,77.9673195644302,9.548815152838795,84.86775829843333,2
2026-09-01 01:21:42,3.397259644847399,1144.1336495534383,74.30462888983783,9.16752047229026,95.36586758615019,2
2026-09-01 01:21:43,3.4626731754058686,1197.925444771131,71.5964801762439,9.805356927937453,92.06633328174951,2
2026-09-01 01:21:44,3.564451849164529,1248.524422980669,71.8932325609386,9.898386178798201,91.65529145453965,2
2026-09-01 01:21:45,3.5928245691344323,1137.0867685316357,76.07740565176871,9.274786963504852,86.34469760331307,2
2026-09-01 01:21:46,3.450346826451803,1231.8276603436632,79.94501000653285,9.38514700595669,87.41644890007706,2
2026-09-01 01:21:47,3.3846507574015217,1316.1304612631384,77.14885148836227,9.838962255274765,90.12056532341373,2
2026-09-01 01:21:48,3.5267843637866334,1253.0908322994867,78.3644797826856,9.873013777133632,93.77864590724315,2
2026-09-01 01:21:49,3.4176465029374152,1270.7014567780993,73.06775967054794,9.482085086251661,85.16654835980064,2
2026-09-01 01:21:50,3.44817473611388,1210.9169375221081,76.35316371325604,9.615067873216876,93.80153083876851,2
2026-09-01 01:21:51,3.632527609043704,1248.3965974382495,71.69433114902994,9.244348643724168,90.39638250415138,2
2026-09-01 01:21:52,3.582711542856577,1164.1073392822982,85.21750723465001,10.216482474447274,90.84624609829156,2
2026-09-01 01:21:53,3.515797431225145,1239.7931906170613,77.29189500253055,9.421348989100775,92.31733538162898,2
2026-09-01 01:21:54,3.3728080998887275,1232.7194067030382,77.95582625040295,9.981997136693884,92.40454831013582,2
2026-09-01 01:21:55,3.521139656747066,1214.495558701883,76.28120087206018,9.816839118481314,89.49935086682684,2
2026-09-01 01:21:56,3.6062657290787525,1265.800370985925,79.10074998942459,10.222213421222763,93.5514069420832,2
2026-09-01 01:21:57,3.4624366334234464,1173.0607581076306,80.88530269180637,9.605667115510915,84.75852229702741,2
2026-09-01 01:21:58,3.6351114089986716,1190.6471241763168,74.11633085664235,9.869727164453467,90.40550009705379,2
2026-09-01 01:21:59,3.6292745289518207,1204.7731020679148,75.03326193844737,9.349831286588154,92.25784208632751,2
2026-09-01 01:22:00,3.666373283214347,1148.51945144553,77.59772870897716,9.285809316285441,90.80198889119342,2
2026-09-01 01:22:01,3.530524312653135,1211.3465971900123,75.48087786174952,10.054275450535018,86.39614596497893,2
2026-09-01 01:22:02,3.5587391699806012,1114.0534793523077,75.72274164045197,9.347875631662472,94.19099905319834,2
2026-09-01 01:22:03,3.641418728833109,1252.3477267214105,83.53548886273435,9.822926131061031,88.21179352057581,2
2026-09-01 01:22:04,3.5447393937068976,1202.3318683282982,78.41459371728331,10.202788033791276,91.79445497441213,2
2026-09-01 01:22:05,3.449876589220979,1173.9553548048118,73.80030454596186,10.131412864235811,92.4961408282399,2
2026-09-01 01:22:06,3.455145716347214,1158.281319385244,76.80718244649539,9.716039769030838,92.13655853837318,2
2026-09-01 01:22:07,3.523855495377374,1188.2710485190407,81.52752549981022,9.446872482500972,95.62414989470857,2
2026-09-01 01:22:08,3.3709438578053783,1234.4129855386207,76.67915967342694,10.084279889928089,91.99736947717611,2
2026-09-01 01:22:09,3.4856741084635807,1227.386948936878,77.76138043522613,10.342116474297494,93.47956341128801,2
2026-09-01 01:22:10,3.6096547118230253,1164.7231026360769,82.75438823715677,9.74877602384776,92.06952513778351,2
2026-09-01 01:22:11,3.280874614883472,1157.6980163686183,72.61836457886963,9.71446159793332,94.1161455297761,2
2026-09-01 01:22:12,3.6534482101794516,1232.8449353159824,80.1247004674572,9.805992874602763,96.49780320845989,2
2026-09-01 01:22:13,3.612237421870316,1163.8826297692485,79.59564575824217,10.142954084713606,92.76998284577394,2
2026-09-01 01:22:14,3.454023538416952,1202.995488703975,81.62055525805691,10.348034761403953,94.74294847014639,2
2026-09-01 01:22:15,3.554339082787181,1206.1877321262139,79.43504913353591,9.615605444073331,96.80342424208403,2
2026-09-01 01:22:16,3.5003147726906327,1215.603106586337,78.30137466047702,9.546010952698099,96.54903021840029,2
2026-09-01 01:22:17,3.6229990368438685,1242.9135215090937,79.75882720010259,10.705502400083237,91.36164930668389,2
2026-09-01 01:22:18,3.5982683142769942,1136.8518531566338,80.06199867027092,9.9583146751445,95.66685462479306,2
2026-09-01 01:22:19,3.359992927681699,1104.4420337369756,78.28533128133321,10.095387358226613,93.34391107773918,2
2026-09-01 01:22:20,3.5587262413464176,1171.6276359385824,77.02239703445599,9.819948275342236,95.98932763083937,2
2026-09-01 01:22:21,3.4794372146356753,1290.0764203916092,78.05976012901843,10.18252422837135,94.38358142836653,2
2026-09-01 01:22:22,3.50828325705181,1301.1087050043689,75.02026083627676,10.331561805954,93.54472194582628,2
2026-09-01 01:22:23,3.4271828099030186,1291.5588567782943,73.95363405207496,10.14149040302343,94.05967399879682,2
2026-09-01 01:22:24,3.6748137069120834,1190.3509316119655,78.87532505393975,10.58181698266389,93.56351166591459,2
2026-09-01 01:22:25,3.6040061819902576,1110.8942459007585,81.2104449001671,9.969544190585239,93.72083697324737,2
2026-09-01 01:22:26,3.426022883602703,1082.848044917408,78.96268734937127,9.996710833664963,92.40138079613214,2
2026-09-01 01:22:27,3.3665389393089766,1169.2980919225295,74.53511832060994,10.153005488966809,92.16274489609538,2
2026-09-01 01:22:28,3.461432736902215,1190.096318492532,79.53614717291593,10.231080085243422,98.24748274607597,2
2026-09-01 01:22:29,3.5434502646091306,1265.031270052798,79.99184472323842,10.167983778218382,94.43058173133156,2
2026-09-01 01:22:30,3.524020584394622,1243.3902729771223,79.78150057924947,9.72228309952108,91.31812327134384,2
2026-09-01 01:22:31,3.6253132824768244,1211.370253949581,78.34354612799726,10.209370165474283,92.24582578378914,2
2026-09-01 01:22:32,3.5789919722180854,1155.507761452943,76.04512885787287,10.011371548182591,96.28689347846196,2
2026-09-01 01:22:33,3.5969569025752905,1151.9610220877555,74.2682555790555,9.957338527409238,90.9495980278923,2
2026-09-01 01:22:34,3.5326855400610437,1212.7063843535718,81.04492370545285,10.149384256065613,88.75211515276516,2
2026-09-01 01:22:35,3.361070126978901,1234.8525489419862,78.39007682572007,9.859190841448884,89.0128908164321,2
2026-09-01 01:22:36,3.48043014688531,1219.5940631122792,82.02462697525216,9.815038258493686,88.09135147766392,2
2026-09-01 01:22:37,3.6060089739908667,1148.2701020196673,78.38989922703772,9.379022975662508,89.42187374352494,2
2026-09-01 01:22:38,3.4948477071475352,1232.5333814396042,78.34869456203747,10.69584287022464,89.81576053895593,2
2026-09-01 01:22:39,3.550309036862375,1221.2955483550707,77.0103398267681,10.34639907541058,97.55411053722281,2
2026-09-01 01:22:40,3.4681251684753867,1146.466679690491,79.12130109933767,10.152658451295796,93.29990080046063,2
2026-09-01 01:22:41,3.3970188151458154,1160.7839514849873,76.94907071198517,9.9955287246297,92.38868786106832,2
2026-09-01 01:22:42,3.487665593595389,1234.4247987280783,77.14735608284411,9.340894019089777,89.1882793294628,2
2026-09-01 01:22:43,3.5309047443032653,1188.2746232427055,79.99069563466547,9.993153048845267,93.12917936614454,2
2026-09-01 01:22:44,3.434431228053856,1279.457365081823,80.69985755512192,10.434479620868942,88.38661441090602,2
2026-09-01 01:22:45,3.4764288755143333,1225.0564638032288,79.20579323178926,10.510380018805888,92.53038712477954,2
2026-09-01 01:22:46,3.4060536758014015,1175.6684405905366,77.22365461612848,10.428423333816726,99.8721618482097,2
2026-09-01 01:22:47,3.6119244917564095,1199.4897199804534,84.93641986270866,10.291261330469483,95.71012945483781,2
2026-09-01 01:22:48,3.4705544242411968,1203.169169631886,75.71182570859746,10.642913995531165,93.12936427769517,2
2026-09-01 01:22:49,3.6452755545126183,1163.5804843379144,82.88556140322711,10.161198593133198,95.89316961501787,2
2026-09-01 01:22:50,3.652874785054091,1154.3705900911186,77.26373084336531,10.593324442608075,92.27420930445614,2
2026-09-01 01:22:51,3.491895403527826,1235.069494690475,76.25246740754798,10.16040104265971,91.47684565024132,2
2026-09-01 01:22:52,3.399155126745265,1242.2636648521047,81.87261701977778,10.019441391120456,99.03130780751745,2
2026-09-01 01:22:53,3.2914102122266664,1230.189073477648,78.9150806687205,9.990077897665035,90.53213499719814,2
2026-09-01 01:22:54,3.3527962926973207,1275.76590471619,81.08873602510565,9.980450873447914,92.93663529196695,2
2026-09-01 01:22:55,3.362616517510134,1172.91133819942,76.27048928106167,10.505528216448553,94.95713888612957,2
2026-09-01 01:22:56,3.6378469627461505,1283.7135383035566,79.5409451431127,10.092992144486692,91.27037646180673,2
2026-09-01 01:22:57,3.5115824587226947,1154.9539440722924,76.58812324356312,10.01391517031334,96.07093398001335,2
2026-09-01 01:22:58,3.538960452409199,1149.3657218315755,74.08838957116316,10.54595239773024,93.23937558523241,2
2026-09-01 01:22:59,3.2779578991064873,1112.0020558925376,80.15661420542355,10.43823095698151,96.19093018189977,2
2026-09-01 01:23:00,3.380203357078274,1177.7102343086592,74.41754905846292,10.636625442701588,95.99719177849079,2
2026-09-01 01:23:01,3.5887079776446287,1174.8138831585272,81.17660386097552,10.509635709237696,93.5502428874018,2
2026-09-01 01:23:02,3.5286774112382586,1226.2968640127326,74.1845157405291,10.13793038980467,99.45129533709228,2
2026-09-01 01:23:03,3.4852794721314404,1212.1945470810226,88.20182776266552,10.394702596812449,92.36335194905904,2
2026-09-01 01:23:04,3.556484235860012,1140.351331449043,78.23679968678499,10.417419777110783,98.44601081104561,2
2026-09-01 01:23:05,3.6635797806135817,1180.3636880787092,81.99924846131748,10.112140290345687,97.96423916732357,2
2026-09-01 01:23:06,3.477895753646295,1181.4268989456157,85.60536505911105,10.064508403667698,99.7921261024608,2
2026-09-01 01:23:07,3.506936980265807,1111.2008876519053,81.81480724494517,10.199687421168592,95.04168763754859,2
2026-09-01 01:23:08,3.5192596918731307,1150.9526636493315,79.29134966732097,11.022886618913535,92.1938024237756,2
2026-09-01 01:23:09,3.739210963527399,1161.4593184692956,78.80917712166942,10.296096691653455,100.82998935558824,2
2026-09-01 01:23:10,3.2900643735580974,1271.6812509910474,81.25353136654076,10.797787965343943,93.63553523571055,2
2026-09-01 01:23:11,3.5683223014788807,1209.5725357978677,80.12811935629665,10.295337783091997,92.23905196156306,2
2026-09-01 01:23:12,3.4885197751240935,1233.108437697375,80.48106086368938,10.710595589805942,94.15035948200529,2
2026-09-01 01:23:13,3.556677172618418,1125.0682251425394,79.64754287682749,10.722699448619306,91.81468761128852,2
2026-09-01 01:23:14,3.4342627446005274,1259.7107241506997,77.71256016096008,10.745737112345573,96.37824627516983,2
2026-09-01 01:23:15,3.495103496914155,1265.0551031512045,77.54975102301927,10.584316170570656,93.0228346945643,2
2026-09-01 01:23:16,3.5711410579465497,1100.0827516427687,83.46715377425974,10.88918594961032,94.01742737016527,2
2026-09-01 01:23:17,3.811291020104384,1164.7341638042076,84.4671803303184,10.597490174789803,97.82325650491481,2
2026-09-01 01:23:18,3.580803618940207,1224.7882786507755,74.99089885652315,11.006050910794077,96.83103959048853,2
2026-09-01 01:23:19,3.415193440196949,1232.219422676909,79.08602749705054,10.01402405904347,95.04675371770898,2
